date,AAPL,MSFT,GOOGL,AMZN,META,NVDA,TSLA,PLTR,AVGO,MU,GEV,VRT,BE,LITE,000660,005930,UNH,LLY,ISRG,ABBV,REGN,JPM,V,MA,BLK,SPGI,GS,COST,HD,PG,MCD,WMT,CAT,HON,DE,UNP,LMT,ETN,XOM,LNG,FCX,LIN,NEE,AMT,EQIX,TMUS,PLD,AMD,CRM,NFLX,TER,GLW,JNJ,WFC,MPC,LRCX,AMAT,PANW,FN,MPWR,BAC,CSCO,INTC,ORCL,TSM
2018-11-26,0.082386,0.081815,0.072742,0.076876,0.039024,0.009282,0.005908,0.001104,0.009673,0.004124,0.003787,8.4e-05,0.00016,0.000271,0.004546,0.024085,0.025458,0.011836,0.005714,0.012898,0.003801,0.036124,0.032753,0.0197,0.006562,0.004425,0.007398,0.009561,0.019071,0.022774,0.014095,0.027706,0.007322,0.010541,0.004763,0.010458,0.00835,0.003236,0.032404,0.001552,0.001598,0.008619,0.008412,0.007077,0.003055,0.005693,0.004249,0.001995,0.00951,0.011335,0.000653,0.00251,0.037697,0.024748,0.004408,0.002265,0.003519,0.001597,0.000186,0.000535,0.026892,0.02037,0.021531,0.018179,0.018995
2018-12-25,0.078361,0.08182,0.076661,0.073906,0.040155,0.008718,0.005705,0.001249,0.010709,0.003659,0.004284,9.5e-05,0.000122,0.000314,0.004395,0.023151,0.025203,0.012718,0.005585,0.014237,0.004146,0.034459,0.033141,0.020286,0.006417,0.004487,0.006733,0.009412,0.020089,0.024478,0.014763,0.028041,0.007761,0.010393,0.004922,0.010624,0.007844,0.003161,0.031193,0.001598,0.001594,0.009182,0.009035,0.007608,0.003065,0.005801,0.004052,0.001871,0.010439,0.01147,0.000583,0.002518,0.037052,0.023082,0.00422,0.002152,0.003125,0.001813,0.000194,0.000509,0.025088,0.020367,0.022374,0.017231,0.020583
2019-01-23,0.072716,0.082379,0.074999,0.080098,0.041481,0.009096,0.004933,0.001109,0.010476,0.003834,0.003805,8.5e-05,0.000131,0.000341,0.004308,0.022213,0.025658,0.012569,0.006045,0.013289,0.004337,0.034105,0.033129,0.020461,0.006435,0.004701,0.00753,0.009331,0.019957,0.023697,0.014329,0.028644,0.00777,0.010407,0.005036,0.011358,0.008054,0.003037,0.030152,0.00161,0.001782,0.008752,0.008563,0.007294,0.002933,0.005745,0.004186,0.001977,0.011442,0.014025,0.000572,0.002343,0.034503,0.022935,0.004475,0.002143,0.003285,0.00195,0.000191,0.000507,0.027931,0.020415,0.021854,0.017651,0.018902
2019-02-21,0.07715,0.080289,0.073165,0.076086,0.043688,0.009029,0.004811,0.001062,0.010644,0.004453,0.003643,8.2e-05,0.000135,0.000346,0.004746,0.023823,0.02445,0.012154,0.006021,0.01133,0.004376,0.033547,0.031306,0.02152,0.006562,0.004712,0.007191,0.009068,0.020724,0.023875,0.01348,0.027619,0.007645,0.010642,0.004983,0.011766,0.00823,0.003303,0.031514,0.001606,0.001805,0.008952,0.008533,0.007437,0.003275,0.00597,0.004408,0.0023,0.01168,0.014907,0.000705,0.002596,0.034495,0.021717,0.004273,0.00261,0.003526,0.002053,0.000198,0.00055,0.027089,0.020804,0.022113,0.017888,0.019336
2019-03-22,0.083524,0.083262,0.077765,0.080372,0.043486,0.009973,0.004236,0.00103,0.010741,0.004271,0.003532,8e-05,0.000124,0.000373,0.004545,0.022797,0.021982,0.012317,0.006003,0.010908,0.00397,0.030285,0.032258,0.02195,0.006115,0.004736,0.006673,0.009689,0.019767,0.023579,0.013256,0.026473,0.006925,0.010523,0.004605,0.010765,0.007709,0.003108,0.031599,0.001613,0.001636,0.008684,0.008598,0.00792,0.003504,0.005668,0.004281,0.002644,0.011545,0.014614,0.000638,0.002468,0.033801,0.020344,0.003823,0.002539,0.003509,0.002106,0.000176,0.000556,0.024138,0.021525,0.022206,0.016721,0.01944
2019-04-22,0.08536,0.084041,0.076983,0.082195,0.045859,0.010151,0.004017,0.000983,0.011036,0.004251,0.003371,7.6e-05,0.00013,0.000406,0.004544,0.020992,0.019142,0.010586,0.005018,0.010225,0.003231,0.032656,0.032269,0.02207,0.006345,0.00473,0.00687,0.009477,0.019987,0.023472,0.013104,0.026002,0.007253,0.010846,0.004768,0.011134,0.007891,0.003189,0.03106,0.001515,0.001751,0.00874,0.00807,0.007523,0.003328,0.005548,0.004196,0.002698,0.010887,0.014601,0.000687,0.002387,0.032484,0.018873,0.003639,0.002637,0.00368,0.001997,0.000197,0.000582,0.025637,0.021951,0.023421,0.016522,0.020725
2019-05-21,0.078897,0.089359,0.073486,0.084039,0.048484,0.008678,0.003357,0.001021,0.010015,0.003625,0.0035,8e-05,0.000128,0.000324,0.003938,0.019819,0.021828,0.010401,0.00513,0.010988,0.003123,0.033307,0.03405,0.023969,0.006271,0.004908,0.00692,0.010103,0.019401,0.024518,0.014022,0.026642,0.006566,0.011342,0.004065,0.011386,0.00893,0.003107,0.029647,0.001588,0.00138,0.00934,0.008754,0.00805,0.003743,0.006057,0.00459,0.002718,0.011091,0.014234,0.000692,0.002187,0.033699,0.019134,0.003244,0.002575,0.003601,0.001973,0.000158,0.000487,0.025068,0.022234,0.018291,0.017013,0.018729
2019-06-19,0.081753,0.093368,0.068784,0.084388,0.048059,0.008374,0.003622,0.000997,0.009919,0.003373,0.003421,7.8e-05,0.000124,0.000341,0.003735,0.02067,0.021351,0.010046,0.005411,0.010303,0.00306,0.032017,0.034659,0.023835,0.006313,0.005097,0.006644,0.010412,0.020545,0.024871,0.014025,0.028101,0.006707,0.011463,0.004553,0.010547,0.009025,0.003038,0.028617,0.001547,0.001458,0.009777,0.00887,0.00858,0.003859,0.006005,0.004759,0.002962,0.010724,0.014272,0.0007,0.002304,0.033486,0.018423,0.002955,0.002442,0.003575,0.001802,0.000163,0.000496,0.02418,0.021576,0.018923,0.016167,0.018348
2019-07-18,0.08248,0.091119,0.069394,0.08488,0.04996,0.009034,0.003936,0.000968,0.010055,0.004298,0.00332,7.6e-05,0.000113,0.000363,0.004021,0.020351,0.021587,0.009168,0.0054,0.008795,0.002897,0.032424,0.035583,0.024642,0.0064,0.005174,0.007072,0.010845,0.020566,0.02524,0.01437,0.028546,0.006724,0.010905,0.00451,0.010701,0.008773,0.002916,0.027601,0.001508,0.00141,0.009634,0.008865,0.008039,0.003753,0.005806,0.004671,0.003111,0.010669,0.012394,0.000692,0.002268,0.030565,0.017651,0.003197,0.002591,0.00393,0.00186,0.000168,0.000548,0.024007,0.021544,0.019488,0.016899,0.019524
2019-08-16,0.084687,0.094324,0.074147,0.080466,0.04756,0.008818,0.003575,0.001008,0.00989,0.004362,0.003457,8e-05,5.4e-05,0.000408,0.004166,0.019631,0.021129,0.009683,0.005182,0.008644,0.002959,0.031256,0.03637,0.02526,0.005884,0.005737,0.006736,0.010939,0.020334,0.027063,0.015056,0.029271,0.005944,0.010775,0.004293,0.010629,0.009661,0.002947,0.026225,0.001398,0.001198,0.009262,0.009458,0.008956,0.004247,0.006029,0.00486,0.003072,0.011429,0.012031,0.000817,0.001958,0.03146,0.017749,0.002761,0.002688,0.003961,0.001736,0.000186,0.000594,0.022832,0.018242,0.018694,0.016223,0.01955
2019-09-16,0.086958,0.091086,0.074718,0.078251,0.046489,0.009603,0.003806,0.000972,0.010019,0.004844,0.003333,7.7e-05,4.3e-05,0.000398,0.00428,0.020795,0.01944,0.009304,0.005281,0.009133,0.002748,0.03334,0.034653,0.024332,0.005893,0.005377,0.007075,0.01111,0.022136,0.026224,0.013783,0.028764,0.006555,0.010465,0.004535,0.010416,0.009703,0.003178,0.027298,0.001479,0.001329,0.008918,0.009337,0.008397,0.004082,0.005949,0.004848,0.002929,0.011742,0.011275,0.000862,0.002053,0.029916,0.018884,0.003019,0.002971,0.004116,0.001832,0.000178,0.000607,0.024541,0.018559,0.020235,0.015291,0.02024
2019-10-15,0.09155,0.09306,0.074178,0.075262,0.046392,0.010295,0.003977,0.000956,0.009914,0.004414,0.003279,7.6e-05,3e-05,0.000362,0.004293,0.021723,0.019465,0.009117,0.005241,0.009484,0.002873,0.033021,0.034604,0.02433,0.005914,0.005374,0.006615,0.011294,0.022214,0.02525,0.013548,0.029268,0.006346,0.010136,0.00468,0.009895,0.009305,0.002969,0.025286,0.001393,0.001189,0.009083,0.009574,0.008545,0.004174,0.005866,0.004987,0.002871,0.011532,0.010714,0.000903,0.001985,0.030181,0.018416,0.00363,0.003018,0.004208,0.001775,0.000163,0.000538,0.023824,0.016943,0.020079,0.015924,0.022497
2019-11-13,0.097493,0.093236,0.074222,0.072112,0.045708,0.010538,0.005176,0.000921,0.010323,0.004252,0.00316,7.3e-05,5.1e-05,0.000434,0.004314,0.022269,0.019931,0.008985,0.005279,0.010632,0.003173,0.033433,0.033312,0.023274,0.006219,0.005244,0.00672,0.011049,0.021334,0.024962,0.012184,0.028548,0.006625,0.010786,0.004589,0.01011,0.009073,0.003114,0.024151,0.001295,0.001305,0.009262,0.009242,0.007729,0.003826,0.005535,0.004742,0.003467,0.011831,0.010294,0.000913,0.00187,0.028663,0.018699,0.003461,0.003279,0.004378,0.001957,0.000183,0.000578,0.02447,0.017062,0.020892,0.015308,0.022752
2019-12-12,0.097496,0.094495,0.075229,0.070547,0.045353,0.011084,0.00524,0.000898,0.01051,0.004566,0.003079,7.7e-05,5.9e-05,0.000468,0.004135,0.02167,0.021719,0.009445,0.005427,0.010606,0.003303,0.034992,0.032957,0.023829,0.006265,0.00534,0.006748,0.010618,0.018696,0.025111,0.01195,0.027465,0.006557,0.010245,0.004424,0.009832,0.008756,0.003156,0.024057,0.001224,0.001532,0.009115,0.009241,0.007508,0.003776,0.005179,0.004672,0.003834,0.01137,0.010572,0.0009,0.001818,0.030068,0.018584,0.003097,0.003339,0.004507,0.001797,0.000188,0.00061,0.025215,0.015661,0.020236,0.014983,0.024569
2020-01-10,0.104569,0.094603,0.075771,0.071762,0.047796,0.011493,0.006624,0.000854,0.009149,0.004839,0.002928,7.7e-05,8.3e-05,0.000476,0.004764,0.023502,0.021491,0.010184,0.005318,0.010123,0.003219,0.032803,0.033248,0.024129,0.006077,0.005428,0.006872,0.010092,0.018799,0.023762,0.011998,0.025379,0.006207,0.009813,0.004196,0.009494,0.008972,0.003018,0.022485,0.001248,0.001439,0.008632,0.00915,0.007858,0.003893,0.005195,0.004476,0.004123,0.012285,0.011084,0.000875,0.00178,0.029344,0.017066,0.003005,0.003282,0.004324,0.001791,0.000184,0.000591,0.024018,0.015367,0.019706,0.013424,0.023462
2020-02-10,0.103122,0.105198,0.075999,0.077861,0.044514,0.011796,0.01019,0.000814,0.009161,0.004668,0.002792,0.000313,8.7e-05,0.000487,0.004441,0.022004,0.019932,0.01024,0.004973,0.01027,0.003114,0.031665,0.033581,0.024378,0.006349,0.005312,0.006425,0.01016,0.019238,0.022837,0.011769,0.023967,0.005441,0.009267,0.003882,0.009343,0.009088,0.003118,0.018595,0.001018,0.001294,0.008482,0.009735,0.007912,0.003826,0.005309,0.005256,0.00448,0.012295,0.011935,0.000867,0.00154,0.029295,0.014476,0.002621,0.003412,0.004236,0.001777,0.000178,0.000589,0.022467,0.015196,0.020812,0.012929,0.021674
2020-03-10,0.104816,0.102756,0.073737,0.079065,0.042642,0.013414,0.009975,0.000932,0.008817,0.004464,0.003198,0.000306,8.9e-05,0.000487,0.004564,0.022935,0.022298,0.011336,0.005232,0.01087,0.004388,0.025988,0.034097,0.023675,0.005966,0.005305,0.0056,0.011471,0.020669,0.024992,0.012508,0.028533,0.004918,0.009673,0.004081,0.008508,0.008691,0.003091,0.015424,0.000845,0.001096,0.007884,0.010498,0.009068,0.004378,0.006114,0.005137,0.004456,0.012123,0.013414,0.000826,0.00155,0.031349,0.012075,0.001884,0.003514,0.00433,0.001402,0.000173,0.000613,0.017294,0.01427,0.019383,0.013082,0.023733
2020-04-08,0.099565,0.107416,0.071048,0.086988,0.042486,0.013983,0.008642,0.00095,0.008927,0.004593,0.003258,0.000239,6.3e-05,0.000496,0.004308,0.020319,0.021728,0.011968,0.005063,0.009921,0.004821,0.02457,0.033277,0.023291,0.005971,0.005389,0.005448,0.011555,0.017897,0.024309,0.011316,0.029513,0.005994,0.008423,0.003937,0.008683,0.008712,0.00282,0.015872,0.000793,0.000996,0.008501,0.009774,0.009453,0.004854,0.009131,0.005584,0.004886,0.011567,0.013927,0.000895,0.001342,0.032301,0.01059,0.001351,0.00332,0.004041,0.001502,0.000187,0.000662,0.017498,0.015139,0.021592,0.01406,0.022296
2020-05-07,0.104761,0.110794,0.074472,0.093971,0.047896,0.014923,0.011515,0.000884,0.008518,0.004123,0.003031,0.000284,7.8e-05,0.000475,0.003897,0.018925,0.021508,0.011642,0.004973,0.009896,0.005013,0.022112,0.032059,0.022242,0.006106,0.005666,0.005161,0.010717,0.019612,0.022097,0.010717,0.027485,0.004621,0.007416,0.003394,0.008435,0.008403,0.002555,0.014885,0.000867,0.001036,0.007723,0.008743,0.008299,0.004618,0.00937,0.005306,0.004842,0.012153,0.015277,0.000824,0.001269,0.030942,0.008224,0.001593,0.00286,0.003745,0.001691,0.000172,0.000723,0.015768,0.013961,0.019936,0.0132,0.021596
2020-06-05,0.105374,0.104111,0.072047,0.090826,0.048219,0.016093,0.012049,0.000815,0.009297,0.004382,0.002794,0.000337,7.5e-05,0.000437,0.003998,0.020128,0.02169,0.010466,0.00507,0.01213,0.004483,0.024856,0.032277,0.022958,0.006222,0.00589,0.005685,0.010104,0.020106,0.021484,0.010751,0.025247,0.005363,0.008306,0.003825,0.009198,0.008448,0.002799,0.016459,0.000937,0.001156,0.008523,0.009131,0.008612,0.004372,0.009165,0.005314,0.004561,0.011489,0.013534,0.000933,0.001489,0.028461,0.009514,0.001982,0.003246,0.004046,0.001637,0.000179,0.000772,0.017885,0.014811,0.019978,0.012484,0.020994
2020-07-06,0.112986,0.111413,0.071281,0.106319,0.047772,0.016877,0.017742,0.000774,0.00894,0.003945,0.002656,0.00032,0.000103,0.00044,0.003651,0.019146,0.020024,0.01113,0.004754,0.012167,0.004478,0.020184,0.030404,0.021386,0.005926,0.005728,0.005143,0.00959,0.018715,0.020996,0.009773,0.023477,0.004885,0.007205,0.003495,0.008146,0.00709,0.002479,0.013087,0.00089,0.001291,0.008227,0.008428,0.008221,0.00446,0.009243,0.005045,0.004361,0.012422,0.015143,0.001019,0.001423,0.026266,0.007287,0.001649,0.00339,0.004055,0.001587,0.000165,0.000755,0.014313,0.013667,0.017578,0.012111,0.022377
2020-08-04,0.124802,0.107405,0.066483,0.104617,0.047359,0.018379,0.01844,0.000739,0.008788,0.003792,0.002535,0.000332,0.000125,0.000476,0.003311,0.019063,0.019256,0.009855,0.005322,0.011073,0.004418,0.019377,0.028187,0.020942,0.005792,0.005545,0.004773,0.009983,0.019171,0.02204,0.009864,0.024807,0.004737,0.00688,0.003708,0.007845,0.007031,0.00252,0.01223,0.000874,0.001251,0.008527,0.009287,0.007679,0.004675,0.008935,0.00532,0.006644,0.012075,0.014956,0.000989,0.001581,0.025792,0.00664,0.001632,0.003723,0.003955,0.001636,0.00018,0.000824,0.014419,0.013393,0.013904,0.011435,0.027673
2020-09-02,0.134261,0.104734,0.070019,0.105679,0.051485,0.021154,0.024905,0.000664,0.009011,0.003175,0.002276,0.000326,0.000131,0.000393,0.00277,0.016366,0.018182,0.008546,0.005349,0.009906,0.003878,0.018508,0.028491,0.021572,0.005539,0.005448,0.004462,0.009466,0.01847,0.020899,0.009613,0.025002,0.004829,0.007231,0.004065,0.00796,0.006648,0.002523,0.0099,0.000818,0.001412,0.008171,0.008433,0.006797,0.004231,0.008791,0.004731,0.006328,0.015043,0.014566,0.000877,0.001534,0.024197,0.006048,0.001361,0.003156,0.003551,0.001484,0.000151,0.000759,0.013469,0.010701,0.013276,0.010822,0.025459
2020-10-01,0.12783,0.102898,0.064817,0.103261,0.048612,0.021504,0.026726,0.000998,0.009542,0.003407,0.002438,0.000376,0.000147,0.000372,0.003346,0.019011,0.019041,0.008832,0.005321,0.009842,0.003868,0.018913,0.028668,0.021998,0.005542,0.00561,0.004519,0.010123,0.019126,0.022185,0.010457,0.025948,0.005084,0.007351,0.004393,0.008438,0.006814,0.002576,0.008965,0.000748,0.001445,0.007826,0.008861,0.006874,0.004355,0.009168,0.00495,0.006376,0.014761,0.014889,0.000864,0.001586,0.024823,0.006212,0.001154,0.003149,0.003545,0.001545,0.000148,0.000806,0.013363,0.010512,0.014219,0.0115,0.027422
2020-10-30,0.123824,0.102413,0.073252,0.101919,0.050138,0.020696,0.024608,0.001117,0.009462,0.003749,0.002548,0.000388,0.00012,0.000417,0.003428,0.019914,0.019401,0.008349,0.005246,0.010048,0.003869,0.01999,0.02674,0.019251,0.006113,0.005195,0.004497,0.010557,0.019208,0.022744,0.010604,0.026305,0.00569,0.007744,0.004736,0.007988,0.006554,0.002778,0.009228,0.000808,0.001685,0.007738,0.009595,0.006825,0.004359,0.009074,0.005025,0.006058,0.014141,0.014062,0.000976,0.001634,0.024148,0.00593,0.001284,0.003296,0.003619,0.001405,0.000148,0.000964,0.013717,0.010138,0.01214,0.011303,0.0291
2020-11-30,0.12214,0.097665,0.071746,0.095921,0.047605,0.020023,0.032467,0.00285,0.009802,0.004305,0.002299,0.000371,0.000246,0.000394,0.003871,0.021717,0.019257,0.008407,0.00515,0.011141,0.003323,0.021683,0.028034,0.020244,0.006427,0.005107,0.004953,0.010431,0.018022,0.020779,0.009777,0.026127,0.005691,0.008634,0.004947,0.008299,0.006162,0.002913,0.009729,0.000863,0.002051,0.008112,0.0087,0.006197,0.003752,0.009957,0.004571,0.006725,0.013498,0.013082,0.001106,0.001725,0.022984,0.006824,0.001527,0.003934,0.004546,0.001689,0.000152,0.000871,0.0147,0.010969,0.011956,0.010487,0.030362
2020-12-29,0.1318,0.097408,0.068361,0.095806,0.045313,0.01842,0.036286,0.002469,0.01003,0.004507,0.002189,0.000349,0.000266,0.000416,0.004444,0.0246,0.018943,0.009159,0.005501,0.010625,0.00297,0.021902,0.029687,0.019864,0.006191,0.004446,0.005279,0.00949,0.016472,0.019728,0.00911,0.023466,0.005516,0.008435,0.004779,0.007918,0.005691,0.002684,0.01003,0.000867,0.002066,0.007817,0.008482,0.005629,0.00363,0.009498,0.004253,0.006265,0.011705,0.013481,0.001119,0.001565,0.023324,0.007077,0.001523,0.003917,0.004429,0.001956,0.00016,0.000913,0.014922,0.010842,0.011634,0.010908,0.031466
2021-01-27,0.133609,0.098202,0.069018,0.090676,0.043334,0.017881,0.045794,0.003798,0.010111,0.004696,0.00213,0.000362,0.000366,0.000421,0.004735,0.025868,0.017663,0.0111,0.004986,0.010145,0.003076,0.021789,0.026261,0.017583,0.005949,0.004121,0.00544,0.008825,0.016494,0.017673,0.008623,0.022751,0.005486,0.007821,0.004935,0.007321,0.005201,0.00256,0.01072,0.000839,0.002095,0.007107,0.008783,0.005688,0.003645,0.008554,0.004372,0.005973,0.011504,0.012924,0.001208,0.001507,0.024707,0.00699,0.001598,0.004123,0.005039,0.00179,0.000167,0.000887,0.014427,0.010784,0.012173,0.010295,0.035296
2021-02-25,0.114911,0.097707,0.07719,0.087093,0.041031,0.018641,0.037046,0.002361,0.010558,0.005577,0.002155,0.000393,0.000257,0.000384,0.00552,0.026,0.017653,0.011051,0.00494,0.010722,0.002747,0.026099,0.026715,0.019926,0.006,0.004501,0.006653,0.008367,0.015546,0.017634,0.008898,0.02112,0.006843,0.008058,0.006171,0.007907,0.005415,0.002931,0.013338,0.000979,0.002944,0.007307,0.008212,0.00565,0.003225,0.0085,0.004355,0.005648,0.011998,0.013698,0.001185,0.001638,0.024205,0.008785,0.002027,0.004428,0.005915,0.001981,0.000183,0.000929,0.017548,0.010872,0.013883,0.010876,0.036968
2021-03-26,0.11314,0.099168,0.076102,0.085452,0.044811,0.017704,0.033019,0.002288,0.010943,0.005473,0.002118,0.000381,0.000252,0.000387,0.004839,0.023953,0.019788,0.009881,0.00481,0.010406,0.002841,0.026313,0.026229,0.020222,0.006423,0.004812,0.006479,0.008661,0.018194,0.018545,0.009336,0.021165,0.006958,0.008451,0.006488,0.008302,0.005652,0.003072,0.013584,0.001044,0.002673,0.008165,0.00807,0.005901,0.003394,0.008499,0.004515,0.005216,0.010707,0.012511,0.001102,0.001856,0.024142,0.009139,0.001992,0.004642,0.006564,0.001729,0.000186,0.00089,0.018554,0.01234,0.014654,0.011263,0.03361
2021-04-26,0.117206,0.102228,0.080636,0.089058,0.04462,0.019969,0.036719,0.002277,0.009984,0.005105,0.001974,0.000408,0.000245,0.000371,0.004457,0.023205,0.019363,0.009304,0.005314,0.010193,0.002767,0.023658,0.026371,0.019946,0.006473,0.004793,0.006336,0.008451,0.01783,0.016653,0.008982,0.020107,0.006515,0.007973,0.00618,0.007732,0.005358,0.00296,0.012216,0.00098,0.002964,0.007821,0.007921,0.005831,0.003328,0.008561,0.004541,0.005376,0.011238,0.011726,0.001152,0.001836,0.022391,0.009472,0.001798,0.004753,0.006529,0.001822,0.000176,0.000921,0.017543,0.011298,0.012296,0.011133,0.032659
2021-05-25,0.111132,0.099492,0.083941,0.086255,0.048776,0.020443,0.03057,0.002116,0.009847,0.00478,0.001999,0.000449,0.000195,0.000319,0.004188,0.022309,0.020456,0.010026,0.005257,0.010618,0.002785,0.025712,0.026498,0.019099,0.006998,0.004786,0.006747,0.00895,0.017674,0.017786,0.00909,0.021016,0.006818,0.008166,0.005933,0.007737,0.005628,0.002987,0.012944,0.001126,0.003129,0.008221,0.007552,0.006034,0.003456,0.008949,0.004716,0.004965,0.011021,0.011666,0.001121,0.001957,0.023505,0.009998,0.002055,0.004793,0.006622,0.001866,0.000166,0.000796,0.018892,0.01179,0.012051,0.011929,0.031102
2021-06-23,0.113932,0.102024,0.085121,0.090234,0.049314,0.024251,0.032298,0.002518,0.009776,0.004525,0.001945,0.000485,0.000245,0.000314,0.004052,0.021464,0.019062,0.010632,0.005475,0.010282,0.002882,0.02336,0.026421,0.018985,0.00674,0.004931,0.006503,0.008848,0.016922,0.016619,0.008887,0.019455,0.00598,0.007613,0.005539,0.007433,0.005355,0.002939,0.013892,0.001133,0.002782,0.007545,0.007347,0.006123,0.003676,0.009234,0.004704,0.005201,0.011436,0.01161,0.00108,0.001776,0.021869,0.009279,0.002051,0.004546,0.006324,0.001832,0.000176,0.000818,0.017591,0.011354,0.011395,0.011135,0.030733
2021-07-22,0.120319,0.105847,0.08621,0.090113,0.048908,0.023982,0.030719,0.002034,0.009598,0.004176,0.001871,0.000475,0.000185,0.000307,0.003715,0.02032,0.019271,0.011233,0.00568,0.010196,0.003071,0.02244,0.026437,0.018602,0.006494,0.004953,0.006456,0.009066,0.017059,0.01657,0.008747,0.019443,0.005627,0.007939,0.005383,0.007032,0.005186,0.003054,0.011875,0.001051,0.002505,0.0075,0.007333,0.006289,0.003611,0.008864,0.00475,0.005443,0.011292,0.011125,0.001035,0.001691,0.021985,0.009085,0.001711,0.004455,0.006158,0.001905,0.000166,0.00091,0.015977,0.011289,0.011151,0.012436,0.029689
2021-08-20,0.119332,0.111422,0.089613,0.078946,0.049359,0.025351,0.033197,0.002284,0.009497,0.003851,0.001856,0.000465,0.000169,0.000301,0.003082,0.017923,0.019738,0.012624,0.006046,0.010229,0.003456,0.022522,0.024749,0.017064,0.0068,0.005137,0.006748,0.009884,0.017053,0.017157,0.008676,0.020674,0.005466,0.007658,0.00534,0.007107,0.004818,0.003252,0.010877,0.001031,0.002346,0.007882,0.008245,0.006448,0.003653,0.008621,0.004974,0.006184,0.011554,0.011791,0.000913,0.001671,0.023011,0.009486,0.001703,0.003914,0.005663,0.001743,0.000187,0.001065,0.016549,0.011952,0.010279,0.012097,0.027315
2021-09-20,0.116449,0.108998,0.091268,0.083757,0.049426,0.026013,0.036049,0.002556,0.010038,0.004015,0.001877,0.000415,0.00016,0.000304,0.003266,0.019326,0.019178,0.01092,0.005942,0.009267,0.003378,0.022526,0.023814,0.01652,0.00643,0.005284,0.006521,0.009829,0.017227,0.017101,0.0088,0.019616,0.005149,0.00734,0.005191,0.006359,0.004619,0.003074,0.011202,0.001066,0.002255,0.007672,0.007898,0.006532,0.003761,0.007727,0.004837,0.006071,0.012459,0.012552,0.000947,0.001599,0.021252,0.009271,0.001797,0.004127,0.006031,0.002277,0.000186,0.001106,0.01622,0.011618,0.010593,0.011628,0.029316
2021-10-19,0.116375,0.109519,0.090586,0.082548,0.045366,0.026372,0.040974,0.002282,0.009942,0.003577,0.001803,0.00039,0.000178,0.000293,0.002855,0.016916,0.018938,0.01097,0.005677,0.008986,0.002795,0.023839,0.024268,0.01691,0.006494,0.005145,0.006825,0.009766,0.01788,0.016109,0.00858,0.019094,0.005211,0.007246,0.005034,0.006967,0.004863,0.003046,0.012723,0.0013,0.002699,0.007553,0.007616,0.005878,0.003312,0.007002,0.005007,0.006678,0.013545,0.013385,0.000911,0.001532,0.020416,0.009522,0.002018,0.003804,0.005752,0.002362,0.000171,0.001078,0.018128,0.011126,0.0106,0.012557,0.028706
2021-11-17,0.113601,0.114859,0.088973,0.081195,0.042763,0.033,0.049337,0.002034,0.010577,0.003808,0.001718,0.000454,0.000248,0.000298,0.003069,0.016101,0.019075,0.011271,0.005824,0.009359,0.003114,0.021927,0.020159,0.01592,0.006384,0.005061,0.006138,0.01049,0.018798,0.016059,0.008518,0.017855,0.004953,0.006848,0.004945,0.006953,0.004255,0.003113,0.012282,0.0012,0.002575,0.007653,0.00777,0.005291,0.003241,0.006603,0.005159,0.008245,0.013603,0.013822,0.001115,0.001471,0.019391,0.008965,0.001766,0.004006,0.006353,0.002272,0.000196,0.001172,0.017171,0.010799,0.009216,0.011756,0.027854
2021-12-16,0.127505,0.110053,0.086633,0.077277,0.04203,0.032018,0.041997,0.001659,0.011526,0.004179,0.001719,0.000407,0.000169,0.000335,0.00344,0.017698,0.020943,0.012043,0.005392,0.010511,0.003065,0.021387,0.021054,0.015645,0.006316,0.005185,0.00623,0.011056,0.018823,0.01759,0.008952,0.017938,0.005032,0.00651,0.00483,0.007203,0.004291,0.003036,0.011722,0.001154,0.002536,0.007843,0.008165,0.005742,0.003343,0.006795,0.005601,0.007553,0.011248,0.011812,0.001164,0.001428,0.020549,0.009048,0.001743,0.004264,0.005976,0.002331,0.000192,0.000989,0.016615,0.011476,0.009327,0.012436,0.027274
2022-01-14,0.128394,0.105776,0.084191,0.074691,0.041932,0.030591,0.047874,0.001458,0.011183,0.004951,0.00173,0.000397,0.000144,0.000349,0.003578,0.017652,0.020049,0.010606,0.004993,0.010909,0.003005,0.021192,0.021224,0.016607,0.005855,0.004732,0.006012,0.01013,0.017643,0.017564,0.008746,0.018275,0.005625,0.006805,0.005313,0.007191,0.004667,0.003094,0.013819,0.001301,0.00294,0.007595,0.007414,0.005184,0.003054,0.006156,0.005275,0.007507,0.010344,0.010576,0.001218,0.001438,0.020068,0.010514,0.00209,0.004667,0.006739,0.002237,0.000199,0.000917,0.017808,0.011754,0.010288,0.010635,0.033131
2022-02-14,0.133886,0.107437,0.08696,0.076713,0.028787,0.029472,0.043969,0.001291,0.011605,0.004888,0.00185,0.00038,0.000149,0.000327,0.003925,0.017905,0.021706,0.010906,0.004886,0.012281,0.003288,0.021892,0.023695,0.017767,0.005611,0.004459,0.006081,0.010912,0.017834,0.018252,0.009198,0.01805,0.005253,0.00622,0.005798,0.007505,0.005119,0.002947,0.016243,0.00144,0.003028,0.007248,0.007141,0.005183,0.002928,0.007617,0.005371,0.006658,0.009876,0.008553,0.000889,0.001697,0.021179,0.01092,0.002367,0.003783,0.005688,0.002497,0.000179,0.000974,0.018608,0.010896,0.009412,0.010242,0.030174
2022-03-15,0.128199,0.10904,0.086668,0.075964,0.026475,0.029091,0.041978,0.001107,0.012258,0.004147,0.001929,0.000226,0.00019,0.000324,0.003338,0.01691,0.02373,0.013288,0.004912,0.013965,0.003661,0.019814,0.0226,0.016586,0.00545,0.006953,0.005817,0.012175,0.017377,0.018245,0.00876,0.020482,0.005876,0.00652,0.006037,0.008392,0.006057,0.003041,0.016559,0.001631,0.003263,0.007556,0.00815,0.005454,0.003224,0.007991,0.00585,0.009012,0.009836,0.00773,0.000909,0.001568,0.023458,0.009649,0.002105,0.003425,0.005567,0.002694,0.000184,0.000994,0.016953,0.011699,0.009242,0.010893,0.026819
2022-04-13,0.135024,0.104697,0.083483,0.076826,0.028342,0.026995,0.051305,0.001272,0.011747,0.003924,0.00185,0.00024,0.000201,0.000316,0.003255,0.016226,0.024533,0.013996,0.004974,0.013632,0.003857,0.018171,0.022414,0.016856,0.005284,0.006678,0.005516,0.012721,0.015601,0.01856,0.009026,0.021007,0.005679,0.006485,0.006365,0.007464,0.006072,0.002751,0.017812,0.001685,0.003492,0.007805,0.007969,0.005697,0.003323,0.00818,0.006094,0.007689,0.009408,0.007559,0.00086,0.001391,0.023067,0.00896,0.002376,0.003201,0.005013,0.003008,0.000176,0.00095,0.015202,0.010519,0.009333,0.010332,0.02556
2022-05-12,0.130795,0.108257,0.084365,0.061672,0.029338,0.022959,0.042753,0.000852,0.013228,0.004286,0.002159,0.000223,0.000125,0.000341,0.003491,0.017045,0.025463,0.015717,0.004307,0.015455,0.003948,0.019652,0.023638,0.017712,0.005156,0.006352,0.006049,0.012215,0.016997,0.020672,0.010237,0.023013,0.006139,0.007444,0.006312,0.008043,0.006556,0.003206,0.020608,0.001902,0.002821,0.008587,0.007629,0.005833,0.00325,0.008814,0.005344,0.007997,0.009038,0.00439,0.000925,0.001686,0.026532,0.008983,0.002844,0.00362,0.005346,0.002671,0.000181,0.001027,0.016017,0.011371,0.00993,0.010698,0.02578
2022-06-10,0.127462,0.108662,0.084178,0.064069,0.027287,0.02437,0.041466,0.000971,0.012552,0.004016,0.002188,0.000218,0.000174,0.000329,0.003411,0.017243,0.026111,0.016207,0.004232,0.014532,0.003607,0.020165,0.024626,0.018698,0.005374,0.006495,0.005875,0.011786,0.017072,0.019559,0.010082,0.019158,0.006591,0.007282,0.005884,0.007614,0.006574,0.00314,0.024303,0.001977,0.003347,0.008961,0.008564,0.006711,0.003393,0.009396,0.005122,0.008824,0.010197,0.004668,0.000892,0.001614,0.026075,0.008724,0.003366,0.003779,0.00509,0.002834,0.000175,0.001135,0.015348,0.010342,0.009201,0.010288,0.026413
2022-07-11,0.13445,0.113437,0.087682,0.065196,0.025276,0.021721,0.041779,0.001122,0.011181,0.003657,0.002184,0.000187,0.000183,0.000311,0.003,0.015437,0.02781,0.018038,0.004234,0.015526,0.00387,0.019007,0.025237,0.018081,0.005256,0.006853,0.005992,0.012672,0.016878,0.020092,0.010741,0.019718,0.005353,0.006747,0.00523,0.007558,0.006395,0.002925,0.020686,0.001806,0.002236,0.007966,0.009088,0.006887,0.003378,0.009685,0.005312,0.00715,0.009948,0.004518,0.000826,0.001572,0.026911,0.008648,0.002594,0.003201,0.004421,0.002947,0.000173,0.001042,0.014534,0.01027,0.008722,0.010937,0.023527
2022-08-09,0.141264,0.112215,0.081392,0.07484,0.024141,0.022767,0.04732,0.001018,0.011468,0.003478,0.00203,0.000244,0.000236,0.000328,0.002829,0.014635,0.026785,0.015346,0.004433,0.013217,0.003615,0.018034,0.023937,0.017849,0.005597,0.006703,0.006369,0.012651,0.016719,0.018459,0.010198,0.018828,0.005234,0.006969,0.005599,0.007605,0.006056,0.003108,0.020123,0.001983,0.002289,0.007987,0.009312,0.006854,0.003387,0.009731,0.005393,0.00822,0.009665,0.00545,0.000776,0.001594,0.023848,0.008774,0.002481,0.003427,0.004621,0.002657,0.000184,0.001274,0.014527,0.009914,0.007555,0.010904,0.023553
2022-09-07,0.140288,0.107736,0.08029,0.073832,0.024127,0.019113,0.049757,0.000854,0.011417,0.003396,0.002132,0.000247,0.000276,0.000301,0.002661,0.013519,0.027313,0.016572,0.004215,0.013727,0.003639,0.019024,0.023961,0.017775,0.00569,0.006786,0.006568,0.013132,0.017045,0.018414,0.010642,0.020622,0.005344,0.00713,0.006182,0.007997,0.006235,0.003149,0.02196,0.002176,0.00227,0.007941,0.009924,0.006763,0.003299,0.010213,0.005396,0.007193,0.008579,0.005699,0.000746,0.001561,0.024145,0.009307,0.002745,0.003312,0.004427,0.003015,0.000203,0.001119,0.015098,0.010435,0.007044,0.011111,0.023208
2022-10-06,0.13901,0.109471,0.079007,0.072894,0.02223,0.019446,0.044381,0.00104,0.011551,0.003584,0.002266,0.000266,0.00022,0.0003,0.002775,0.014252,0.028882,0.018817,0.004199,0.014753,0.004745,0.018862,0.023578,0.017199,0.005126,0.006272,0.006433,0.012702,0.017682,0.017976,0.010272,0.021258,0.005614,0.007014,0.006381,0.007362,0.006302,0.003375,0.025299,0.002563,0.002535,0.008201,0.009222,0.005623,0.00302,0.010399,0.005724,0.006515,0.009246,0.006349,0.000765,0.001583,0.025319,0.009529,0.003199,0.003236,0.004509,0.00311,0.000233,0.0011,0.015035,0.010147,0.006638,0.010472,0.022934
2022-11-04,0.135345,0.101467,0.068946,0.057065,0.014801,0.021672,0.04028,0.001006,0.011586,0.003754,0.002342,0.000329,0.000231,0.0003,0.002665,0.015364,0.030916,0.02088,0.005204,0.015796,0.004956,0.023567,0.025868,0.01882,0.006059,0.006338,0.007752,0.013236,0.017877,0.019587,0.012422,0.023525,0.00729,0.008592,0.007332,0.007435,0.007761,0.00388,0.028437,0.002626,0.003092,0.009381,0.009627,0.005838,0.003477,0.011385,0.006247,0.006165,0.008593,0.007135,0.000811,0.00171,0.027565,0.01095,0.00339,0.003518,0.00485,0.002626,0.000253,0.001015,0.018146,0.011239,0.007155,0.012598,0.019922
2022-12-05,0.134186,0.107293,0.074216,0.05341,0.018675,0.023506,0.033143,0.00086,0.012363,0.003391,0.002191,0.000311,0.000236,0.000214,0.002624,0.01602,0.028758,0.020185,0.005483,0.016678,0.004733,0.022167,0.026164,0.019695,0.006158,0.006566,0.00753,0.012442,0.018766,0.020324,0.011443,0.023526,0.006962,0.008339,0.007586,0.007465,0.007397,0.003669,0.025314,0.002465,0.003195,0.009497,0.009734,0.005775,0.003643,0.01078,0.006205,0.006828,0.007704,0.008002,0.000837,0.00163,0.026889,0.00957,0.003032,0.003551,0.005267,0.002957,0.000275,0.001013,0.015908,0.011658,0.006925,0.01232,0.02435
2023-01-03,0.122679,0.11012,0.071356,0.053983,0.020168,0.021713,0.021048,0.00082,0.014261,0.003389,0.002349,0.000309,0.000231,0.000222,0.002669,0.016037,0.02988,0.021384,0.005788,0.017706,0.004838,0.024438,0.026995,0.020559,0.006594,0.006733,0.007521,0.012402,0.019853,0.022146,0.011937,0.023878,0.007665,0.008884,0.007802,0.007869,0.007717,0.003868,0.027046,0.002155,0.003342,0.009667,0.010271,0.006163,0.00378,0.010666,0.006559,0.006365,0.00831,0.008093,0.000825,0.001697,0.028726,0.009819,0.003205,0.003484,0.005035,0.002581,0.000295,0.000993,0.016576,0.012143,0.006802,0.013918,0.023673
2023-02-01,0.128131,0.104673,0.072681,0.05968,0.022338,0.028663,0.031935,0.000949,0.014013,0.0038,0.002119,0.000309,0.000276,0.000231,0.003006,0.016666,0.025835,0.018109,0.004939,0.014424,0.004593,0.02278,0.027082,0.019896,0.006373,0.006837,0.007092,0.012786,0.018604,0.018794,0.01085,0.021706,0.007225,0.007732,0.007059,0.007112,0.006566,0.003614,0.026289,0.00213,0.003563,0.009071,0.008208,0.005884,0.0038,0.010364,0.006875,0.007593,0.009559,0.008969,0.000936,0.00166,0.023989,0.010095,0.003206,0.003981,0.005582,0.002687,0.000271,0.001196,0.015981,0.011101,0.006691,0.013508,0.027335
2023-03-02,0.132187,0.107029,0.067579,0.054057,0.025909,0.032973,0.034586,0.000959,0.014291,0.003526,0.002181,0.000342,0.000256,0.000209,0.002792,0.0158,0.025516,0.017143,0.004592,0.015641,0.004813,0.023775,0.026443,0.019408,0.0059,0.006267,0.007012,0.01234,0.0171,0.018902,0.011207,0.021695,0.007456,0.007439,0.007149,0.007405,0.006992,0.003992,0.025967,0.002279,0.003508,0.009884,0.008218,0.005267,0.003653,0.009855,0.006753,0.007422,0.010684,0.007953,0.000912,0.001673,0.022682,0.009949,0.003278,0.003786,0.005732,0.00329,0.000254,0.001337,0.015348,0.011381,0.006206,0.013427,0.026437
2023-03-31,0.139052,0.114377,0.070895,0.056411,0.029286,0.036566,0.034985,0.000946,0.014255,0.003519,0.00203,0.000288,0.000219,0.000197,0.002641,0.015641,0.023496,0.017393,0.004769,0.015029,0.004788,0.020442,0.025332,0.018463,0.005358,0.006026,0.006087,0.011744,0.015964,0.018695,0.010901,0.021184,0.006298,0.006806,0.006521,0.006563,0.006413,0.003634,0.023793,0.002047,0.003119,0.009297,0.008312,0.005071,0.003564,0.009413,0.006295,0.008417,0.010648,0.0082,0.000894,0.001593,0.021465,0.007525,0.003174,0.003812,0.005532,0.003221,0.000232,0.001262,0.0122,0.011411,0.007203,0.01337,0.025713
2023-05-01,0.140963,0.119357,0.071675,0.055007,0.03274,0.037514,0.026946,0.000866,0.013973,0.003585,0.002001,0.000296,0.000181,0.000174,0.002557,0.015347,0.024293,0.020238,0.005578,0.014288,0.00465,0.021745,0.025657,0.018911,0.005221,0.006112,0.006247,0.0115,0.015838,0.019387,0.011413,0.021481,0.005882,0.007011,0.005949,0.006362,0.006246,0.003529,0.023952,0.001959,0.002833,0.009589,0.008164,0.004884,0.003547,0.009027,0.006087,0.007583,0.010391,0.007569,0.000757,0.001479,0.022335,0.007985,0.002841,0.003697,0.005015,0.002914,0.000181,0.001175,0.012158,0.010186,0.006639,0.013456,0.022882
2023-05-30,0.137043,0.121023,0.077466,0.061343,0.033061,0.048687,0.031332,0.001531,0.016459,0.003856,0.001872,0.000376,0.000143,0.000185,0.002978,0.016008,0.021955,0.01993,0.005288,0.01183,0.003928,0.01974,0.022878,0.017114,0.004957,0.005744,0.005593,0.011065,0.014446,0.016584,0.010222,0.019361,0.005316,0.006364,0.005106,0.005819,0.005575,0.003561,0.020671,0.001645,0.002411,0.008551,0.007228,0.004168,0.003376,0.007967,0.005783,0.009913,0.010756,0.008585,0.000783,0.001302,0.019714,0.007556,0.002247,0.004159,0.005636,0.003194,0.000211,0.0012,0.011067,0.010047,0.006147,0.013951,0.025992
2023-06-28,0.140656,0.118001,0.072373,0.062563,0.034548,0.04799,0.038377,0.00153,0.016535,0.003468,0.0018,0.000419,0.000159,0.000183,0.003007,0.015685,0.020873,0.020575,0.005513,0.011047,0.003629,0.019138,0.022626,0.017026,0.004849,0.005935,0.005099,0.011157,0.014561,0.016705,0.010065,0.019765,0.00589,0.00637,0.005614,0.005851,0.005381,0.003668,0.020136,0.001722,0.002656,0.008696,0.007022,0.00422,0.003399,0.007726,0.005395,0.008383,0.009765,0.009029,0.000789,0.001397,0.020011,0.007202,0.002308,0.004077,0.005715,0.003662,0.000215,0.001182,0.01057,0.009795,0.006616,0.014946,0.024733
2023-07-27,0.139049,0.112424,0.074786,0.060206,0.036698,0.051872,0.037134,0.001565,0.016871,0.003562,0.001743,0.00044,0.000165,0.000166,0.003233,0.015328,0.021522,0.019761,0.005201,0.012016,0.003738,0.020861,0.022394,0.017007,0.004996,0.005761,0.00558,0.011391,0.015166,0.016403,0.009861,0.01961,0.006091,0.005967,0.00575,0.006472,0.005169,0.003686,0.019501,0.001765,0.002839,0.008587,0.006784,0.004121,0.003406,0.007529,0.005412,0.008186,0.010034,0.008377,0.000785,0.001319,0.020652,0.007681,0.002515,0.004281,0.005615,0.003432,0.00021,0.001166,0.011627,0.009882,0.00662,0.014455,0.023575
2023-08-25,0.131416,0.112932,0.077309,0.064707,0.034573,0.053492,0.035639,0.001471,0.016544,0.003285,0.001793,0.000672,0.000153,0.000162,0.003012,0.014228,0.021322,0.024735,0.00492,0.012185,0.004242,0.020111,0.023833,0.017865,0.00475,0.005814,0.005141,0.011137,0.015195,0.017031,0.00976,0.02,0.006544,0.005821,0.005384,0.00643,0.005346,0.004211,0.020394,0.001825,0.002586,0.008763,0.006472,0.003895,0.003395,0.007383,0.005467,0.007775,0.009602,0.008676,0.000752,0.001302,0.018789,0.007117,0.002709,0.004118,0.005683,0.003322,0.000267,0.0011,0.010658,0.010682,0.006553,0.014825,0.022724
2023-09-25,0.130992,0.112261,0.078978,0.064448,0.036834,0.049624,0.037303,0.001456,0.016377,0.003574,0.001813,0.000666,0.000147,0.000147,0.003032,0.01475,0.022492,0.024947,0.004903,0.012989,0.004311,0.020251,0.023183,0.018045,0.004671,0.005624,0.005339,0.011779,0.014585,0.016896,0.009355,0.020885,0.006658,0.006062,0.005268,0.006046,0.004948,0.004099,0.02214,0.001879,0.002538,0.008743,0.006497,0.003676,0.003265,0.007838,0.005104,0.007487,0.009553,0.008114,0.000707,0.001257,0.018313,0.007253,0.002934,0.003913,0.005437,0.003326,0.000269,0.00103,0.010436,0.010319,0.006833,0.014117,0.021283
2023-10-24,0.129466,0.117291,0.083957,0.063332,0.038399,0.051492,0.032863,0.00171,0.017363,0.003569,0.001819,0.000709,0.000126,0.000123,0.003282,0.014537,0.023219,0.026852,0.004663,0.01233,0.004169,0.019588,0.02339,0.017406,0.004365,0.005286,0.004874,0.011665,0.013528,0.016868,0.008952,0.020979,0.006078,0.005752,0.005137,0.005979,0.005223,0.003803,0.020509,0.00193,0.002356,0.008556,0.005326,0.003633,0.003146,0.007924,0.004599,0.007843,0.009487,0.008646,0.000674,0.001094,0.01734,0.006823,0.002837,0.003801,0.005388,0.003714,0.000285,0.000954,0.009635,0.010252,0.006917,0.013498,0.022693
2023-11-22,0.131573,0.124183,0.077066,0.067043,0.038807,0.05321,0.032924,0.001895,0.01774,0.003744,0.001684,0.000734,0.00013,0.000129,0.00325,0.014778,0.02224,0.024981,0.004917,0.010811,0.003853,0.019602,0.023131,0.017016,0.004783,0.005815,0.005056,0.011533,0.013608,0.01574,0.009043,0.018409,0.005538,0.005606,0.004722,0.006025,0.004941,0.004042,0.018426,0.001873,0.002339,0.008826,0.005143,0.004098,0.003298,0.007615,0.004671,0.008752,0.009631,0.009251,0.000625,0.001062,0.016055,0.00687,0.002505,0.004181,0.00553,0.003669,0.000266,0.001157,0.010369,0.008639,0.008142,0.014081,0.022625
2023-12-21,0.129356,0.118608,0.075448,0.06792,0.038876,0.051697,0.034564,0.001635,0.022546,0.004031,0.001627,0.000792,0.000141,0.000147,0.003348,0.014655,0.020543,0.023198,0.005016,0.01151,0.003919,0.020688,0.022864,0.016965,0.005079,0.005856,0.00549,0.01261,0.014838,0.014526,0.00903,0.017805,0.006309,0.005775,0.00471,0.006305,0.004749,0.004048,0.017411,0.001748,0.002587,0.008475,0.005153,0.004268,0.003215,0.007655,0.005299,0.009656,0.011052,0.009193,0.000696,0.0011,0.015925,0.007672,0.002476,0.004374,0.00573,0.004033,0.000297,0.001273,0.011225,0.008628,0.00848,0.012432,0.022723
2024-01-19,0.122466,0.122514,0.076158,0.066375,0.040744,0.060757,0.02789,0.00151,0.023445,0.003994,0.001575,0.000846,0.000106,0.000149,0.003177,0.013771,0.019258,0.024673,0.005456,0.012028,0.004205,0.020358,0.023097,0.016936,0.004954,0.005789,0.005336,0.012751,0.014914,0.014381,0.009013,0.018076,0.006005,0.005473,0.004431,0.006031,0.004696,0.004038,0.016059,0.001587,0.002299,0.008168,0.004791,0.00393,0.003116,0.007898,0.00503,0.011638,0.011242,0.00874,0.000687,0.001074,0.016093,0.007161,0.002402,0.004503,0.005771,0.004403,0.000303,0.001251,0.010519,0.008614,0.008394,0.012465,0.02449
2024-02-19,0.111742,0.119169,0.069646,0.069888,0.047913,0.071189,0.025276,0.002111,0.023143,0.003483,0.001512,0.000953,8.8e-05,0.000133,0.003275,0.013098,0.019147,0.029468,0.005295,0.012438,0.00413,0.020468,0.022788,0.017334,0.004688,0.005281,0.005152,0.012751,0.014314,0.014711,0.008407,0.018205,0.006381,0.005104,0.004008,0.005968,0.004067,0.004398,0.01635,0.001517,0.002211,0.008307,0.004581,0.003462,0.003216,0.007557,0.00502,0.011151,0.011132,0.010031,0.00062,0.001081,0.014968,0.007415,0.002562,0.004819,0.006591,0.004586,0.000283,0.001393,0.010683,0.007813,0.007302,0.012145,0.02608
2024-03-19,0.104027,0.1198,0.070147,0.069905,0.048403,0.085508,0.020875,0.002015,0.02195,0.00397,0.001457,0.001126,8.2e-05,0.00012,0.00333,0.012409,0.017401,0.028093,0.005296,0.012171,0.004047,0.021356,0.022658,0.017275,0.004572,0.005095,0.004997,0.012424,0.014386,0.014569,0.007814,0.018766,0.006762,0.004966,0.00417,0.005662,0.004023,0.004635,0.017168,0.001451,0.002433,0.008599,0.004744,0.003508,0.003058,0.007299,0.004638,0.011215,0.011187,0.010278,0.000606,0.001063,0.014402,0.007722,0.00271,0.00467,0.006401,0.003468,0.000268,0.001211,0.010877,0.007613,0.006802,0.013585,0.026765
2024-04-17,0.101546,0.119783,0.075999,0.073707,0.049314,0.082234,0.019379,0.001846,0.023266,0.005042,0.001435,0.001224,8.7e-05,0.000111,0.003672,0.013295,0.017285,0.02794,0.005191,0.011384,0.003872,0.020245,0.021999,0.016803,0.004389,0.005166,0.005313,0.012416,0.012911,0.014457,0.007619,0.018815,0.007004,0.004852,0.004324,0.005474,0.004293,0.004855,0.01838,0.001416,0.002797,0.008422,0.005053,0.003144,0.002721,0.007437,0.003953,0.009741,0.010491,0.010396,0.000611,0.001037,0.013656,0.007837,0.002856,0.004681,0.006501,0.003507,0.000236,0.001215,0.010848,0.007575,0.005945,0.012767,0.028228
2024-05-16,0.107391,0.11543,0.079688,0.070498,0.044288,0.085627,0.020571,0.001779,0.024142,0.005225,0.001683,0.001344,0.000102,0.000117,0.003854,0.012804,0.017699,0.027037,0.005188,0.010707,0.003935,0.02145,0.021195,0.015737,0.004428,0.005175,0.005724,0.012976,0.01253,0.014615,0.007272,0.019028,0.006328,0.004964,0.00405,0.005535,0.004114,0.004871,0.019506,0.001334,0.002758,0.00762,0.005705,0.003358,0.002799,0.007072,0.00388,0.009697,0.010187,0.009707,0.000757,0.001113,0.013698,0.007853,0.002272,0.004548,0.006561,0.003776,0.000314,0.001307,0.011315,0.007221,0.00503,0.012387,0.02913
2024-06-14,0.112558,0.113628,0.075802,0.066024,0.044182,0.112071,0.019611,0.001813,0.0279,0.005408,0.001611,0.001183,0.000112,0.00011,0.00403,0.011902,0.015806,0.028841,0.005217,0.010284,0.003945,0.019223,0.019195,0.014279,0.003949,0.004806,0.005151,0.013104,0.011881,0.013598,0.006313,0.018622,0.005431,0.004691,0.003598,0.004681,0.003799,0.004407,0.016908,0.001233,0.002387,0.007255,0.005186,0.003178,0.002512,0.007124,0.003682,0.008913,0.007764,0.009964,0.000782,0.001102,0.0121,0.006913,0.00207,0.004679,0.00678,0.003549,0.000301,0.001356,0.010601,0.00639,0.004478,0.013115,0.030911
2024-07-15,0.118881,0.111593,0.076574,0.066333,0.04163,0.104503,0.026649,0.002112,0.026392,0.0048,0.001609,0.001088,0.000109,0.00013,0.004003,0.012373,0.015689,0.029877,0.00513,0.009814,0.003944,0.01995,0.018229,0.013652,0.004045,0.005111,0.005438,0.012445,0.011757,0.012847,0.005996,0.018519,0.005593,0.004646,0.003388,0.004762,0.003681,0.004306,0.017094,0.001345,0.002396,0.00692,0.004824,0.003226,0.002526,0.007044,0.003803,0.009614,0.008104,0.009356,0.000824,0.001296,0.01188,0.006657,0.001943,0.004623,0.006724,0.003651,0.000306,0.001402,0.010835,0.006348,0.004852,0.013041,0.031774
2024-08-13,0.118377,0.108283,0.071481,0.062867,0.047054,0.100531,0.023362,0.002394,0.025578,0.003802,0.001737,0.001006,9.5e-05,0.00011,0.00341,0.011699,0.018658,0.030368,0.005867,0.011885,0.004491,0.020817,0.01855,0.014933,0.004454,0.005518,0.005666,0.013491,0.012215,0.013857,0.006823,0.019283,0.005781,0.004497,0.003399,0.005086,0.004692,0.004138,0.018425,0.001448,0.002118,0.007556,0.005649,0.003659,0.002772,0.008019,0.004097,0.008037,0.008681,0.009786,0.00073,0.001197,0.013416,0.006332,0.00207,0.003868,0.00585,0.003797,0.000277,0.001489,0.010501,0.006432,0.003066,0.013019,0.031453
2024-09-11,0.117244,0.108902,0.06465,0.067071,0.044849,0.09932,0.02524,0.002702,0.025601,0.003481,0.001991,0.00107,8.4e-05,0.000127,0.002957,0.010011,0.018861,0.030312,0.006042,0.011904,0.004358,0.02042,0.019931,0.01562,0.0045,0.00572,0.005342,0.013825,0.012745,0.014153,0.00721,0.021948,0.005626,0.004591,0.003682,0.005222,0.00468,0.004097,0.016882,0.001384,0.002055,0.007692,0.005938,0.003866,0.002853,0.008023,0.004297,0.0084,0.008263,0.010129,0.000743,0.00124,0.013741,0.006334,0.001838,0.003449,0.005309,0.003854,0.000272,0.001511,0.010481,0.006788,0.002908,0.015084,0.030579
2024-10-10,0.114626,0.101743,0.065893,0.064483,0.048623,0.10885,0.025108,0.003207,0.028548,0.003857,0.002394,0.001327,7.7e-05,0.000152,0.003304,0.008548,0.018167,0.02849,0.005659,0.0113,0.003625,0.019933,0.01851,0.015145,0.004659,0.005429,0.005428,0.013033,0.013404,0.013067,0.007179,0.021064,0.006331,0.004568,0.003654,0.004789,0.004688,0.004415,0.018008,0.001428,0.002343,0.007378,0.005475,0.00335,0.002721,0.008121,0.003696,0.008747,0.009131,0.010316,0.000693,0.001296,0.012718,0.00647,0.001816,0.003501,0.005535,0.003959,0.000301,0.001493,0.010209,0.007033,0.003268,0.016,0.031717
2024-11-08,0.107749,0.098667,0.068851,0.068751,0.046744,0.113738,0.032385,0.004176,0.026938,0.003897,0.002954,0.001482,9.5e-05,0.000181,0.003284,0.007656,0.017799,0.024793,0.006001,0.011072,0.002859,0.020954,0.019597,0.015129,0.004835,0.005014,0.006023,0.013134,0.012663,0.012405,0.006729,0.021416,0.005965,0.004483,0.003386,0.004598,0.004203,0.004551,0.016718,0.001449,0.002092,0.006871,0.004971,0.002962,0.002791,0.008577,0.003454,0.007541,0.009667,0.010674,0.000567,0.00131,0.011756,0.007324,0.001552,0.00316,0.004972,0.00402,0.000309,0.001166,0.010876,0.007269,0.003549,0.016471,0.032775
2024-12-09,0.114883,0.10214,0.066439,0.073225,0.047726,0.104707,0.03854,0.005082,0.025742,0.003517,0.002846,0.001459,0.000187,0.00019,0.002647,0.006862,0.015891,0.023497,0.005912,0.009611,0.002667,0.021142,0.01902,0.014782,0.004992,0.00502,0.005956,0.013481,0.013131,0.012389,0.006652,0.023217,0.005937,0.004508,0.003787,0.004361,0.003724,0.004432,0.015284,0.001481,0.001935,0.006491,0.004731,0.003009,0.00288,0.00818,0.003376,0.006541,0.010363,0.01203,0.0006,0.001279,0.011094,0.007447,0.001514,0.003069,0.004364,0.003931,0.000266,0.000916,0.01085,0.007232,0.002765,0.016255,0.031818
