date,best_eps_chg_63d,best_eps_chg_252d,best_eps_accel,best_sales_chg_63d,best_sales_chg_252d,best_sales_accel,best_calculated_fcf_chg_63d,best_calculated_fcf_chg_252d,best_calculated_fcf_accel,best_calculated_fcf_level_z,best_gross_margin_chg_63d,best_gross_margin_chg_252d,best_gross_margin_accel,oper_margin_chg_63d,oper_margin_chg_252d,oper_margin_accel,best_capex_chg_63d,best_capex_chg_252d,best_capex_accel,best_capex_level_z,best_roe_chg_63d,best_roe_chg_252d,best_roe_accel,best_roe_level_z,best_pe_ratio_level_z,best_pe_ratio_accel,best_peg_ratio_level_z,best_peg_ratio_accel,best_px_bps_ratio_level_z,best_px_bps_ratio_accel,best_ev_to_best_ebitda_level_z,best_ev_to_best_ebitda_accel,earnings_quality_63d,earnings_quality_252d,op_leverage_63d,cash_conversion_z,capex_intensity_z,capex_intensity_chg,roe_pe_z,mkcap_eps_divg,quality_gated_value_z,reversal_5d,reversal_10d,reversal_21d,momentum_63d,momentum_126d,momentum_252d,risk_adj_mom_63d,risk_adj_mom_126d,risk_adj_mom_252d,realized_vol_21d,realized_vol_63d,realized_vol_126d,vol_ratio_21_126,vol_change_21d,price_dist_ma_21d,price_dist_ma_50d,price_dist_ma_200d,ma_cross_21_50,ma_cross_50_200,drawdown_63d,dist_52w_high,dist_52w_low,range_position_52w,rel_mom_21d,rel_mom_63d,rel_mom_126d,mom_rank_21d,mom_rank_63d,ret_skew_21d,ret_skew_63d,max_ret_21d,min_ret_21d,max_ret_63d,min_ret_63d,downside_vol_21d,up_down_vol_ratio,beta_63d,idio_vol_63d,trend_consist_63d,analyst_rec_level,analyst_rec_diff_5d,analyst_rec_diff_21d,analyst_rec_diff_63d,analyst_rec_accel,analyst_rec_stability,tg_upside,tg_upside_diff_5d,tg_upside_diff_21d,tg_upside_z,tg_upside_vol,tg_mom_21d,tg_mom_63d,tg_mom_252d,tg_conviction,eps_rev,eps_rev_diff_5d,eps_rev_diff_21d,eps_rev_diff_63d,eps_rev_ma_63d,eps_rev_accel,eps_rev_rel_strength,eps_rev_vol,eps_rev_trend,eps_rev_momentum,eps_rev_level_persist_63d,eps_rev_level_dir,eps_rev_adj_diff_5d,eps_rev_adj_diff_21d,eps_rev_stability_score,eps_rev_quality_composite,sales_rev,sales_rev_diff_5d,sales_rev_diff_21d,sales_rev_diff_63d,sales_rev_ma_63d,sales_rev_accel,sales_rev_rel_strength,sales_rev_vol,sales_rev_trend,sales_rev_momentum,sales_rev_level_persist_63d,sales_rev_level_dir,sales_rev_adj_diff_5d,sales_rev_adj_diff_21d,sales_rev_stability_score,sales_rev_quality_composite,rev_divergence,rev_rank_divergence,rev_combined,rev_breadth,news_raw,news_ma5,news_ma21,news_ma63,news_trend,news_accel,news_vol,news_surprise,news_range_pos,sent_momentum,sent_momentum_diff,sent_21d,sent_21d_accel,cal_is_Q1,cal_is_jan,cal_is_qtr_end,cal_is_yr_end,cal_is_earnings,cal_month_in_qtr,cal_is_friday,is_mega_cap,is_large_cap,is_mid_cap,is_small_cap,regime_mkt_ret_21d,regime_avg_vol_21d,regime_dispersion_21d,regime_breadth_50d,is_high_vol,is_low_vol,is_bull_market,is_bear_market,is_trending,is_high_dispersion,earn_is_day,earn_days_since,earn_days_to_next,earn_pre_5d,earn_pre_10d,earn_post_5d,earn_post_10d,earn_cycle_pos,regime_rev_breadth_eps,is_rev_expansion,regime_rev_breadth_sales,regime_sent_breadth,regime_avg_rec,fac_F_MinVol_mom_21d,fac_F_MinVol_mom_63d,fac_F_Quality_mom_21d,fac_F_Quality_mom_63d,fac_F_HiDiv_mom_21d,fac_F_HiDiv_mom_63d,fac_F_Growth_mom_21d,fac_F_Growth_mom_63d,fac_F_Value_mom_21d,fac_F_Value_mom_63d,fac_F_SmCap_mom_21d,fac_F_SmCap_mom_63d,fac_F_HiBeta_mom_21d,fac_F_HiBeta_mom_63d,fac_value_growth_21d,fac_value_growth_63d,fac_risk_on_off_21d,fac_qual_growth_21d,fac_hidiv_growth_21d,fac_SPX_mom_21d,fac_SPX_mom_63d,fac_NDX_mom_21d,fac_NDX_mom_63d,fac_em_dev_spread,fac_us_eu_spread,fac_VIX_level,fac_VIX_chg_5d,fac_VIX_zscore,fac_VIX_elevated,fac_vrp_proxy,fac_SKEW_level,fac_SKEW_chg,fac_yield_slope,fac_yield_slope_chg,fac_real_rate,fac_real_rate_chg,fac_rate_vol,fac_us_ger_spread,fac_dxy_zscore,fac_dxy_mom_21d,fac_usd_strong,fac_usdkrw_chg,fac_em_fx_mom,fac_WTI_mom_21d,fac_WTI_mom_63d,fac_GOLD_mom_21d,fac_GOLD_mom_63d,fac_copper_gold,fac_cmd_mom_21d,fac_GS_AI_mom,fac_GS_Nuclear_mom,fac_GS_SemiHW_mom,fac_cesi_level,fac_cesi_chg,fac_aaii_spread,fac_aaii_chg,regime_yield_level_z,regime_yield_chg_63d,regime_rate_vol_63d,regime_curve_slope,regime_real_rate,si_tsz_level,si_tsz_chg_63d,mc_rate_x_eps_rev,mc_slope_x_eps_rev,mc_vix_x_mom252,mc_vol_x_mom63,mc_dxy_x_eps_rev,mom_rank_composite,mom_accel_21_63,mom_accel_63_252,price_breakout_20d,price_rsi_14,fin_roe_level_z,fin_roe_chg_63d,fin_roe_chg_252d,fin_pb_level_z,fin_pb_chg_63d,fin_pe_level_z,fin_pe_chg_63d,fin_eps_chg_63d,fin_sales_chg_63d,fin_roe_pb_gap,fin_roe_pe_gap
2018-11-26,0.005218,0.003945,0.003945,0.004793,0.009461,0.004369,0.007339,0.006066,0.002672,0.004369,0.004793,0.002672,0.01031,0.007339,0.008188,0.005218,0.005218,0.005218,0.00352,0.004369,0.004369,0.004369,0.003096,0.006915,0.004369,0.003096,0.004369,0.002672,0.006066,0.00352,0.005642,0.006491,0.006066,0.004793,0.004793,0.01031,0.007339,0.006066,0.004793,0.003945,0.004369,0.002672,0.002672,0.002672,0.002672,0.003096,0.006915,0.004369,0.003096,0.004793,0.003945,0.009885,0.012007,0.002672,0.003945,0.002672,0.002672,0.00352,0.002672,0.004793,0.002672,0.002672,0.00352,0.004793,0.002672,0.002672,0.002672,0.002672,0.003945,0.002672,0.005642,0.005642,0.006915,0.008188,0.004369,0.002672,0.00352,0.003945,0.006491,0.004369,0.005218,0.002672,0.003945,0.002672,0.006066,0.006066,0.004369,0.002672,0.003945,0.003096,0.006491,0.005218,0.002672,0.006066,0.01031,0.002672,0.002672,0.003945,0.003096,0.003096,0.002672,0.002672,0.003096,0.004369,0.002672,0.002672,0.00352,0.002672,0.00352,0.003096,0.003096,0.002672,0.002672,0.003945,0.002672,0.009461,0.002672,0.002672,0.004793,0.00352,0.002672,0.00352,0.002672,0.002672,0.002672,0.002672,0.003945,0.003945,0.003096,0.002672,0.003096,0.002672,0.002672,0.00352,0.005642,0.002672,0.002672,0.004793,0.002672,0.002672,0.002672,0.002672,0.002672,0.002672,0.002672,0.002672,0.002672,0.002672,0.002672,0.002672,0.002672,0.002672,0.002672,0.003096,0.004369,0.002672,0.006066,0.002672,0.002672,0.003096,0.002672,0.00352,0.002672,0.002672,0.002672,0.002672,0.002672,0.002672,0.002672,0.002672,0.002672,0.002672,0.011583,0.003945,0.002672,0.002672,0.004369,0.006915,0.003096,0.002672,0.003096,0.00352,0.002672,0.00352,0.002672,0.006915,0.003096,0.002672,0.002672,0.002672,0.002672,0.003945,0.003096,0.002672,0.002672,0.003945,0.00352,0.002672,0.003096,0.002672,0.002672,0.002672,0.002672,0.002672,0.002672,0.002672,0.002672,0.003096,0.002672,0.002672,0.002672,0.002672,0.002672,0.003096,0.00352,0.003096,0.003945,0.003096,0.002672,0.002672,0.002672,0.002672,0.002672,0.002672,0.003096,0.00352,0.002672,0.002672,0.005218,0.002672,0.00352,0.005218,0.002672,0.002672,0.011583,0.003096,0.004369,0.00352,0.003945,0.00352,0.003945,0.003096,0.002672,0.003096,0.003096,0.002672,0.002672,0.002672,0.003096,0.002672,0.002672,0.003096,0.00352,0.002672,0.002672,0.005218,0.003096,0.002672,0.003945,0.002672,0.006915,0.003945
2019-02-21,0.004412,0.00428,0.00504,0.004874,0.011939,0.004577,0.006657,0.011082,0.00263,0.005337,0.005634,0.004149,0.016331,0.021846,0.020921,0.003652,0.005931,0.005931,0.002464,0.006096,0.003058,0.003818,0.002927,0.007879,0.006856,0.002167,0.006856,0.00187,0.006525,0.002464,0.003949,0.010619,0.004246,0.004874,0.003355,0.015571,0.007416,0.005006,0.004115,0.002761,0.004577,0.00187,0.00187,0.00187,0.00187,0.002927,0.008638,0.003058,0.002167,0.004874,0.007318,0.010717,0.016759,0.00263,0.003521,0.00187,0.00187,0.004743,0.003389,0.004874,0.003389,0.004908,0.006262,0.006393,0.00187,0.00187,0.00187,0.00187,0.002761,0.00187,0.007747,0.005468,0.007879,0.007251,0.004577,0.00263,0.003983,0.007318,0.010619,0.004577,0.003652,0.00187,0.002761,0.00187,0.008044,0.008044,0.005337,0.00187,0.002761,0.002167,0.006062,0.004412,0.00263,0.005765,0.01709,0.00187,0.00187,0.002761,0.002927,0.002927,0.00187,0.00187,0.002927,0.003818,0.00187,0.00187,0.003983,0.00187,0.002464,0.002167,0.002927,0.003389,0.00187,0.00428,0.00263,0.007382,0.00187,0.00187,0.007153,0.003983,0.00187,0.002464,0.00263,0.00187,0.00187,0.00187,0.002761,0.00504,0.003686,0.00187,0.003686,0.00187,0.00187,0.002464,0.005468,0.00187,0.00187,0.005634,0.00187,0.00187,0.00187,0.00187,0.00187,0.00187,0.00263,0.00263,0.00187,0.00187,0.00187,0.00263,0.00187,0.00187,0.00187,0.002927,0.004577,0.00187,0.005765,0.00263,0.00187,0.002167,0.00187,0.002464,0.00187,0.00187,0.00187,0.00187,0.00187,0.00187,0.00187,0.00187,0.00187,0.00187,0.018741,0.003521,0.00187,0.00187,0.003058,0.0056,0.002167,0.00187,0.002167,0.004743,0.00263,0.002464,0.00187,0.007119,0.002167,0.00187,0.00187,0.00187,0.00187,0.005799,0.002167,0.00187,0.00187,0.002761,0.003224,0.00187,0.002167,0.00187,0.00187,0.00187,0.00187,0.00187,0.00187,0.00187,0.00187,0.003686,0.00187,0.00187,0.00187,0.00187,0.00187,0.002167,0.002464,0.002167,0.00504,0.002167,0.00187,0.00187,0.00187,0.00187,0.00263,0.00187,0.002167,0.002464,0.00187,0.00187,0.004412,0.00187,0.003224,0.005931,0.00187,0.00263,0.017222,0.002167,0.003058,0.003983,0.002761,0.002464,0.003521,0.002167,0.00187,0.002167,0.002167,0.00187,0.00187,0.00187,0.004446,0.00263,0.00187,0.002167,0.003983,0.00187,0.00187,0.005171,0.005205,0.00263,0.003521,0.003389,0.011676,0.005799
2019-05-21,0.003686,0.00957,0.004125,0.005205,0.011345,0.003204,0.008843,0.013136,0.001841,0.005529,0.005139,0.002904,0.020993,0.027842,0.026597,0.003154,0.006542,0.004152,0.002323,0.009048,0.002738,0.00327,0.002646,0.00671,0.005397,0.002712,0.00958,0.001309,0.00636,0.00292,0.004557,0.009824,0.002973,0.005205,0.003544,0.015083,0.012363,0.005297,0.004076,0.001933,0.004997,0.001309,0.001309,0.001309,0.001309,0.003244,0.007839,0.003336,0.001517,0.004607,0.009904,0.012881,0.024879,0.003036,0.003062,0.001309,0.001907,0.004515,0.002372,0.005802,0.002372,0.004033,0.012152,0.009256,0.001309,0.001907,0.001309,0.001309,0.003726,0.001309,0.007813,0.004426,0.007308,0.005673,0.005595,0.003036,0.002788,0.00572,0.011617,0.004399,0.003752,0.001309,0.004921,0.004297,0.009814,0.008021,0.006724,0.001309,0.001933,0.002115,0.004244,0.004881,0.003036,0.005231,0.014354,0.002504,0.001309,0.002531,0.002646,0.002646,0.001309,0.001309,0.002049,0.00327,0.001309,0.001309,0.003386,0.001309,0.001725,0.002712,0.002049,0.002372,0.001309,0.002996,0.003036,0.005168,0.001907,0.001309,0.007397,0.003984,0.001309,0.001725,0.005426,0.001309,0.001309,0.001907,0.001933,0.004125,0.007959,0.002504,0.00258,0.001309,0.001309,0.003518,0.009206,0.001309,0.001309,0.003944,0.001309,0.001309,0.001309,0.001309,0.001309,0.001309,0.002438,0.001841,0.001309,0.001309,0.001309,0.001841,0.001309,0.001309,0.001309,0.002049,0.003204,0.001309,0.005231,0.001841,0.001309,0.001517,0.001309,0.001725,0.001309,0.001309,0.001309,0.001309,0.001309,0.001309,0.001309,0.001309,0.001309,0.001309,0.020887,0.00366,0.001309,0.001907,0.002141,0.013482,0.002115,0.001309,0.001517,0.004515,0.001841,0.001725,0.001309,0.011557,0.002115,0.001907,0.004297,0.002504,0.001309,0.00406,0.001517,0.001309,0.001309,0.001933,0.002257,0.001309,0.001517,0.001309,0.001309,0.001907,0.001309,0.001309,0.001309,0.001309,0.001309,0.00258,0.001309,0.001309,0.003102,0.001907,0.001309,0.001517,0.001725,0.001517,0.004723,0.002712,0.001309,0.001309,0.001309,0.001907,0.003634,0.002504,0.001517,0.001725,0.001309,0.001309,0.003088,0.001309,0.002257,0.004749,0.001309,0.002438,0.022215,0.002115,0.002738,0.005776,0.003726,0.001725,0.002465,0.001517,0.001309,0.001517,0.002115,0.001309,0.001309,0.001309,0.003112,0.001841,0.001309,0.002712,0.002788,0.001309,0.001907,0.004815,0.006632,0.001841,0.002465,0.002372,0.011759,0.011231
2021-01-27,0.004238,0.008356,0.003717,0.008616,0.007942,0.002243,0.008676,0.014167,0.003775,0.0105,0.003597,0.007834,0.018839,0.027777,0.036021,0.003037,0.004579,0.002906,0.001626,0.007991,0.005232,0.003118,0.002681,0.013813,0.010408,0.001899,0.007535,0.000916,0.004452,0.005359,0.004848,0.009363,0.002081,0.007787,0.006624,0.010558,0.011969,0.003708,0.00451,0.004668,0.003498,0.000916,0.000916,0.000916,0.000916,0.003099,0.007145,0.003993,0.001891,0.008197,0.006933,0.009016,0.023216,0.002954,0.002144,0.000916,0.001335,0.003989,0.001661,0.00489,0.001661,0.003652,0.008507,0.007308,0.000916,0.002163,0.000916,0.000916,0.002608,0.000916,0.007127,0.003927,0.006773,0.0048,0.004745,0.002125,0.003609,0.016435,0.011447,0.007223,0.029146,0.000916,0.005102,0.004666,0.00687,0.014731,0.005535,0.000916,0.001353,0.00148,0.002971,0.003417,0.003783,0.006977,0.013362,0.001753,0.000916,0.001771,0.001852,0.005167,0.000916,0.000916,0.003092,0.004775,0.000916,0.000916,0.00237,0.000916,0.001208,0.001899,0.003092,0.002489,0.000916,0.002097,0.002125,0.003617,0.001335,0.000916,0.005178,0.002788,0.000916,0.001208,0.004627,0.000916,0.000916,0.001335,0.001353,0.003717,0.005571,0.005068,0.001806,0.000916,0.000916,0.015722,0.013074,0.000916,0.000916,0.012705,0.000916,0.000916,0.000916,0.000916,0.000916,0.000916,0.001707,0.001289,0.000916,0.000916,0.000916,0.001289,0.000916,0.000916,0.000916,0.001434,0.002243,0.000916,0.008634,0.001289,0.000916,0.001062,0.000916,0.001208,0.000916,0.000916,0.000916,0.000916,0.000916,0.000916,0.000916,0.000916,0.000916,0.000916,0.019594,0.002562,0.000916,0.002163,0.002327,0.012752,0.00148,0.000916,0.001891,0.003161,0.001289,0.001208,0.000916,0.009747,0.00148,0.001335,0.003008,0.001753,0.000916,0.004499,0.001062,0.000916,0.000916,0.001353,0.00158,0.000916,0.001062,0.000916,0.000916,0.001335,0.000916,0.000916,0.000916,0.000916,0.000916,0.001806,0.000916,0.000916,0.002171,0.001335,0.001745,0.001062,0.001208,0.001062,0.003306,0.001899,0.000916,0.000916,0.001745,0.002163,0.002544,0.001753,0.001062,0.001208,0.000916,0.000916,0.002162,0.000916,0.00158,0.003324,0.000916,0.001707,0.023838,0.002309,0.001917,0.004043,0.003437,0.002036,0.001725,0.001062,0.000916,0.001891,0.00148,0.000916,0.000916,0.000916,0.002178,0.001289,0.000916,0.002727,0.001952,0.000916,0.001335,0.007514,0.012101,0.001289,0.002554,0.002489,0.010717,0.007862
2021-04-26,0.006821,0.01056,0.002602,0.007744,0.006844,0.002855,0.006502,0.01056,0.002856,0.009705,0.004659,0.009981,0.016185,0.025868,0.034637,0.002554,0.004705,0.007388,0.002209,0.00902,0.006018,0.003896,0.003376,0.011382,0.008142,0.004969,0.011698,0.000641,0.00483,0.004822,0.004464,0.008695,0.002527,0.012303,0.015558,0.012316,0.014374,0.003024,0.003371,0.004338,0.003305,0.000641,0.000641,0.000641,0.000641,0.003454,0.007999,0.002795,0.001538,0.007665,0.006352,0.008453,0.019678,0.003138,0.0015,0.000641,0.001791,0.005362,0.001377,0.01156,0.001805,0.005126,0.009595,0.005116,0.000641,0.004298,0.000856,0.00107,0.002468,0.001712,0.005203,0.004676,0.005169,0.007214,0.005035,0.001916,0.002741,0.017715,0.011225,0.005699,0.027468,0.000641,0.004,0.004337,0.007164,0.012881,0.004731,0.000641,0.002446,0.001464,0.003792,0.002606,0.004147,0.012592,0.012994,0.00187,0.000641,0.001882,0.001939,0.006187,0.000856,0.000856,0.002806,0.007839,0.000641,0.001712,0.001659,0.000641,0.001274,0.001543,0.002806,0.002171,0.000641,0.001468,0.002558,0.006172,0.000934,0.000641,0.00598,0.002166,0.000641,0.001274,0.003239,0.000641,0.00107,0.001148,0.002018,0.003886,0.004328,0.003762,0.001264,0.000641,0.000641,0.016359,0.009794,0.000641,0.000641,0.012106,0.000641,0.000641,0.000641,0.000641,0.000641,0.000641,0.001409,0.000902,0.000641,0.000641,0.000641,0.000902,0.000641,0.000641,0.000641,0.001218,0.001784,0.000641,0.010112,0.001116,0.000641,0.000958,0.000641,0.000845,0.000641,0.000641,0.000641,0.000641,0.000641,0.000641,0.000641,0.000641,0.000641,0.000641,0.016499,0.002007,0.000641,0.002371,0.001843,0.015993,0.001036,0.001284,0.001323,0.003283,0.00133,0.000845,0.000641,0.011106,0.001036,0.001148,0.002106,0.001227,0.000641,0.003149,0.000958,0.001712,0.000641,0.000947,0.001106,0.000641,0.001386,0.00107,0.00107,0.000934,0.000641,0.000641,0.000641,0.00107,0.000641,0.001264,0.000641,0.000641,0.001734,0.000934,0.00165,0.001386,0.001916,0.000958,0.003599,0.001757,0.000641,0.000856,0.00165,0.003656,0.002637,0.001441,0.000958,0.000845,0.000856,0.000856,0.002584,0.000641,0.001106,0.002327,0.000641,0.001195,0.021397,0.002473,0.002413,0.003473,0.00626,0.004423,0.001636,0.0016,0.000641,0.001538,0.002535,0.000641,0.000856,0.000641,0.00281,0.000902,0.000641,0.002552,0.002223,0.000856,0.000934,0.007187,0.009755,0.002401,0.003929,0.001743,0.009215,0.008715
2022-10-06,0.006031,0.009905,0.006219,0.010133,0.005733,0.002941,0.005494,0.009905,0.002314,0.008993,0.00389,0.017039,0.012586,0.031615,0.037754,0.003044,0.004236,0.00737,0.002489,0.006628,0.007982,0.005554,0.006761,0.009852,0.006013,0.007248,0.013529,0.000449,0.00558,0.007459,0.005638,0.006401,0.005539,0.011754,0.016859,0.010192,0.010376,0.002431,0.003302,0.004293,0.005455,0.000449,0.000449,0.000449,0.000449,0.009015,0.010312,0.001956,0.001705,0.007565,0.005703,0.006859,0.013774,0.002197,0.00105,0.000449,0.001254,0.009722,0.001592,0.018145,0.001263,0.003902,0.007345,0.003895,0.000449,0.003951,0.001227,0.000749,0.001728,0.001827,0.004584,0.003273,0.003933,0.007563,0.004467,0.001341,0.001918,0.020568,0.008486,0.004931,0.024254,0.000449,0.004056,0.00335,0.005329,0.009645,0.004883,0.000449,0.004539,0.001339,0.011451,0.005908,0.007929,0.016354,0.00941,0.001309,0.000449,0.001632,0.001357,0.005273,0.000599,0.000599,0.004792,0.008629,0.000449,0.001513,0.001476,0.000449,0.000891,0.001394,0.002593,0.001834,0.000449,0.001342,0.001791,0.009033,0.001911,0.000449,0.004814,0.001516,0.000449,0.000891,0.002267,0.000449,0.000749,0.000804,0.001412,0.00272,0.003344,0.002633,0.001827,0.000449,0.000449,0.011765,0.008427,0.000449,0.000449,0.008788,0.000449,0.000449,0.000449,0.000449,0.000449,0.000449,0.001615,0.000631,0.000449,0.000449,0.000449,0.000946,0.000449,0.000449,0.000449,0.000853,0.001249,0.000449,0.007707,0.001095,0.000449,0.00067,0.000449,0.000592,0.000449,0.000449,0.000449,0.000449,0.000449,0.000449,0.000449,0.000449,0.000449,0.000449,0.012806,0.002033,0.000449,0.00323,0.00129,0.01842,0.001354,0.003726,0.000926,0.002298,0.000931,0.000592,0.000449,0.008402,0.000725,0.000804,0.001788,0.003372,0.000449,0.002205,0.00067,0.003712,0.000449,0.002234,0.000774,0.000449,0.00097,0.000749,0.003262,0.000968,0.000449,0.000449,0.000449,0.000749,0.000449,0.000885,0.000449,0.000449,0.001214,0.000654,0.00304,0.002855,0.001655,0.001613,0.002519,0.00123,0.000449,0.000599,0.003668,0.002873,0.001846,0.001009,0.001613,0.000592,0.000599,0.00217,0.002437,0.000763,0.000774,0.0032,0.000449,0.002721,0.015606,0.002988,0.001689,0.00463,0.004696,0.003725,0.001145,0.00112,0.000449,0.001076,0.003659,0.000449,0.000599,0.001391,0.003537,0.000631,0.000763,0.002728,0.002184,0.001541,0.001282,0.008487,0.007771,0.006079,0.00275,0.001534,0.016817,0.007043
2023-01-03,0.005993,0.008705,0.006716,0.008274,0.009328,0.00324,0.003845,0.009886,0.00162,0.009838,0.003313,0.019014,0.011172,0.029217,0.043554,0.006265,0.002965,0.009293,0.004104,0.00464,0.00795,0.004478,0.005914,0.013983,0.004209,0.007436,0.013014,0.000314,0.005087,0.009355,0.005718,0.004481,0.004468,0.015314,0.018888,0.007134,0.008444,0.001702,0.002902,0.004186,0.004409,0.000314,0.000314,0.000314,0.000314,0.009854,0.016667,0.001369,0.001784,0.011201,0.003992,0.004802,0.010233,0.001538,0.000735,0.000905,0.000878,0.013892,0.001705,0.025693,0.001475,0.005684,0.007503,0.002727,0.001495,0.003947,0.00204,0.000524,0.001209,0.00246,0.004981,0.002882,0.005115,0.005885,0.004308,0.001529,0.001343,0.019712,0.007121,0.005224,0.021112,0.000314,0.005792,0.002345,0.00373,0.007342,0.00578,0.000314,0.004949,0.001528,0.022189,0.004726,0.009094,0.022668,0.007177,0.001507,0.000314,0.001142,0.00095,0.005463,0.000419,0.000419,0.003354,0.007221,0.000314,0.00224,0.001033,0.000314,0.000624,0.000976,0.001815,0.001284,0.000314,0.00153,0.001254,0.006913,0.001337,0.000314,0.00337,0.001061,0.000314,0.001215,0.001587,0.000314,0.000524,0.000563,0.000989,0.001904,0.002341,0.002434,0.001279,0.000314,0.000314,0.008236,0.006489,0.000314,0.000314,0.008514,0.000314,0.000314,0.000314,0.000314,0.000314,0.000314,0.00113,0.000442,0.000314,0.000314,0.000314,0.000662,0.000314,0.000314,0.000314,0.000597,0.000874,0.000314,0.007757,0.001357,0.000314,0.000469,0.000314,0.000414,0.000314,0.000314,0.000314,0.000314,0.000314,0.000314,0.000314,0.000314,0.000314,0.000314,0.008964,0.002605,0.000314,0.004623,0.000903,0.021162,0.000948,0.003199,0.000649,0.001609,0.000652,0.000414,0.000314,0.007653,0.000508,0.000563,0.001252,0.002951,0.000314,0.001543,0.000469,0.002598,0.000314,0.001564,0.000542,0.000314,0.000679,0.000524,0.003464,0.000678,0.000314,0.000314,0.000314,0.000524,0.000314,0.00062,0.000314,0.000314,0.00144,0.000458,0.005081,0.004361,0.00234,0.001719,0.001764,0.001452,0.000314,0.00101,0.003158,0.002011,0.001292,0.000706,0.001719,0.000414,0.000419,0.001519,0.003478,0.000534,0.001723,0.012279,0.000314,0.002495,0.012696,0.003272,0.001182,0.005013,0.005059,0.003198,0.000802,0.000784,0.000314,0.000753,0.006695,0.000314,0.000419,0.000974,0.003657,0.000442,0.000534,0.0025,0.001529,0.001079,0.001488,0.008303,0.00603,0.006617,0.003106,0.001664,0.021221,0.00493
2023-03-31,0.005083,0.010658,0.005842,0.008074,0.008939,0.003282,0.002819,0.009329,0.00126,0.009042,0.004729,0.018128,0.009723,0.02844,0.043928,0.006795,0.002583,0.010436,0.004902,0.006291,0.006833,0.004403,0.005408,0.011944,0.003581,0.007741,0.012787,0.00022,0.006858,0.006929,0.005905,0.003897,0.005663,0.013509,0.020829,0.008037,0.007559,0.001825,0.004441,0.004072,0.005495,0.00022,0.00022,0.00022,0.00022,0.008546,0.017119,0.001212,0.001502,0.011264,0.003175,0.005643,0.010206,0.002218,0.001149,0.001014,0.002643,0.012514,0.002842,0.024832,0.001159,0.005247,0.008676,0.002923,0.0013,0.003777,0.002062,0.000494,0.0011,0.001722,0.00374,0.002778,0.005482,0.007416,0.003776,0.001071,0.001067,0.020646,0.006506,0.005305,0.019723,0.000474,0.004815,0.002656,0.004386,0.008056,0.007216,0.00022,0.005747,0.002084,0.019336,0.009394,0.011691,0.019418,0.006673,0.001435,0.00022,0.00118,0.000792,0.006614,0.00042,0.000674,0.003109,0.007337,0.00022,0.002202,0.000723,0.00022,0.000564,0.000937,0.002412,0.001659,0.00022,0.002719,0.002019,0.00915,0.002204,0.00022,0.003247,0.001884,0.00022,0.001865,0.001491,0.00022,0.000367,0.001281,0.001706,0.002855,0.002272,0.002084,0.001656,0.00022,0.000347,0.007287,0.006191,0.00022,0.00022,0.007608,0.00022,0.00022,0.00022,0.00022,0.000347,0.00022,0.001932,0.000309,0.000474,0.00022,0.000347,0.000844,0.00022,0.00022,0.00022,0.000418,0.000612,0.000347,0.00581,0.001204,0.000347,0.000328,0.0006,0.00029,0.00022,0.00022,0.00022,0.00022,0.00022,0.00022,0.00022,0.00022,0.00022,0.00022,0.009191,0.003345,0.00022,0.005138,0.000632,0.020773,0.00079,0.003253,0.000454,0.001126,0.000456,0.00067,0.00022,0.006372,0.000355,0.000648,0.000876,0.002066,0.00022,0.00108,0.000455,0.002199,0.00022,0.001348,0.000506,0.000347,0.000856,0.000367,0.002932,0.000601,0.00022,0.00022,0.00022,0.000494,0.00022,0.000434,0.00022,0.00022,0.001769,0.001208,0.004698,0.006349,0.001891,0.002598,0.001361,0.001397,0.00022,0.001594,0.002718,0.001661,0.001665,0.000621,0.001457,0.000417,0.000293,0.00157,0.003956,0.001135,0.001206,0.011005,0.00022,0.001747,0.010282,0.002544,0.001969,0.005791,0.005063,0.00376,0.002083,0.001436,0.00022,0.001035,0.005574,0.00022,0.00042,0.001062,0.002941,0.00069,0.000881,0.002638,0.001197,0.001009,0.001802,0.008094,0.006377,0.007802,0.002555,0.001419,0.019673,0.006748
2023-06-28,0.006857,0.010412,0.004089,0.007041,0.009209,0.004381,0.004056,0.009656,0.001577,0.00876,0.006261,0.018419,0.008716,0.026853,0.040993,0.006145,0.002329,0.009388,0.006035,0.008744,0.006519,0.003776,0.005869,0.00975,0.004763,0.007676,0.01277,0.000154,0.007404,0.005718,0.00639,0.002728,0.006395,0.013276,0.017011,0.009098,0.007028,0.001972,0.003629,0.00476,0.007319,0.000154,0.000154,0.000154,0.000154,0.006677,0.018407,0.001196,0.001572,0.010836,0.002396,0.004992,0.008186,0.0019,0.001498,0.000883,0.005322,0.009801,0.007718,0.022765,0.000811,0.004715,0.007809,0.003435,0.001605,0.005075,0.001791,0.000346,0.002159,0.001726,0.00366,0.003507,0.007657,0.007795,0.003338,0.000923,0.001094,0.019834,0.00577,0.004408,0.019883,0.000332,0.00528,0.00238,0.003765,0.006334,0.006961,0.000154,0.005412,0.001632,0.019438,0.011958,0.01426,0.018975,0.007275,0.001699,0.000154,0.001868,0.000554,0.005845,0.000989,0.000472,0.003565,0.00774,0.000154,0.002062,0.000506,0.000328,0.000915,0.000656,0.002903,0.001509,0.000154,0.002772,0.002455,0.00953,0.002758,0.000154,0.003835,0.001492,0.000154,0.00252,0.001218,0.000154,0.00043,0.001244,0.002931,0.002866,0.002459,0.001806,0.00168,0.000154,0.001111,0.005795,0.005028,0.000154,0.000154,0.009666,0.000154,0.000154,0.000154,0.000154,0.000243,0.000328,0.002047,0.000217,0.000332,0.000154,0.000243,0.000591,0.000154,0.000154,0.000154,0.000292,0.000428,0.000243,0.005109,0.001537,0.000416,0.00023,0.00042,0.000203,0.000154,0.000154,0.000154,0.000154,0.000154,0.000154,0.000154,0.000154,0.000154,0.000154,0.011295,0.003904,0.000154,0.006201,0.000443,0.019576,0.001074,0.003493,0.000318,0.000962,0.000319,0.000469,0.000154,0.005155,0.000422,0.000627,0.000613,0.001446,0.000328,0.00093,0.000492,0.001713,0.000154,0.001464,0.000528,0.000243,0.000773,0.000257,0.003268,0.000421,0.000154,0.000154,0.000154,0.000346,0.000154,0.000304,0.000154,0.000501,0.001933,0.001714,0.005198,0.005833,0.001324,0.003902,0.000953,0.001325,0.000154,0.001463,0.002597,0.001337,0.001339,0.000608,0.001888,0.000639,0.000553,0.00162,0.003637,0.000794,0.000844,0.011175,0.000154,0.001223,0.008413,0.002302,0.00242,0.005964,0.005801,0.004194,0.002152,0.002394,0.000154,0.001592,0.004597,0.000154,0.001162,0.000917,0.005183,0.000656,0.000964,0.00202,0.001359,0.000706,0.001956,0.007749,0.0062,0.009107,0.00283,0.00134,0.018979,0.00698
