date,best_eps_chg_21d,best_eps_chg_63d,best_eps_chg_126d,best_eps_chg_252d,best_eps_accel,best_eps_chg_vol,best_sales_chg_21d,best_sales_chg_63d,best_sales_chg_126d,best_sales_chg_252d,best_sales_accel,best_sales_chg_vol,best_calculated_fcf_chg_21d,best_calculated_fcf_chg_63d,best_calculated_fcf_chg_126d,best_calculated_fcf_chg_252d,best_calculated_fcf_accel,best_calculated_fcf_chg_vol,best_calculated_fcf_level_z,best_calculated_fcf_rank,best_calculated_fcf_vs_median,best_gross_margin_chg_21d,best_gross_margin_chg_63d,best_gross_margin_chg_126d,best_gross_margin_chg_252d,best_gross_margin_accel,best_gross_margin_chg_vol,oper_margin_chg_21d,oper_margin_chg_63d,oper_margin_chg_126d,oper_margin_chg_252d,oper_margin_accel,oper_margin_chg_vol,best_capex_chg_21d,best_capex_chg_63d,best_capex_chg_126d,best_capex_chg_252d,best_capex_accel,best_capex_chg_vol,best_capex_level_z,best_capex_rank,best_capex_vs_median,best_roe_chg_21d,best_roe_chg_63d,best_roe_chg_126d,best_roe_chg_252d,best_roe_accel,best_roe_chg_vol,best_roe_level_z,best_roe_rank,best_roe_vs_median,best_pe_ratio_level_z,best_pe_ratio_chg_21d,best_pe_ratio_chg_63d,best_pe_ratio_accel,best_pe_ratio_vs_median,best_pe_ratio_vol,best_pe_ratio_rank,best_peg_ratio_level_z,best_peg_ratio_chg_21d,best_peg_ratio_chg_63d,best_peg_ratio_accel,best_peg_ratio_vs_median,best_peg_ratio_vol,best_peg_ratio_rank,best_px_bps_ratio_level_z,best_px_bps_ratio_chg_21d,best_px_bps_ratio_chg_63d,best_px_bps_ratio_accel,best_px_bps_ratio_vs_median,best_px_bps_ratio_vol,best_px_bps_ratio_rank,best_ev_to_best_ebitda_level_z,best_ev_to_best_ebitda_chg_21d,best_ev_to_best_ebitda_chg_63d,best_ev_to_best_ebitda_accel,best_ev_to_best_ebitda_vs_median,best_ev_to_best_ebitda_vol,best_ev_to_best_ebitda_rank,earnings_quality_63d,earnings_quality_252d,op_leverage_63d,cash_conversion_z,capex_intensity_z,capex_intensity_chg,roe_pe_z,mkcap_eps_divg,reversal_5d,reversal_10d,reversal_21d,momentum_63d,momentum_126d,momentum_252d,risk_adj_mom_63d,risk_adj_mom_126d,risk_adj_mom_252d,realized_vol_21d,realized_vol_63d,realized_vol_126d,vol_ratio_21_126,vol_change_21d,price_dist_ma_21d,price_dist_ma_50d,price_dist_ma_200d,ma_cross_21_50,ma_cross_50_200,drawdown_63d,dist_52w_high,dist_52w_low,range_position_52w,mktcap_rank,rel_mom_21d,rel_mom_63d,rel_mom_126d,mom_rank_21d,mom_rank_63d,ret_skew_21d,ret_kurt_21d,ret_skew_63d,ret_kurt_63d,max_ret_21d,min_ret_21d,max_ret_63d,min_ret_63d,pos_ret_ratio_21d,pos_ret_ratio_63d,downside_vol_21d,downside_vol_63d,up_down_vol_ratio,beta_63d,idio_vol_63d,trend_consist_63d,analyst_rec_level,analyst_rec_diff_5d,analyst_rec_diff_21d,analyst_rec_diff_63d,analyst_rec_accel,analyst_rec_rank,analyst_rec_stability,analyst_rec_vs_median,tg_upside,tg_upside_diff_5d,tg_upside_diff_21d,tg_upside_rank,tg_upside_z,tg_upside_vs_median,tg_upside_vol,tg_mom_21d,tg_mom_63d,tg_conviction,eps_rev,eps_rev_diff_5d,eps_rev_diff_21d,eps_rev_diff_63d,eps_rev_ma_63d,eps_rev_accel,eps_rev_rank,eps_rev_rel_strength,eps_rev_vol,eps_rev_trend,eps_rev_momentum,eps_rev_vs_median,eps_rev_level_persist_21d,eps_rev_level_persist_63d,eps_rev_time_high,eps_rev_time_low,eps_rev_level_dir,eps_rev_adj_diff_5d,eps_rev_adj_diff_21d,eps_rev_stability_score,eps_rev_quality_composite,sales_rev,sales_rev_diff_5d,sales_rev_diff_21d,sales_rev_diff_63d,sales_rev_ma_63d,sales_rev_accel,sales_rev_rank,sales_rev_rel_strength,sales_rev_vol,sales_rev_trend,sales_rev_momentum,sales_rev_vs_median,sales_rev_level_persist_21d,sales_rev_level_persist_63d,sales_rev_time_high,sales_rev_time_low,sales_rev_level_dir,sales_rev_adj_diff_5d,sales_rev_adj_diff_21d,sales_rev_stability_score,sales_rev_quality_composite,rev_divergence,rev_rank_divergence,rev_combined,rev_breadth,news_raw,news_ma5,news_ma21,news_ma63,news_trend,news_accel,news_vol,news_surprise,news_rank,news_range_pos,sent_momentum,sent_momentum_diff,sent_momentum_rank,sent_21d,sent_21d_accel,cal_is_Q1,cal_is_Q2,cal_is_Q3,cal_is_Q4,cal_is_jan,cal_is_qtr_end,cal_is_yr_end,cal_is_earnings,cal_month_in_qtr,cal_is_mid_qtr,cal_is_first_half,cal_is_monday,cal_is_friday,sector_Technology,sector_Consumer Discretionary,sector_Industrials,sector_Healthcare,sector_Financials,sector_Consumer Staples,sector_Energy,sector_Materials,sector_Utilities,sector_Real Estate,sector_Communication Services,is_mega_cap,is_large_cap,is_mid_cap,is_small_cap,size_rank,regime_mkt_ret_21d,regime_mkt_ret_63d,regime_avg_vol_21d,regime_avg_vol_63d,regime_dispersion_21d,regime_breadth_50d,is_high_vol,is_low_vol,is_bull_market,is_bear_market,is_trending,is_high_dispersion,earn_is_day,earn_days_since,earn_days_to_next,earn_pre_5d,earn_pre_10d,earn_post_5d,earn_post_10d,earn_cycle_pos,regime_rev_breadth_eps,is_rev_expansion,regime_rev_breadth_sales,regime_sent_breadth,regime_avg_rec,fac_F_MinVol_mom_21d,fac_F_MinVol_vol_21d,fac_F_MinVol_mom_63d,fac_F_MinVol_vol_63d,fac_F_MinVol_accel,fac_F_Quality_mom_21d,fac_F_Quality_vol_21d,fac_F_Quality_mom_63d,fac_F_Quality_vol_63d,fac_F_Quality_accel,fac_F_HiDiv_mom_21d,fac_F_HiDiv_vol_21d,fac_F_HiDiv_mom_63d,fac_F_HiDiv_vol_63d,fac_F_HiDiv_accel,fac_F_Growth_mom_21d,fac_F_Growth_vol_21d,fac_F_Growth_mom_63d,fac_F_Growth_vol_63d,fac_F_Growth_accel,fac_F_Value_mom_21d,fac_F_Value_vol_21d,fac_F_Value_mom_63d,fac_F_Value_vol_63d,fac_F_Value_accel,fac_F_SmCap_mom_21d,fac_F_SmCap_vol_21d,fac_F_SmCap_mom_63d,fac_F_SmCap_vol_63d,fac_F_SmCap_accel,fac_F_HiBeta_mom_21d,fac_F_HiBeta_vol_21d,fac_F_HiBeta_mom_63d,fac_F_HiBeta_vol_63d,fac_F_HiBeta_accel,fac_value_growth_21d,fac_value_growth_63d,fac_risk_on_off_21d,fac_qual_growth_21d,fac_hidiv_growth_21d,fac_SPX_mom_21d,fac_SPX_mom_63d,fac_NDX_mom_21d,fac_NDX_mom_63d,fac_em_dev_spread,fac_us_eu_spread,fac_VIX_level,fac_VIX_chg_5d,fac_VIX_zscore,fac_VIX_elevated,fac_VIX_panic,fac_vrp_proxy,fac_SKEW_level,fac_SKEW_chg,fac_yield_slope,fac_yield_slope_chg,fac_curve_inverted,fac_curve_steep,fac_real_rate,fac_real_rate_chg,fac_rate_vol,fac_us_ger_spread,fac_dxy_zscore,fac_dxy_mom_21d,fac_usd_strong,fac_usdkrw_chg,fac_em_fx_mom,fac_WTI_mom_21d,fac_WTI_mom_63d,fac_GOLD_mom_21d,fac_GOLD_mom_63d,fac_copper_gold,fac_cmd_mom_21d,fac_GS_AI_mom,fac_GS_Nuclear_mom,fac_GS_SemiHW_mom,fac_cesi_level,fac_cesi_chg,fac_aaii_spread,fac_aaii_chg
2016-12-19,0.002796,0.002796,0.002886,0.003833,0.003066,0.005141,0.002751,0.003337,0.005096,0.003653,0.002841,0.004915,0.002751,0.003202,0.003292,0.003202,0.002705,0.004149,0.003517,0.003427,0.002931,0.003337,0.002886,0.003653,0.003202,0.002931,0.003653,0.003698,0.003923,0.003427,0.004645,0.003472,0.00496,0.002705,0.003607,0.003111,0.003292,0.003562,0.003292,0.002796,0.003653,0.003653,0.002931,0.003202,0.003292,0.003743,0.002435,0.003923,0.004149,0.003111,0.002796,0.002841,0.003292,0.00257,0.003111,0.003021,0.003607,0.002886,0.004104,0.002705,0.002886,0.004329,0.003292,0.003247,0.0046,0.003292,0.003111,0.00257,0.00248,0.003968,0.005186,0.002841,0.003968,0.00257,0.003607,0.003517,0.00469,0.00726,0.004058,0.002615,0.004915,0.003562,0.004284,0.005998,0.004239,0.003337,0.003247,0.002074,0.002931,0.002751,0.002796,0.003472,0.003021,0.002705,0.002841,0.002751,0.003382,0.00478,0.004645,0.003292,0.002525,0.003156,0.003743,0.003833,0.003653,0.005998,0.002931,0.003156,0.003382,0.002525,0.004194,0.002931,0.00248,0.002705,0.002615,0.002705,0.002525,0.002976,0.004194,0.0069,0.003472,0.003156,0.003968,0.003698,0.003607,0.002705,0.003247,0.004194,0.002886,0.003968,0.004194,0.002886,0.002976,0.002209,0.003292,0.002931,0.003653,0.003562,0.0046,0.004194,0.003066,0.00239,0.00257,0.00266,0.002886,0.003562,0.0046,0.003698,0.003337,0.005547,0.002705,0.002074,0.002615,0.002886,0.003607,0.00248,0.002254,0.00248,0.002796,0.003472,0.002029,0.002841,0.003202,0.003337,0.003066,0.003292,0.002254,0.002119,0.003111,0.002705,0.002931,0.003472,0.002029,0.002841,0.003968,0.003427,0.004058,0.00266,0.002435,0.002841,0.003698,0.002119,0.003337,0.002751,0.003202,0.003878,0.004058,0.002435,0.002074,0.00248,0.002615,0.002705,0.00266,0.002751,0.002615,0.002931,0.002029,0.002074,0.003923,0.003066,0.002074,0.002074,0.005186,0.002029,0.002029,0.002029,0.002029,0.002029,0.002029,0.00257,0.00266,0.002254,0.002119,0.002119,0.002029,0.002119,0.002345,0.002029,0.002119,0.0023,0.002435,0.002029,0.002029,0.002029,0.002164,0.002345,0.002029,0.002029,0.002029,0.002029,0.002029,0.002029,0.002029,0.002029,0.002029,0.002029,0.002029,0.002029,0.0023,0.002841,0.00248,0.0023,0.003156,0.004149,0.002435,0.002209,0.002164,0.002029,0.002029,0.002029,0.002029,0.002209,0.002029,0.002029,0.002029,0.002029,0.002119,0.002029,0.002029,0.007576,0.00248,0.002029,0.002886,0.002119,0.002751,0.002209,0.00239,0.00257,0.00257,0.00239,0.002435,0.002254,0.002254,0.002209,0.00248,0.002254,0.002705,0.002435,0.00257,0.00239,0.002164,0.00266,0.002074,0.00248,0.00239,0.002345,0.002119,0.002254,0.002345,0.002254,0.002525,0.002209,0.002254,0.002705,0.002119,0.002164,0.00239,0.002345,0.002976,0.0023,0.00257,0.002435,0.002345,0.002345,0.002209,0.002209,0.002074,0.00248,0.002074,0.002209,0.002209,0.002029,0.002029,0.002119,0.002029,0.002029,0.002119,0.002029,0.002029,0.002525,0.002209,0.002029,0.002029,0.00239,0.002119,0.002525,0.002074,0.002209,0.00248,0.002029,0.0023,0.002345,0.002029,0.002886,0.002615,0.0023,0.002615,0.002209,0.002029,0.002074,0.002029,0.002029,0.002074,0.002119,0.002119
2017-09-08,0.002521,0.002295,0.002979,0.004713,0.003105,0.006756,0.003674,0.003464,0.005823,0.004192,0.002665,0.005866,0.002602,0.003594,0.004334,0.002749,0.002627,0.004145,0.004492,0.003076,0.003349,0.003294,0.002358,0.003459,0.003594,0.002898,0.004136,0.004618,0.006468,0.00426,0.004943,0.004404,0.007081,0.002571,0.003709,0.004208,0.004898,0.003678,0.00394,0.002577,0.004643,0.00329,0.002446,0.004328,0.003714,0.003691,0.002381,0.004776,0.00375,0.003419,0.002634,0.002722,0.003037,0.002307,0.002516,0.002622,0.004724,0.003261,0.004677,0.002119,0.003035,0.003369,0.003601,0.003344,0.004742,0.003714,0.003419,0.002871,0.002751,0.004413,0.007578,0.002891,0.005597,0.002871,0.003709,0.003139,0.006102,0.008353,0.004589,0.002338,0.006035,0.004693,0.00548,0.007525,0.004321,0.003915,0.003457,0.001734,0.003123,0.002658,0.002577,0.003446,0.00313,0.002965,0.003567,0.002602,0.003664,0.006842,0.006014,0.003827,0.002331,0.00345,0.003804,0.004431,0.003967,0.006623,0.002898,0.003676,0.004115,0.002557,0.005191,0.002954,0.002131,0.002627,0.00262,0.002514,0.002331,0.002816,0.005135,0.008382,0.005306,0.002886,0.004131,0.005126,0.004781,0.003191,0.003119,0.004515,0.002753,0.005597,0.00474,0.002979,0.003549,0.001659,0.004165,0.002616,0.004136,0.003283,0.004799,0.005304,0.003218,0.002011,0.002589,0.002483,0.002471,0.004242,0.004968,0.003773,0.003182,0.006928,0.002176,0.001508,0.002056,0.002866,0.005401,0.002413,0.001916,0.002074,0.002916,0.00384,0.00142,0.002891,0.002918,0.003689,0.003895,0.003263,0.002198,0.001653,0.002798,0.002571,0.002559,0.003164,0.001533,0.00306,0.004413,0.004429,0.004251,0.002765,0.002268,0.00368,0.003716,0.001653,0.002618,0.002602,0.003482,0.004576,0.00504,0.002212,0.001565,0.002807,0.002338,0.002627,0.002877,0.002264,0.002507,0.00301,0.00142,0.001565,0.003874,0.003556,0.001508,0.001452,0.005209,0.00142,0.00142,0.00142,0.00142,0.00142,0.00142,0.002025,0.002144,0.00186,0.001653,0.001483,0.00142,0.001483,0.001754,0.00142,0.001596,0.00223,0.001761,0.00142,0.00142,0.00142,0.001571,0.001641,0.00142,0.00142,0.00142,0.001477,0.00142,0.001477,0.00142,0.00142,0.001646,0.00142,0.00142,0.00142,0.001722,0.003342,0.002695,0.001892,0.002491,0.004652,0.002325,0.001885,0.001515,0.00142,0.001477,0.00142,0.00142,0.001603,0.00142,0.00142,0.00142,0.00142,0.001483,0.00142,0.00142,0.011337,0.001792,0.00142,0.002246,0.001653,0.004407,0.001659,0.002124,0.002194,0.002589,0.001898,0.002043,0.001973,0.002255,0.001885,0.002187,0.001804,0.002514,0.002437,0.002194,0.001955,0.001797,0.002201,0.001677,0.002018,0.001729,0.001923,0.001935,0.001747,0.002374,0.001635,0.002331,0.001829,0.00186,0.003473,0.001765,0.00191,0.002631,0.001923,0.003042,0.002004,0.00225,0.002043,0.001923,0.002374,0.002223,0.001772,0.001903,0.002469,0.001508,0.001885,0.001829,0.00142,0.001477,0.001596,0.00142,0.00142,0.001596,0.00142,0.00142,0.002952,0.001829,0.00142,0.00142,0.002406,0.001653,0.001993,0.001677,0.001716,0.002187,0.001533,0.001779,0.001867,0.001533,0.002358,0.002338,0.002625,0.002451,0.001716,0.00142,0.001565,0.00142,0.001589,0.001677,0.001596,0.001596
2017-12-06,0.003013,0.002174,0.003277,0.005854,0.002628,0.00666,0.003991,0.003617,0.006176,0.005432,0.003001,0.006263,0.002503,0.003538,0.004623,0.003286,0.002293,0.004945,0.005075,0.003515,0.003479,0.003271,0.002616,0.00367,0.003935,0.003788,0.004768,0.005049,0.007706,0.004458,0.00522,0.004899,0.007625,0.002594,0.003505,0.004592,0.005983,0.00371,0.004858,0.003393,0.003988,0.003211,0.002223,0.004619,0.003735,0.004173,0.002064,0.004819,0.003476,0.003017,0.003149,0.003324,0.002864,0.002409,0.002556,0.002971,0.005407,0.00285,0.00475,0.001994,0.002806,0.003039,0.004167,0.00376,0.006158,0.003622,0.003812,0.002747,0.002437,0.004679,0.008824,0.002932,0.006075,0.002747,0.00464,0.003162,0.006713,0.009707,0.004518,0.002034,0.005303,0.006577,0.007185,0.009071,0.0045,0.004273,0.003952,0.001554,0.003378,0.002712,0.003961,0.004342,0.003667,0.002814,0.004427,0.002957,0.003927,0.007003,0.00614,0.003417,0.003448,0.003607,0.004309,0.004691,0.003855,0.007191,0.002766,0.003708,0.004754,0.003152,0.006188,0.002522,0.002173,0.00252,0.002288,0.002668,0.001973,0.002823,0.005524,0.009217,0.005531,0.003269,0.004708,0.005291,0.005106,0.002915,0.00258,0.004977,0.002835,0.005394,0.005532,0.00288,0.003677,0.001389,0.005016,0.002853,0.005052,0.003661,0.004892,0.005189,0.003331,0.001635,0.002891,0.002192,0.002241,0.005467,0.006089,0.003379,0.003249,0.008539,0.001977,0.001056,0.001666,0.00246,0.005995,0.001916,0.001852,0.001906,0.003403,0.004051,0.000994,0.002534,0.002951,0.003774,0.003805,0.002738,0.001652,0.00127,0.002867,0.00214,0.002018,0.003236,0.00113,0.003675,0.003827,0.004974,0.004565,0.00273,0.002212,0.003144,0.003453,0.001157,0.003081,0.002616,0.004367,0.004508,0.005174,0.001719,0.001095,0.003044,0.002602,0.002463,0.002752,0.002096,0.002493,0.002505,0.000994,0.001209,0.003734,0.003227,0.001113,0.001016,0.006258,0.000994,0.000994,0.000994,0.000994,0.000994,0.000994,0.001644,0.001898,0.002437,0.001384,0.001095,0.000994,0.001038,0.001341,0.000994,0.001117,0.002072,0.001289,0.001051,0.000994,0.000994,0.001157,0.001206,0.000994,0.000994,0.000994,0.001204,0.000994,0.00109,0.000994,0.000994,0.001322,0.000994,0.000994,0.000994,0.001263,0.003248,0.002794,0.001551,0.002425,0.004505,0.001854,0.00149,0.00106,0.000994,0.00109,0.000994,0.000994,0.001122,0.000994,0.000994,0.000994,0.000994,0.001038,0.000994,0.000994,0.013612,0.001652,0.000994,0.002253,0.00127,0.005753,0.001445,0.001827,0.002047,0.002607,0.001726,0.001657,0.001608,0.001976,0.00183,0.002382,0.001433,0.002328,0.002274,0.001933,0.001652,0.001769,0.002108,0.001231,0.001867,0.002062,0.00146,0.002035,0.00128,0.002457,0.001201,0.001802,0.001621,0.001302,0.003623,0.001576,0.00145,0.002183,0.001573,0.003094,0.00163,0.002427,0.001771,0.00146,0.001946,0.00184,0.001581,0.001729,0.002637,0.001226,0.002001,0.00128,0.000994,0.00109,0.001174,0.000994,0.000994,0.001288,0.000994,0.000994,0.002691,0.001564,0.000994,0.000994,0.001854,0.001441,0.001793,0.002934,0.001315,0.001928,0.001073,0.001359,0.001704,0.001243,0.002048,0.002034,0.002121,0.002454,0.001542,0.000994,0.001379,0.000994,0.001453,0.001344,0.001174,0.001288
2018-03-05,0.004585,0.002105,0.003313,0.006719,0.002131,0.008157,0.00374,0.003333,0.00709,0.006278,0.003994,0.006204,0.002189,0.003642,0.00411,0.003393,0.00277,0.005136,0.005518,0.003262,0.003309,0.003309,0.003069,0.003734,0.003774,0.003744,0.006032,0.005355,0.007652,0.004577,0.006275,0.004959,0.007959,0.002762,0.003254,0.004671,0.005863,0.004272,0.006604,0.003832,0.003811,0.002976,0.002212,0.004107,0.004071,0.005179,0.002027,0.005631,0.00338,0.002622,0.003442,0.003929,0.002005,0.002633,0.002299,0.005284,0.006407,0.003087,0.004708,0.002197,0.002911,0.002637,0.003864,0.004307,0.006495,0.004064,0.003615,0.003307,0.002288,0.005678,0.009308,0.003072,0.006364,0.002433,0.005505,0.002869,0.007611,0.010727,0.004182,0.001788,0.005387,0.009119,0.007724,0.008389,0.004388,0.004884,0.002912,0.001306,0.00302,0.002554,0.00452,0.004204,0.003877,0.003062,0.004701,0.003235,0.004205,0.00716,0.006628,0.004066,0.003361,0.003836,0.004837,0.00525,0.004228,0.007145,0.002373,0.00347,0.004202,0.002716,0.006516,0.002493,0.002395,0.002565,0.001893,0.002523,0.001745,0.00234,0.006124,0.009874,0.005619,0.003308,0.004606,0.005306,0.004885,0.002623,0.002534,0.004867,0.00315,0.005451,0.006057,0.002453,0.003011,0.000972,0.005186,0.003744,0.005138,0.0038,0.005172,0.004943,0.004079,0.00129,0.002679,0.001826,0.002588,0.00572,0.005646,0.003239,0.003294,0.008672,0.001748,0.000812,0.001895,0.002159,0.006162,0.001487,0.001806,0.001626,0.003547,0.003782,0.000696,0.002648,0.003012,0.004244,0.003173,0.00279,0.001521,0.001035,0.003026,0.002008,0.001777,0.004304,0.000864,0.003446,0.003917,0.006467,0.004288,0.003003,0.002131,0.003803,0.003218,0.00081,0.004123,0.002341,0.004586,0.005486,0.00537,0.001858,0.000912,0.003587,0.002477,0.002016,0.003164,0.001758,0.002473,0.002336,0.000696,0.000992,0.00407,0.003715,0.000852,0.000711,0.005545,0.000696,0.000696,0.000696,0.000696,0.000696,0.000696,0.001515,0.00162,0.001706,0.001114,0.001131,0.000696,0.000727,0.00123,0.000696,0.001073,0.002324,0.000903,0.000881,0.000696,0.000696,0.000883,0.000844,0.000769,0.000696,0.000696,0.000843,0.000696,0.000836,0.000696,0.000696,0.000998,0.000696,0.000696,0.000696,0.000884,0.002783,0.002393,0.00145,0.002571,0.004537,0.001516,0.001188,0.000742,0.000696,0.000763,0.000696,0.000696,0.000858,0.000696,0.000696,0.000696,0.000696,0.000727,0.000696,0.000842,0.014189,0.001375,0.000769,0.001941,0.000962,0.007012,0.001594,0.001789,0.002234,0.002626,0.001354,0.001451,0.001271,0.001966,0.002082,0.002177,0.001076,0.002576,0.002466,0.002154,0.001448,0.001675,0.001913,0.000862,0.002108,0.001589,0.001313,0.001862,0.001406,0.002739,0.001059,0.001262,0.001863,0.000984,0.003483,0.001322,0.001307,0.00211,0.001393,0.002894,0.001651,0.00199,0.001531,0.001313,0.001653,0.001798,0.001471,0.001283,0.002647,0.000858,0.001546,0.000896,0.000696,0.000763,0.000895,0.000696,0.000696,0.000974,0.000696,0.000696,0.002903,0.00124,0.000696,0.000696,0.001589,0.001154,0.001473,0.002709,0.001066,0.002005,0.000751,0.001242,0.00163,0.001089,0.001652,0.001642,0.002359,0.002009,0.001298,0.000696,0.002276,0.000696,0.001454,0.001524,0.000968,0.000974
2018-05-31,0.003676,0.002056,0.003369,0.007269,0.002075,0.008159,0.004368,0.002683,0.00613,0.007311,0.003962,0.005976,0.002465,0.004882,0.003927,0.003075,0.002639,0.004995,0.006196,0.00345,0.003016,0.00325,0.003665,0.003664,0.004042,0.00402,0.006788,0.006081,0.007806,0.004837,0.006259,0.006154,0.00907,0.002167,0.002861,0.005486,0.005737,0.004273,0.007656,0.004432,0.003018,0.002666,0.001898,0.003575,0.004716,0.004791,0.001652,0.005108,0.003999,0.002652,0.003226,0.004267,0.001753,0.002426,0.002192,0.005915,0.006351,0.003094,0.004112,0.001771,0.002387,0.002196,0.003988,0.004764,0.006296,0.004361,0.003347,0.003248,0.002418,0.005374,0.008148,0.003783,0.008071,0.001936,0.005837,0.002941,0.009061,0.010891,0.003627,0.001718,0.00482,0.009766,0.010655,0.008555,0.004471,0.005752,0.004838,0.001031,0.002464,0.002254,0.004214,0.003876,0.004464,0.002493,0.00469,0.004364,0.003527,0.008628,0.006273,0.004246,0.002469,0.003618,0.004086,0.004491,0.004476,0.006518,0.002944,0.003712,0.00609,0.002835,0.008527,0.001979,0.002259,0.002495,0.001442,0.002816,0.002271,0.001755,0.005803,0.010294,0.005333,0.003249,0.004858,0.007213,0.005053,0.003119,0.002591,0.005507,0.003605,0.004749,0.007272,0.0023,0.003507,0.00068,0.004447,0.003671,0.00523,0.00406,0.005836,0.004043,0.003905,0.000903,0.002458,0.002094,0.002511,0.00482,0.004652,0.0032,0.003355,0.008636,0.00134,0.000568,0.002493,0.002095,0.006996,0.001274,0.001848,0.002304,0.003183,0.003814,0.000487,0.002903,0.002925,0.003904,0.003387,0.003003,0.001181,0.000724,0.003401,0.001872,0.001827,0.005462,0.000605,0.003345,0.003558,0.006743,0.004518,0.003619,0.002308,0.004645,0.002486,0.000683,0.004752,0.002455,0.004027,0.006056,0.005275,0.002351,0.000639,0.003911,0.00255,0.001761,0.002565,0.001697,0.002431,0.002801,0.000487,0.001044,0.004132,0.004234,0.000829,0.000498,0.005048,0.000487,0.000487,0.000487,0.000487,0.000487,0.000487,0.001527,0.001251,0.001194,0.00078,0.001258,0.000487,0.000509,0.001094,0.000487,0.000751,0.002443,0.000632,0.000617,0.000487,0.000487,0.000851,0.000591,0.000538,0.000487,0.000487,0.00059,0.000487,0.000585,0.000487,0.000487,0.000699,0.000487,0.000487,0.000487,0.000852,0.002765,0.002375,0.001365,0.00215,0.004342,0.001062,0.000949,0.00052,0.000487,0.000534,0.000487,0.000487,0.000717,0.000487,0.000487,0.000487,0.000487,0.000509,0.000487,0.000589,0.016114,0.001079,0.000538,0.002059,0.000673,0.007825,0.001466,0.001835,0.002263,0.002654,0.001298,0.001016,0.001356,0.002542,0.00344,0.002457,0.000753,0.00227,0.002076,0.002908,0.001597,0.001406,0.002272,0.000953,0.001825,0.001462,0.001152,0.001886,0.001101,0.002384,0.000741,0.001116,0.001304,0.000806,0.004071,0.001042,0.001031,0.002177,0.001208,0.003076,0.001389,0.001976,0.001538,0.001036,0.001624,0.001842,0.001146,0.001015,0.002203,0.000951,0.001432,0.00086,0.000487,0.000534,0.000743,0.000487,0.000487,0.000799,0.000487,0.000487,0.002499,0.000985,0.000487,0.000487,0.001113,0.000808,0.001148,0.002829,0.000746,0.002103,0.000526,0.00122,0.001957,0.001112,0.001273,0.002433,0.001884,0.001523,0.001142,0.000487,0.002293,0.000487,0.001368,0.001533,0.000911,0.000915
2019-08-15,0.004187,0.001977,0.003883,0.008137,0.002618,0.00867,0.003864,0.002326,0.005905,0.00718,0.004746,0.005528,0.001995,0.003866,0.005439,0.004304,0.003461,0.004752,0.007385,0.003132,0.003815,0.003261,0.004807,0.003909,0.006236,0.006132,0.007621,0.007485,0.009588,0.005986,0.008326,0.005742,0.008411,0.002413,0.003258,0.005812,0.005361,0.003888,0.00769,0.004447,0.003637,0.003301,0.001598,0.00313,0.004556,0.00452,0.002143,0.004831,0.005937,0.003022,0.003513,0.003883,0.001855,0.003223,0.002611,0.005575,0.006239,0.003063,0.004492,0.001688,0.002299,0.001896,0.004226,0.00468,0.006469,0.005743,0.002702,0.003529,0.00241,0.005824,0.009021,0.004172,0.006905,0.002073,0.006237,0.003135,0.007598,0.009238,0.003615,0.002279,0.00454,0.010602,0.010956,0.008768,0.004116,0.004744,0.004642,0.000722,0.001904,0.002206,0.003757,0.005582,0.006083,0.002014,0.00418,0.004041,0.003635,0.009984,0.007619,0.003152,0.001997,0.003519,0.003846,0.003503,0.004657,0.006894,0.002509,0.00475,0.008119,0.00315,0.007045,0.001654,0.00203,0.003002,0.001368,0.00215,0.001948,0.001677,0.004869,0.009448,0.005975,0.003171,0.005104,0.006304,0.003985,0.002901,0.002889,0.005379,0.00333,0.005207,0.008049,0.002776,0.003979,0.000566,0.003471,0.003915,0.004378,0.005263,0.007313,0.004892,0.003541,0.000722,0.002079,0.002004,0.002386,0.005885,0.004691,0.003495,0.003873,0.007839,0.001297,0.000577,0.002193,0.001825,0.006601,0.001071,0.001562,0.00233,0.003483,0.003566,0.000341,0.002839,0.002675,0.004347,0.003268,0.00264,0.001096,0.000686,0.002919,0.002028,0.001907,0.004451,0.000423,0.00288,0.003387,0.006782,0.003431,0.00325,0.001795,0.005313,0.002457,0.000658,0.005299,0.002346,0.004702,0.005405,0.00423,0.002004,0.000626,0.003365,0.002323,0.001771,0.002333,0.001726,0.002329,0.002409,0.000341,0.00109,0.004148,0.005026,0.001029,0.000349,0.005058,0.000341,0.000341,0.000341,0.000341,0.000341,0.000341,0.001517,0.000965,0.001105,0.000546,0.000881,0.000341,0.000356,0.001035,0.000341,0.000795,0.002248,0.000442,0.000432,0.000341,0.000341,0.000596,0.000414,0.000377,0.000341,0.000341,0.000413,0.000341,0.000499,0.000341,0.000431,0.000489,0.000341,0.000431,0.000341,0.000596,0.002384,0.001931,0.001135,0.001774,0.005461,0.001191,0.000664,0.000364,0.000341,0.000374,0.000341,0.000341,0.000682,0.000341,0.000341,0.000341,0.000341,0.000356,0.000341,0.000412,0.01397,0.001921,0.000377,0.002069,0.001099,0.007629,0.001295,0.001733,0.001764,0.003203,0.001177,0.00098,0.001487,0.002228,0.002946,0.002168,0.000706,0.001947,0.001632,0.002484,0.001387,0.001163,0.003832,0.00264,0.001816,0.001203,0.000896,0.001769,0.00077,0.001758,0.000878,0.00123,0.001092,0.000923,0.003477,0.001626,0.000901,0.001972,0.001294,0.002781,0.001331,0.001652,0.001256,0.000815,0.001316,0.001827,0.000982,0.002055,0.001542,0.000665,0.001271,0.000692,0.000341,0.000374,0.00052,0.000341,0.000341,0.000559,0.000341,0.000341,0.002108,0.000958,0.000341,0.000341,0.001317,0.000655,0.000983,0.002519,0.000971,0.00201,0.000368,0.001481,0.002177,0.001316,0.001519,0.001793,0.002126,0.001245,0.000889,0.000341,0.001874,0.000341,0.001047,0.002328,0.000817,0.00073
2020-05-06,0.004815,0.001384,0.004131,0.008993,0.003716,0.00654,0.004589,0.00728,0.004133,0.007852,0.00709,0.005754,0.001396,0.003648,0.006633,0.004426,0.002894,0.006152,0.006112,0.003134,0.003612,0.002754,0.003836,0.006975,0.006249,0.004763,0.00816,0.009007,0.011421,0.010783,0.008654,0.005903,0.008243,0.001689,0.003223,0.006894,0.003753,0.003192,0.005854,0.007352,0.003488,0.003724,0.003002,0.002191,0.006015,0.005518,0.003855,0.004323,0.006511,0.002115,0.003872,0.006957,0.00224,0.003669,0.002769,0.004373,0.007664,0.003086,0.00597,0.001653,0.003493,0.00274,0.005784,0.004689,0.006883,0.005904,0.001891,0.003883,0.002629,0.004548,0.006786,0.005275,0.006717,0.001451,0.004837,0.004549,0.00626,0.007408,0.003943,0.001595,0.00412,0.010247,0.010495,0.011318,0.003823,0.004262,0.003249,0.000505,0.001333,0.002015,0.003572,0.004379,0.006142,0.00141,0.00481,0.004713,0.003486,0.009815,0.010985,0.002677,0.003282,0.002934,0.004105,0.002452,0.005615,0.005767,0.002698,0.006151,0.008509,0.00456,0.005873,0.001158,0.001421,0.002572,0.001428,0.001976,0.001835,0.002116,0.003879,0.007084,0.004182,0.005516,0.004515,0.005355,0.003261,0.003914,0.00579,0.004236,0.003273,0.006,0.007518,0.002414,0.007966,0.000396,0.00243,0.003211,0.003065,0.005097,0.009358,0.004367,0.002949,0.000505,0.001456,0.002345,0.002141,0.00459,0.005638,0.00386,0.003182,0.006429,0.000908,0.000404,0.001535,0.00269,0.006975,0.001692,0.001094,0.003515,0.003851,0.002967,0.000239,0.0034,0.001873,0.003985,0.002758,0.002319,0.000767,0.00048,0.002043,0.002832,0.002277,0.003116,0.000296,0.002016,0.002371,0.00616,0.002873,0.003688,0.001257,0.005132,0.00172,0.00046,0.005593,0.003997,0.003762,0.003784,0.003903,0.001874,0.000438,0.003297,0.001626,0.00171,0.002104,0.001679,0.002102,0.003099,0.000239,0.000763,0.003374,0.003518,0.00072,0.000244,0.003541,0.000239,0.000239,0.000239,0.000239,0.000239,0.000239,0.001062,0.001147,0.000773,0.000382,0.001087,0.000239,0.00072,0.002137,0.000239,0.000556,0.001574,0.00031,0.000302,0.000239,0.000239,0.000417,0.000289,0.000264,0.000239,0.000239,0.000289,0.000239,0.00035,0.000239,0.000301,0.000342,0.000239,0.000301,0.000239,0.000417,0.003552,0.001823,0.001736,0.002184,0.005706,0.001305,0.000465,0.000255,0.000239,0.000262,0.000239,0.000239,0.000477,0.000239,0.000239,0.000239,0.000239,0.000249,0.000239,0.000289,0.012134,0.001816,0.000735,0.001919,0.000769,0.008637,0.000907,0.001213,0.003118,0.003184,0.001295,0.000686,0.001512,0.00156,0.005359,0.001989,0.000495,0.001363,0.001614,0.00268,0.001442,0.000814,0.002682,0.00279,0.001271,0.000842,0.001569,0.001238,0.000539,0.001231,0.000614,0.000861,0.000764,0.000646,0.004789,0.001138,0.000631,0.001381,0.001377,0.002417,0.000932,0.001157,0.000879,0.001041,0.000921,0.001279,0.000687,0.00191,0.001079,0.001408,0.00089,0.000955,0.000239,0.000262,0.000835,0.000239,0.000239,0.000862,0.000239,0.000239,0.002417,0.000671,0.000239,0.000239,0.001393,0.000459,0.000688,0.002234,0.00115,0.00282,0.000258,0.001979,0.001524,0.001392,0.002947,0.001726,0.003372,0.000872,0.001093,0.000239,0.001312,0.000239,0.001204,0.002572,0.001043,0.000511
2020-08-03,0.00502,0.002018,0.003791,0.008769,0.003876,0.007277,0.004337,0.00622,0.004692,0.008345,0.006537,0.005602,0.001202,0.003453,0.005617,0.004822,0.002925,0.006555,0.005328,0.002869,0.005002,0.003052,0.005833,0.006907,0.007073,0.004084,0.008411,0.010503,0.011068,0.011596,0.009131,0.005857,0.007869,0.002307,0.003605,0.005801,0.003526,0.003059,0.005822,0.00702,0.003566,0.00553,0.002851,0.002358,0.00556,0.005362,0.003598,0.003926,0.005607,0.002905,0.003685,0.006069,0.002693,0.003842,0.003063,0.004561,0.008438,0.003359,0.006503,0.001757,0.003644,0.002518,0.004948,0.005531,0.007367,0.005782,0.001474,0.003917,0.00244,0.004758,0.006249,0.005567,0.005377,0.001465,0.005185,0.005808,0.006106,0.007435,0.00411,0.001566,0.004758,0.009871,0.00907,0.011221,0.003951,0.004408,0.002799,0.000429,0.000933,0.00171,0.0031,0.00344,0.006923,0.001287,0.004341,0.004573,0.002815,0.009269,0.012262,0.002399,0.002522,0.002429,0.004298,0.003665,0.00483,0.007336,0.002489,0.006255,0.00888,0.004991,0.005011,0.00126,0.001444,0.0027,0.001075,0.001758,0.001809,0.002081,0.003915,0.007208,0.004052,0.004686,0.005709,0.006147,0.002657,0.003789,0.005702,0.005064,0.002891,0.007273,0.006912,0.002589,0.012398,0.000352,0.002151,0.003522,0.00312,0.006491,0.010823,0.00553,0.004313,0.000429,0.001169,0.002691,0.002248,0.003813,0.004846,0.003676,0.004626,0.005775,0.001535,0.000283,0.001749,0.002258,0.006157,0.001559,0.001065,0.00306,0.004945,0.003127,0.000167,0.00343,0.003335,0.003764,0.002905,0.003198,0.000762,0.000336,0.00188,0.002732,0.003018,0.002781,0.000282,0.002161,0.002409,0.006336,0.002386,0.003181,0.001329,0.005317,0.002928,0.000397,0.004815,0.003773,0.004058,0.003923,0.003632,0.001612,0.000307,0.002683,0.001363,0.001572,0.002073,0.00155,0.001921,0.002769,0.000167,0.000759,0.002737,0.003512,0.000579,0.000171,0.003678,0.000167,0.000167,0.000167,0.000167,0.000167,0.000167,0.000893,0.001027,0.000541,0.000268,0.000836,0.000167,0.000579,0.001571,0.000167,0.000464,0.001551,0.000217,0.000212,0.000167,0.000167,0.000292,0.000353,0.000185,0.000242,0.000167,0.000202,0.000167,0.000395,0.000167,0.000286,0.00024,0.000167,0.000211,0.000167,0.000367,0.003236,0.001426,0.00204,0.002578,0.006243,0.000988,0.00055,0.000178,0.000167,0.000183,0.000167,0.000167,0.000334,0.000167,0.000167,0.000167,0.000167,0.000175,0.000167,0.000202,0.011792,0.002021,0.000514,0.001868,0.000539,0.00867,0.001009,0.001824,0.002333,0.003128,0.001206,0.00048,0.001133,0.001317,0.004726,0.001542,0.000496,0.002004,0.001204,0.002476,0.001009,0.00057,0.002252,0.002627,0.001339,0.000589,0.001099,0.001092,0.000452,0.001087,0.000505,0.000902,0.00076,0.000602,0.004327,0.001321,0.000741,0.001041,0.001413,0.002967,0.000877,0.000885,0.001065,0.000804,0.00072,0.001045,0.000556,0.001712,0.000905,0.00121,0.000923,0.000969,0.000167,0.000183,0.000734,0.000167,0.000167,0.000604,0.000167,0.000167,0.002067,0.000545,0.000167,0.000167,0.001275,0.000546,0.000632,0.002089,0.000955,0.003998,0.00018,0.001535,0.001592,0.002099,0.002738,0.001433,0.003035,0.00106,0.000765,0.000167,0.001443,0.000167,0.001218,0.002325,0.00088,0.000358
2020-10-29,0.004436,0.002303,0.003544,0.008713,0.003222,0.008368,0.003544,0.005562,0.004842,0.008607,0.006388,0.006528,0.001446,0.003689,0.006539,0.004393,0.003319,0.006528,0.0057,0.003057,0.005091,0.00344,0.005418,0.006297,0.007812,0.00378,0.007858,0.01088,0.011149,0.012377,0.009634,0.00588,0.007574,0.002791,0.003477,0.005205,0.004026,0.003731,0.005379,0.007139,0.003799,0.005683,0.003045,0.003049,0.004877,0.004548,0.003472,0.005196,0.005165,0.003114,0.004201,0.005583,0.003029,0.003484,0.003638,0.005004,0.009054,0.003877,0.006555,0.001675,0.00325,0.002589,0.004958,0.00616,0.006905,0.006686,0.001413,0.004173,0.002725,0.005206,0.005868,0.005041,0.005162,0.001121,0.004933,0.005973,0.005832,0.007239,0.003735,0.002114,0.005015,0.010693,0.009433,0.01027,0.003751,0.004707,0.003072,0.000491,0.001003,0.001483,0.002774,0.003457,0.006372,0.0016,0.004024,0.005426,0.002861,0.007823,0.011412,0.002506,0.002274,0.002209,0.004153,0.004536,0.004652,0.007328,0.002886,0.005968,0.009267,0.007181,0.004461,0.001105,0.001361,0.002717,0.001038,0.001644,0.001711,0.001838,0.004266,0.006158,0.004076,0.004075,0.005935,0.006115,0.001987,0.00332,0.00485,0.00542,0.002596,0.008778,0.006078,0.003084,0.013605,0.000247,0.002078,0.003864,0.003455,0.007246,0.00977,0.006541,0.004736,0.000364,0.001676,0.002551,0.0024,0.003782,0.004505,0.003463,0.004955,0.006172,0.001488,0.000262,0.001638,0.001994,0.005931,0.001346,0.001095,0.002905,0.0054,0.00311,0.000117,0.003164,0.003797,0.003747,0.002924,0.004304,0.000883,0.000363,0.001729,0.003057,0.003193,0.002614,0.000229,0.001989,0.002354,0.006724,0.001988,0.00264,0.001153,0.005692,0.004084,0.000278,0.004356,0.003245,0.003826,0.005384,0.003591,0.001446,0.000215,0.002323,0.001622,0.001418,0.001928,0.001753,0.001853,0.002447,0.000117,0.000785,0.002679,0.003762,0.000469,0.00012,0.004196,0.000117,0.000117,0.000117,0.000117,0.000117,0.000117,0.00088,0.00091,0.000506,0.000187,0.000617,0.000117,0.000437,0.001863,0.000117,0.000675,0.001531,0.000342,0.000371,0.000117,0.000117,0.000268,0.000406,0.000193,0.000328,0.000117,0.000142,0.000117,0.00034,0.000117,0.0002,0.000327,0.000117,0.000148,0.000244,0.000321,0.003219,0.001316,0.001841,0.002854,0.006309,0.000978,0.000449,0.000188,0.000117,0.00016,0.000117,0.000181,0.000234,0.000117,0.000117,0.000117,0.000117,0.000122,0.000117,0.000141,0.011052,0.001859,0.000392,0.002102,0.000377,0.007467,0.000897,0.001753,0.002078,0.002953,0.001162,0.00059,0.000984,0.000953,0.003785,0.001397,0.000602,0.001657,0.00097,0.002115,0.000802,0.000494,0.001799,0.002634,0.001383,0.000603,0.000864,0.000891,0.00038,0.001301,0.000417,0.000886,0.000754,0.000517,0.003728,0.001084,0.000614,0.00092,0.001021,0.002585,0.0009,0.000842,0.001254,0.00069,0.000949,0.000795,0.000612,0.001516,0.000634,0.001006,0.00071,0.000742,0.000117,0.00016,0.000609,0.000117,0.000117,0.000518,0.000117,0.000117,0.00221,0.000572,0.000117,0.000117,0.002259,0.000732,0.000792,0.002765,0.00105,0.00407,0.000158,0.00117,0.001559,0.001851,0.002647,0.001639,0.004159,0.001314,0.000853,0.000339,0.001201,0.000308,0.001107,0.001691,0.000743,0.000378
2021-01-26,0.0039,0.002567,0.003594,0.008592,0.002892,0.009093,0.002958,0.004848,0.005405,0.008836,0.006222,0.006797,0.001118,0.003431,0.005797,0.004083,0.002695,0.006691,0.005369,0.00336,0.005049,0.003734,0.004748,0.006158,0.008226,0.003601,0.007145,0.011064,0.011623,0.013172,0.011146,0.006025,0.006999,0.003121,0.004237,0.005022,0.003985,0.00346,0.005409,0.00696,0.004304,0.005994,0.002874,0.002824,0.004369,0.004351,0.003332,0.005653,0.005631,0.003453,0.00432,0.007409,0.003765,0.003235,0.003767,0.005731,0.009149,0.004571,0.006657,0.001915,0.00323,0.002449,0.005327,0.006275,0.007486,0.006006,0.001307,0.004459,0.002332,0.005076,0.005222,0.005173,0.005629,0.00105,0.004461,0.005136,0.00631,0.006605,0.003569,0.002646,0.005898,0.00966,0.01005,0.009629,0.003474,0.005257,0.003105,0.000397,0.000702,0.001622,0.002419,0.003321,0.005468,0.001916,0.003613,0.005761,0.0037,0.00781,0.009792,0.002337,0.002069,0.00213,0.004498,0.004767,0.004477,0.009055,0.003293,0.005928,0.009776,0.009588,0.004343,0.001038,0.001377,0.002485,0.001576,0.001522,0.001569,0.001446,0.003994,0.005531,0.00471,0.003966,0.006223,0.005713,0.001868,0.003014,0.004774,0.005916,0.002294,0.008054,0.006164,0.002795,0.014934,0.000173,0.001985,0.00366,0.003108,0.007618,0.009173,0.007072,0.005331,0.000255,0.001863,0.002475,0.002688,0.00445,0.004267,0.003432,0.004529,0.005275,0.001466,0.000183,0.001571,0.002032,0.006167,0.001207,0.000979,0.002352,0.005053,0.003238,8.2e-05,0.003435,0.004726,0.004426,0.002418,0.004816,0.000724,0.000254,0.001582,0.002935,0.003561,0.002466,0.000373,0.00187,0.002921,0.006298,0.002081,0.002166,0.001125,0.005099,0.00514,0.000513,0.004163,0.003173,0.003474,0.005519,0.003893,0.001118,0.00015,0.002157,0.001984,0.001523,0.001774,0.001386,0.002146,0.002456,8.2e-05,0.000603,0.002618,0.004012,0.00054,8.4e-05,0.004316,8.2e-05,8.2e-05,8.2e-05,8.2e-05,8.2e-05,8.2e-05,0.000722,0.000902,0.000673,0.000184,0.000432,0.000612,0.000306,0.001357,8.2e-05,0.000578,0.001284,0.000293,0.000684,8.2e-05,8.2e-05,0.000294,0.000337,0.000188,0.000283,0.000135,9.9e-05,0.000559,0.000238,8.2e-05,0.00014,0.000229,8.2e-05,0.000103,0.000277,0.000384,0.003685,0.00108,0.002827,0.002581,0.006008,0.001321,0.00042,0.000238,8.2e-05,0.000165,8.2e-05,0.000126,0.000217,8.2e-05,8.2e-05,8.2e-05,8.2e-05,0.000139,8.2e-05,9.9e-05,0.009911,0.001832,0.000433,0.002373,0.000264,0.005864,0.000946,0.00197,0.002515,0.003287,0.001026,0.000466,0.000848,0.00088,0.003286,0.001243,0.000474,0.001425,0.000944,0.002329,0.00072,0.000346,0.001472,0.002056,0.001976,0.000847,0.000658,0.000995,0.000478,0.001441,0.000663,0.001045,0.000899,0.000892,0.003458,0.001077,0.000483,0.000856,0.001139,0.002234,0.000895,0.000695,0.001461,0.000695,0.000929,0.000769,0.000481,0.001273,0.000603,0.001023,0.000497,0.000625,8.2e-05,0.000112,0.00048,8.2e-05,8.2e-05,0.000787,8.2e-05,8.2e-05,0.002077,0.000613,8.2e-05,8.2e-05,0.002642,0.00099,0.000819,0.002837,0.001053,0.003167,0.000164,0.000819,0.001569,0.001879,0.002012,0.001731,0.003866,0.001397,0.000863,0.000397,0.001159,0.000215,0.001146,0.001237,0.000679,0.000264
2021-04-23,0.003956,0.002818,0.003954,0.007744,0.002875,0.009109,0.003123,0.004592,0.005395,0.007842,0.005922,0.00679,0.00147,0.00312,0.005055,0.003907,0.002501,0.006615,0.005752,0.003529,0.00516,0.003795,0.004588,0.005794,0.007606,0.003875,0.006714,0.010339,0.010731,0.012288,0.011682,0.005923,0.007355,0.003664,0.004276,0.004797,0.00437,0.00369,0.005766,0.006605,0.004298,0.005762,0.003022,0.002998,0.004298,0.00448,0.003687,0.006458,0.005894,0.003987,0.004462,0.006906,0.003441,0.002962,0.003338,0.005863,0.007915,0.004696,0.006674,0.002428,0.003327,0.002826,0.005108,0.006258,0.007275,0.006205,0.001568,0.004174,0.002376,0.00503,0.00551,0.005268,0.005712,0.001346,0.003873,0.004279,0.005605,0.007062,0.003662,0.002728,0.005834,0.008992,0.010151,0.009106,0.003467,0.005757,0.003174,0.001413,0.001179,0.001458,0.002305,0.002978,0.005175,0.001935,0.00322,0.006047,0.003819,0.006537,0.008435,0.002744,0.002299,0.003075,0.004163,0.004024,0.004777,0.008537,0.003396,0.005594,0.008503,0.008313,0.004627,0.001029,0.001263,0.002188,0.001412,0.001503,0.001769,0.001835,0.004533,0.005504,0.00461,0.00387,0.006353,0.00577,0.00243,0.003169,0.004537,0.005975,0.002457,0.007517,0.005798,0.002999,0.0131,0.000263,0.002435,0.003739,0.003301,0.007444,0.008262,0.006888,0.005253,0.000654,0.002242,0.002639,0.002764,0.004505,0.004682,0.003823,0.004782,0.00545,0.001658,0.000364,0.001923,0.002267,0.006221,0.001425,0.00129,0.002483,0.005534,0.003774,5.7e-05,0.003526,0.00458,0.004186,0.003596,0.005056,0.00092,0.000344,0.001673,0.00284,0.00334,0.002692,0.000497,0.002118,0.002864,0.006333,0.002228,0.002239,0.001486,0.005646,0.005255,0.00056,0.004755,0.003277,0.003463,0.005579,0.004608,0.001224,0.000289,0.00218,0.001986,0.001997,0.002228,0.001901,0.00228,0.002361,5.7e-05,0.000755,0.003187,0.004566,0.000677,7.6e-05,0.004393,5.7e-05,5.7e-05,5.7e-05,5.7e-05,5.7e-05,5.7e-05,0.000939,0.001118,0.000599,0.00015,0.0004,0.000623,0.000259,0.001054,5.7e-05,0.000457,0.001107,0.000257,0.000572,5.7e-05,5.7e-05,0.000421,0.000274,0.000166,0.000285,0.000101,6.9e-05,0.000496,0.000184,5.7e-05,9.8e-05,0.00016,5.7e-05,0.000111,0.000246,0.00031,0.003525,0.001208,0.002621,0.002633,0.005275,0.001474,0.000544,0.000233,5.7e-05,0.000136,6.1e-05,0.000116,0.0002,5.7e-05,5.7e-05,5.7e-05,6.4e-05,0.000163,6.1e-05,0.000118,0.009094,0.001755,0.000314,0.002349,0.000192,0.005209,0.001121,0.002157,0.002383,0.003346,0.001201,0.000472,0.000969,0.0008,0.002762,0.001225,0.000717,0.001362,0.000897,0.002141,0.000709,0.00043,0.001419,0.001641,0.001887,0.000961,0.000714,0.001054,0.000668,0.001415,0.000697,0.001141,0.00098,0.001007,0.003209,0.001056,0.000519,0.001096,0.001166,0.002158,0.000988,0.001029,0.001634,0.000768,0.001067,0.000886,0.000441,0.001082,0.000533,0.001025,0.00065,0.000705,5.7e-05,0.000207,0.000753,5.7e-05,5.7e-05,0.000686,5.7e-05,5.7e-05,0.002131,0.001082,5.7e-05,5.7e-05,0.002548,0.001512,0.001244,0.002577,0.001078,0.002599,0.000139,0.001042,0.001661,0.001822,0.00193,0.001739,0.003363,0.001405,0.000847,0.000531,0.001353,0.000349,0.000972,0.001053,0.00101,0.000567
2022-01-13,0.004347,0.004181,0.004345,0.008891,0.002959,0.0089,0.003133,0.003845,0.005354,0.006751,0.005407,0.005699,0.001345,0.0025,0.005116,0.003681,0.002066,0.008731,0.005288,0.003732,0.00582,0.004233,0.003842,0.006895,0.010056,0.004606,0.008485,0.010392,0.010035,0.016172,0.011017,0.006354,0.006095,0.003511,0.004255,0.003674,0.004321,0.003214,0.005614,0.006832,0.003955,0.004349,0.003693,0.003676,0.004271,0.003767,0.004789,0.008306,0.005072,0.002791,0.005016,0.006411,0.003671,0.003966,0.002652,0.00852,0.008695,0.003603,0.008773,0.002961,0.003591,0.003871,0.005784,0.005327,0.006355,0.004974,0.001098,0.004814,0.002294,0.005729,0.005119,0.005265,0.006206,0.002204,0.003026,0.002995,0.005816,0.006836,0.004141,0.002225,0.007554,0.006925,0.010891,0.00732,0.002742,0.005607,0.003799,0.000989,0.000825,0.001336,0.001613,0.0024,0.006462,0.001985,0.0032,0.006757,0.003304,0.00773,0.009374,0.003498,0.002556,0.002152,0.00386,0.005025,0.005236,0.008184,0.002693,0.005493,0.011315,0.007712,0.00387,0.00072,0.000884,0.001847,0.001619,0.001052,0.001238,0.0016,0.006012,0.004799,0.004173,0.004287,0.006971,0.006563,0.002332,0.003796,0.003491,0.007337,0.002351,0.008732,0.00532,0.003361,0.015795,0.0005,0.001704,0.003564,0.002626,0.009627,0.007676,0.005137,0.006201,0.000458,0.002831,0.001847,0.001935,0.005677,0.008325,0.002676,0.008079,0.005392,0.001161,0.000255,0.001661,0.002217,0.007194,0.001313,0.001218,0.002369,0.00419,0.003273,4e-05,0.003099,0.004152,0.0064,0.004094,0.005117,0.00096,0.000241,0.001487,0.002303,0.002969,0.001884,0.000348,0.002114,0.002951,0.005379,0.00156,0.002198,0.001356,0.00553,0.003994,0.000392,0.003644,0.004187,0.003055,0.004221,0.004172,0.000857,0.000203,0.001841,0.00139,0.001713,0.00156,0.001646,0.002227,0.002599,4e-05,0.000529,0.002231,0.004143,0.000474,5.3e-05,0.006545,4e-05,4e-05,4e-05,4e-05,4e-05,4e-05,0.000973,0.001413,0.00042,0.000105,0.000595,0.000752,0.000182,0.000738,4e-05,0.000635,0.000775,0.00018,0.000401,4e-05,4e-05,0.00061,0.000192,0.000116,0.000199,7.1e-05,4.9e-05,0.000347,0.000129,4e-05,6.9e-05,0.000112,4e-05,0.000393,0.000172,0.000217,0.003098,0.001161,0.003412,0.003105,0.004324,0.001347,0.000381,0.000163,4e-05,9.5e-05,4.3e-05,8.1e-05,0.00014,4e-05,4e-05,4e-05,4.5e-05,0.000114,4.3e-05,8.3e-05,0.006366,0.001228,0.00022,0.002906,0.000134,0.005539,0.001731,0.002772,0.001668,0.002973,0.001156,0.000331,0.000994,0.00056,0.003511,0.000857,0.000502,0.001269,0.000628,0.002445,0.000812,0.000932,0.000993,0.002095,0.002582,0.000673,0.0005,0.000738,0.000783,0.001306,0.000803,0.001114,0.001002,0.00102,0.003193,0.000739,0.000363,0.001398,0.001131,0.00151,0.000692,0.00072,0.001459,0.000538,0.000747,0.000935,0.000309,0.001073,0.000373,0.001664,0.000455,0.000809,4e-05,0.000145,0.000527,4e-05,4e-05,0.000796,4e-05,4e-05,0.001807,0.000757,4e-05,4e-05,0.002099,0.001059,0.001502,0.002435,0.00107,0.001819,9.7e-05,0.00073,0.001163,0.001276,0.001351,0.001533,0.002985,0.001299,0.000908,0.000372,0.000947,0.00056,0.000681,0.001368,0.000707,0.000397
2022-04-12,0.003594,0.004717,0.005521,0.008978,0.003449,0.008709,0.00357,0.003105,0.00485,0.005552,0.004887,0.005918,0.001768,0.002576,0.004958,0.002852,0.001722,0.009693,0.006043,0.003439,0.005865,0.004203,0.004205,0.008959,0.009932,0.004877,0.010072,0.009616,0.010881,0.017243,0.010742,0.005412,0.006333,0.003009,0.004356,0.00326,0.004402,0.002801,0.00572,0.006986,0.003733,0.004008,0.003274,0.003675,0.005056,0.003188,0.004592,0.009671,0.00603,0.00278,0.005715,0.006003,0.004085,0.004016,0.00227,0.007342,0.009392,0.003349,0.009447,0.002073,0.003065,0.003949,0.005564,0.004693,0.006377,0.006926,0.001182,0.005436,0.001881,0.006352,0.006614,0.004787,0.006135,0.001956,0.002256,0.002097,0.005036,0.007402,0.004965,0.002246,0.009007,0.006225,0.011205,0.006915,0.002471,0.004476,0.003761,0.00083,0.000991,0.001211,0.001956,0.002369,0.007967,0.002078,0.002791,0.007485,0.002726,0.007064,0.009041,0.003,0.002891,0.001782,0.004631,0.004757,0.005181,0.007244,0.002436,0.004809,0.012604,0.007189,0.004224,0.000642,0.000619,0.001706,0.001271,0.001287,0.001004,0.001533,0.006137,0.005976,0.003197,0.003552,0.005982,0.005283,0.003147,0.003621,0.003408,0.006651,0.002059,0.008316,0.004826,0.003179,0.014362,0.000488,0.00202,0.003734,0.004731,0.011422,0.006888,0.005111,0.00682,0.00032,0.004599,0.001431,0.001767,0.008244,0.008307,0.002149,0.010201,0.004326,0.001226,0.000179,0.001714,0.00293,0.006826,0.001057,0.00099,0.002209,0.003759,0.003393,2.8e-05,0.002583,0.004973,0.006271,0.004106,0.005785,0.00136,0.000169,0.001729,0.001888,0.004007,0.001319,0.000244,0.001893,0.002617,0.004868,0.001367,0.001676,0.0015,0.004835,0.004448,0.000275,0.002964,0.003895,0.003654,0.003506,0.003747,0.001013,0.00028,0.001289,0.000973,0.001613,0.002056,0.00129,0.00211,0.002921,2.8e-05,0.00037,0.002388,0.003589,0.000332,3.7e-05,0.008025,2.8e-05,2.8e-05,2.8e-05,2.8e-05,2.8e-05,2.8e-05,0.000681,0.001403,0.000982,7.3e-05,0.000554,0.000664,0.000127,0.000516,2.8e-05,0.000445,0.00068,0.000264,0.000418,2.8e-05,2.8e-05,0.001253,0.000548,8.1e-05,0.000415,5e-05,3.4e-05,0.000794,9e-05,2.8e-05,4.8e-05,7.8e-05,0.000166,0.000275,0.000258,0.000152,0.002582,0.000813,0.003353,0.003551,0.00344,0.001081,0.000267,0.000252,2.8e-05,6.7e-05,3e-05,5.7e-05,9.8e-05,2.8e-05,2.8e-05,2.8e-05,3.1e-05,8e-05,3e-05,5.8e-05,0.005696,0.000998,0.000154,0.003825,9.4e-05,0.00677,0.001763,0.002629,0.001718,0.00277,0.000947,0.000507,0.000833,0.00053,0.003008,0.0006,0.000627,0.001302,0.000715,0.002125,0.000568,0.000652,0.001522,0.001466,0.002496,0.000746,0.00035,0.000792,0.001099,0.001465,0.0007,0.000918,0.000977,0.001127,0.003061,0.000655,0.000392,0.00153,0.00093,0.001333,0.00076,0.001055,0.001159,0.000376,0.000936,0.000655,0.000354,0.000889,0.000537,0.001578,0.000456,0.001255,2.8e-05,0.000101,0.000506,2.8e-05,2.8e-05,0.000833,2.8e-05,2.8e-05,0.001816,0.000943,2.8e-05,2.8e-05,0.00202,0.001017,0.001189,0.002393,0.000749,0.001687,6.8e-05,0.000511,0.001089,0.001306,0.001221,0.001349,0.00264,0.001598,0.001049,0.00026,0.000801,0.000529,0.000752,0.001509,0.000495,0.000416
2022-07-08,0.003015,0.005051,0.006446,0.009574,0.002955,0.008303,0.003457,0.003256,0.005227,0.005469,0.00417,0.006016,0.00207,0.002178,0.005386,0.002496,0.00208,0.010491,0.006728,0.003531,0.006353,0.0039,0.004151,0.008436,0.0097,0.005537,0.009756,0.009021,0.010448,0.017524,0.011141,0.005829,0.006514,0.00298,0.004714,0.003365,0.00483,0.003293,0.007876,0.006389,0.003321,0.003972,0.002916,0.003905,0.004413,0.002814,0.004339,0.010392,0.005969,0.002987,0.005208,0.005826,0.004275,0.003561,0.002172,0.007262,0.009406,0.003343,0.008236,0.001867,0.002895,0.004679,0.004935,0.004909,0.006171,0.00772,0.001368,0.005304,0.001692,0.005445,0.007044,0.0051,0.00596,0.001577,0.002204,0.002051,0.005398,0.006556,0.005141,0.002571,0.009677,0.005856,0.012257,0.006797,0.002312,0.004216,0.003174,0.000623,0.000735,0.001264,0.002535,0.002074,0.008533,0.002246,0.002787,0.008362,0.002658,0.006569,0.009077,0.003099,0.002981,0.001747,0.004865,0.004829,0.005625,0.006653,0.002413,0.004491,0.013277,0.006989,0.003998,0.000741,0.000891,0.001444,0.001306,0.001193,0.001328,0.001323,0.006377,0.00614,0.003403,0.002736,0.006602,0.005696,0.003535,0.004325,0.003052,0.006571,0.001857,0.007112,0.004502,0.002891,0.012843,0.000383,0.00233,0.003572,0.006226,0.01041,0.006404,0.006326,0.006273,0.000308,0.004593,0.001376,0.001987,0.00881,0.007896,0.002462,0.010929,0.004443,0.001399,0.000167,0.001991,0.002509,0.006027,0.000948,0.001235,0.001838,0.004588,0.003624,2e-05,0.002349,0.004855,0.00518,0.004706,0.005382,0.001036,0.000118,0.00146,0.001863,0.003637,0.001673,0.000545,0.002657,0.002207,0.004573,0.001498,0.002089,0.001841,0.004425,0.00378,0.000234,0.002574,0.003517,0.003349,0.003953,0.003872,0.000876,0.000362,0.00161,0.001389,0.001545,0.002522,0.001528,0.002476,0.002295,2e-05,0.000342,0.001963,0.003678,0.000274,2.6e-05,0.007574,2e-05,2e-05,2e-05,2e-05,2e-05,2e-05,0.000685,0.00119,0.000854,5.1e-05,0.000513,0.000506,0.000131,0.00057,2e-05,0.000353,0.000559,0.000351,0.000418,2e-05,2e-05,0.001169,0.001091,5.7e-05,0.001082,0.000201,2.4e-05,0.000805,6.3e-05,2e-05,3.4e-05,5.5e-05,0.000116,0.000193,0.000264,0.000148,0.00239,0.00086,0.002847,0.004193,0.00349,0.001339,0.00027,0.000259,0.000145,4.7e-05,2.1e-05,4e-05,0.00011,2e-05,2e-05,2e-05,2.2e-05,5.6e-05,2.1e-05,4e-05,0.005486,0.001073,0.000149,0.003843,6.6e-05,0.006321,0.001858,0.002506,0.001911,0.002106,0.001079,0.00048,0.000791,0.000662,0.00273,0.000587,0.000772,0.001286,0.000625,0.001987,0.000481,0.000498,0.001648,0.001568,0.00233,0.000897,0.00037,0.000804,0.001019,0.001234,0.000615,0.000726,0.000892,0.001081,0.002684,0.000667,0.000316,0.001404,0.000817,0.001183,0.000781,0.001238,0.001228,0.000263,0.001197,0.000958,0.000414,0.000664,0.000667,0.001604,0.000444,0.001378,2e-05,7.1e-05,0.000563,2e-05,2e-05,0.000708,2e-05,2e-05,0.002812,0.000827,2e-05,2e-05,0.001664,0.001294,0.001415,0.002299,0.000691,0.001555,4.8e-05,0.000607,0.000929,0.001372,0.00252,0.001069,0.002514,0.001368,0.000818,0.000557,0.000852,0.000537,0.000526,0.001181,0.000388,0.000333
2022-10-05,0.00264,0.005548,0.007584,0.008926,0.004081,0.007295,0.003585,0.004398,0.005354,0.004887,0.003873,0.0058,0.001661,0.001948,0.005465,0.002595,0.002197,0.013064,0.007888,0.003002,0.006142,0.003683,0.004389,0.007494,0.008273,0.006312,0.00916,0.007586,0.008797,0.018729,0.010341,0.005669,0.007314,0.00304,0.00383,0.00352,0.006135,0.00347,0.008373,0.005849,0.00349,0.003416,0.002147,0.004322,0.004043,0.002817,0.004414,0.010028,0.005238,0.00315,0.005129,0.005455,0.004687,0.003446,0.002262,0.00699,0.008491,0.0034,0.00746,0.001943,0.002556,0.004547,0.004726,0.004601,0.005802,0.006993,0.001699,0.00509,0.00182,0.005083,0.008109,0.004417,0.005443,0.001846,0.002284,0.001965,0.00558,0.005436,0.005399,0.00233,0.010693,0.005265,0.011652,0.005605,0.002148,0.003587,0.003069,0.000542,0.000515,0.000885,0.002728,0.001876,0.008727,0.001996,0.002692,0.009349,0.00292,0.007352,0.009002,0.003546,0.003464,0.001435,0.004359,0.004334,0.005632,0.005928,0.002854,0.004309,0.013743,0.007329,0.003434,0.00073,0.000941,0.001223,0.00102,0.001576,0.001459,0.001244,0.005523,0.007052,0.003971,0.002127,0.006422,0.005259,0.003004,0.003981,0.003195,0.006718,0.00183,0.008474,0.004953,0.002342,0.011003,0.000374,0.002478,0.003348,0.008701,0.009724,0.005648,0.006864,0.00545,0.000321,0.00438,0.001599,0.00192,0.00765,0.010188,0.002359,0.012206,0.004064,0.001191,0.000117,0.002771,0.002286,0.006232,0.001193,0.001394,0.001816,0.005118,0.004126,1.4e-05,0.002386,0.005199,0.00458,0.005519,0.006522,0.000725,0.000295,0.001552,0.001834,0.003182,0.001277,0.000488,0.003025,0.002074,0.004472,0.001684,0.002522,0.001606,0.004793,0.003599,0.000482,0.002544,0.00331,0.00298,0.003932,0.003981,0.000825,0.000359,0.001763,0.00182,0.001505,0.002507,0.00234,0.002475,0.003089,1.4e-05,0.00024,0.002751,0.004375,0.000298,1.8e-05,0.007633,1.4e-05,1.4e-05,1.4e-05,1.4e-05,1.4e-05,1.4e-05,0.000479,0.001257,0.000704,3.6e-05,0.000359,0.000884,9.1e-05,0.000505,1.4e-05,0.000353,0.000498,0.000352,0.000504,1.4e-05,1.4e-05,0.000924,0.00087,4e-05,0.000969,0.000565,1.7e-05,0.001093,4.4e-05,1.4e-05,2.4e-05,0.00025,8.1e-05,0.000241,0.000185,0.000104,0.001885,0.000708,0.002628,0.003994,0.00382,0.001149,0.000189,0.000288,0.000207,3.3e-05,1.5e-05,2.8e-05,0.000183,1.4e-05,1.4e-05,1.4e-05,1.5e-05,3.9e-05,1.5e-05,2.8e-05,0.005111,0.000857,0.000104,0.003855,4.6e-05,0.006014,0.002572,0.00239,0.001867,0.002109,0.000861,0.000865,0.000978,0.000675,0.003077,0.000728,0.000752,0.001536,0.000544,0.001815,0.000337,0.000455,0.001577,0.001521,0.002373,0.001687,0.000259,0.000669,0.000819,0.001181,0.00043,0.000614,0.000624,0.001392,0.002303,0.000573,0.000327,0.001089,0.00089,0.001146,0.000653,0.00129,0.001177,0.000184,0.001473,0.0012,0.000608,0.000465,0.000785,0.001547,0.000841,0.001177,1.4e-05,5e-05,0.000606,1.4e-05,1.4e-05,0.000495,1.4e-05,1.4e-05,0.004616,0.000897,1.4e-05,1.4e-05,0.001483,0.001118,0.001202,0.001716,0.000695,0.001301,3.3e-05,0.000743,0.001604,0.001384,0.003141,0.001066,0.002607,0.001382,0.00089,0.000814,0.000914,0.0008,0.000368,0.001145,0.000272,0.000233
2023-03-30,0.003577,0.005941,0.006955,0.008718,0.00368,0.006341,0.003497,0.004971,0.0049,0.005314,0.003781,0.006282,0.00141,0.001858,0.006048,0.003298,0.001867,0.012437,0.007414,0.00276,0.00537,0.00299,0.004142,0.006645,0.008507,0.005653,0.008552,0.008191,0.00838,0.019612,0.010037,0.006931,0.007178,0.002951,0.004162,0.00411,0.005776,0.00531,0.008166,0.005,0.004418,0.003214,0.001997,0.004342,0.003817,0.004112,0.00416,0.008666,0.004983,0.002946,0.006471,0.006288,0.00361,0.002824,0.002242,0.006046,0.007343,0.00419,0.008844,0.001771,0.002448,0.004253,0.00479,0.005525,0.005955,0.006788,0.00193,0.004633,0.001603,0.005616,0.008392,0.004244,0.006362,0.002444,0.00234,0.002528,0.00547,0.005205,0.006002,0.002125,0.009543,0.005167,0.010461,0.006804,0.002738,0.003251,0.002395,0.000626,0.000443,0.000784,0.002815,0.001725,0.010718,0.002056,0.002872,0.009589,0.002126,0.006381,0.008935,0.002729,0.002836,0.001334,0.004121,0.004021,0.007399,0.005878,0.002245,0.004662,0.013653,0.006447,0.00405,0.000841,0.001235,0.001267,0.000879,0.001433,0.001597,0.0012,0.004854,0.006171,0.003521,0.0019,0.008446,0.004833,0.003338,0.00435,0.002566,0.005608,0.00161,0.008154,0.005031,0.002215,0.011323,0.000262,0.003052,0.003331,0.008972,0.009029,0.005517,0.00711,0.006037,0.000225,0.005124,0.001942,0.002167,0.007495,0.011,0.003297,0.010601,0.003915,0.001081,8.2e-05,0.002845,0.002094,0.007325,0.001329,0.001223,0.002506,0.005064,0.003958,1e-05,0.002493,0.005862,0.004605,0.005427,0.005388,0.00059,0.000206,0.001416,0.001695,0.002556,0.001223,0.000341,0.002858,0.002028,0.004365,0.001591,0.002095,0.001618,0.004836,0.003013,0.000337,0.003591,0.003057,0.003485,0.003411,0.004433,0.00066,0.000252,0.001645,0.001685,0.001218,0.002907,0.002297,0.002638,0.002574,1e-05,0.00025,0.002914,0.004956,0.000291,1.3e-05,0.007318,1e-05,1e-05,1e-05,1e-05,1e-05,1e-05,0.000583,0.001044,0.000657,0.000272,0.000251,0.000619,6.4e-05,0.000353,1e-05,0.000576,0.000677,0.000493,0.000435,1e-05,1e-05,0.000894,0.000691,2.8e-05,0.000843,0.000395,1.2e-05,0.000848,3.1e-05,1e-05,9.9e-05,0.000175,5.7e-05,0.000251,0.000129,0.000155,0.002472,0.00066,0.002992,0.003537,0.004238,0.001381,0.000215,0.000201,0.000145,2.3e-05,1e-05,2e-05,0.000128,1e-05,1e-05,1e-05,1.1e-05,2.7e-05,1e-05,2e-05,0.005471,0.001011,7.3e-05,0.00311,3.2e-05,0.00528,0.002788,0.002578,0.001801,0.002382,0.00085,0.00077,0.000931,0.000637,0.003059,0.001168,0.000691,0.001486,0.000792,0.001517,0.0004,0.000401,0.001516,0.001888,0.002566,0.00151,0.000675,0.000551,0.000574,0.001321,0.000301,0.000512,0.000519,0.001221,0.002188,0.00073,0.000476,0.001091,0.000788,0.001214,0.000622,0.001315,0.001153,0.000129,0.001443,0.001416,0.00059,0.000572,0.000632,0.001823,0.000835,0.00107,1e-05,3.5e-05,0.001165,1e-05,1e-05,0.000347,1e-05,1e-05,0.004548,0.001368,1e-05,1e-05,0.001449,0.000947,0.001582,0.002271,0.00131,0.001487,0.000106,0.000932,0.001699,0.001381,0.002363,0.000829,0.002319,0.001296,0.00087,0.001228,0.000805,0.000807,0.00034,0.001048,0.000273,0.000245
2023-12-20,0.002504,0.005185,0.005894,0.008666,0.003089,0.004952,0.005012,0.005531,0.006507,0.007822,0.003159,0.00491,0.002012,0.001813,0.005772,0.00436,0.00182,0.017937,0.005703,0.002957,0.004784,0.004144,0.002899,0.005164,0.009032,0.003957,0.008038,0.011375,0.006892,0.018857,0.009077,0.011006,0.005537,0.004117,0.005478,0.00339,0.004556,0.004742,0.008793,0.005038,0.004631,0.004814,0.003449,0.004065,0.004211,0.003391,0.003938,0.008117,0.003488,0.002575,0.006581,0.010555,0.003553,0.003515,0.002082,0.00577,0.006678,0.003446,0.007729,0.003291,0.002226,0.00349,0.005404,0.004893,0.004168,0.005265,0.001864,0.003243,0.003173,0.004444,0.0069,0.002971,0.005992,0.001711,0.002663,0.001769,0.004342,0.005182,0.00574,0.003539,0.007706,0.004642,0.010399,0.008353,0.003968,0.004327,0.002702,0.000438,0.00031,0.000549,0.002996,0.00172,0.015708,0.00349,0.002523,0.008251,0.002001,0.005492,0.008819,0.002936,0.003011,0.001446,0.004936,0.005892,0.008256,0.006679,0.001571,0.004802,0.01366,0.006051,0.002835,0.000588,0.00189,0.0014,0.000615,0.001516,0.001118,0.00084,0.003911,0.00432,0.00349,0.001843,0.009502,0.003383,0.003875,0.004584,0.003335,0.004951,0.001127,0.006734,0.00506,0.001551,0.012029,0.000183,0.002136,0.004383,0.008844,0.006833,0.005913,0.006002,0.008329,0.000157,0.003587,0.002385,0.001517,0.005246,0.011803,0.003334,0.008447,0.003253,0.001269,5.7e-05,0.002504,0.001979,0.008717,0.001443,0.002394,0.00278,0.003545,0.003796,7e-06,0.001745,0.004103,0.005275,0.003799,0.004285,0.000413,0.000144,0.001504,0.002212,0.002815,0.001369,0.000239,0.003027,0.001932,0.006133,0.001113,0.001979,0.001133,0.005949,0.002109,0.000236,0.003539,0.00214,0.002952,0.004439,0.003616,0.000975,0.000176,0.001665,0.00118,0.001366,0.002548,0.002121,0.002872,0.002828,7e-06,0.001201,0.003578,0.00552,0.000203,9e-06,0.007174,7e-06,7e-06,7e-06,7e-06,7e-06,7e-06,0.001946,0.001244,0.001486,0.00019,0.000176,0.000433,4.5e-05,0.000247,7e-06,0.000403,0.000474,0.000345,0.000305,7e-06,7e-06,0.000626,0.000484,2e-05,0.00059,0.000277,8e-06,0.000593,2.2e-05,7e-06,6.9e-05,0.000123,4e-05,0.000176,0.000603,0.000108,0.003269,0.000462,0.00312,0.003501,0.002967,0.001479,0.002201,0.000141,0.000101,1.6e-05,7e-06,1.4e-05,9e-05,7e-06,7e-06,7e-06,8e-06,1.9e-05,7e-06,1.4e-05,0.006394,0.002246,5.1e-05,0.002177,2.3e-05,0.005234,0.001952,0.002318,0.001773,0.003206,0.002133,0.001052,0.000652,0.000959,0.002654,0.000818,0.000484,0.001041,0.001067,0.0026,0.000793,0.000793,0.001061,0.001834,0.002822,0.001057,0.000473,0.000385,0.000914,0.001437,0.000211,0.001384,0.000364,0.001881,0.002044,0.001537,0.000333,0.000764,0.000551,0.001362,0.001461,0.001433,0.001833,9e-05,0.00101,0.000991,0.000413,0.001939,0.000955,0.002302,0.003149,0.000749,7e-06,2.4e-05,0.000815,7e-06,7e-06,0.000243,7e-06,7e-06,0.003697,0.000958,7e-06,7e-06,0.00204,0.001689,0.001621,0.002102,0.00143,0.001553,7.4e-05,0.000652,0.001189,0.000966,0.002167,0.00058,0.001623,0.000907,0.000609,0.002911,0.000563,0.000565,0.000238,0.000734,0.000191,0.000172
2024-06-13,0.002411,0.004288,0.00709,0.008372,0.002162,0.004454,0.006143,0.005189,0.005543,0.010086,0.002212,0.003767,0.001738,0.001599,0.004699,0.006345,0.002591,0.017495,0.005309,0.003717,0.004996,0.00323,0.00203,0.003944,0.007969,0.003429,0.006944,0.01356,0.007129,0.019457,0.007671,0.010668,0.005523,0.003211,0.005152,0.003361,0.003848,0.007271,0.007472,0.004186,0.005876,0.005346,0.00439,0.003834,0.003935,0.003691,0.005391,0.007987,0.004088,0.002461,0.0079,0.010023,0.002816,0.003119,0.002116,0.005027,0.00698,0.002412,0.008703,0.00428,0.004522,0.003431,0.006088,0.004413,0.004894,0.004344,0.001634,0.003258,0.00288,0.004428,0.005489,0.003068,0.006499,0.001198,0.001864,0.001239,0.005674,0.00725,0.005664,0.003136,0.005394,0.004238,0.008267,0.010457,0.004095,0.003358,0.002221,0.000307,0.000217,0.001701,0.002426,0.001863,0.014289,0.003102,0.004401,0.006105,0.002389,0.007138,0.009137,0.002714,0.003754,0.001342,0.00576,0.006429,0.01039,0.006651,0.002088,0.005996,0.011538,0.004565,0.00396,0.0014,0.001652,0.001309,0.000431,0.001061,0.001112,0.000917,0.003725,0.00467,0.00376,0.002278,0.008298,0.004015,0.003371,0.003867,0.002993,0.005771,0.001118,0.005043,0.004859,0.001744,0.013689,0.000128,0.001825,0.003397,0.007838,0.0061,0.009408,0.006836,0.009452,0.000439,0.003499,0.002987,0.00205,0.004331,0.01386,0.003651,0.006242,0.003265,0.001547,4e-05,0.002082,0.001714,0.008407,0.001669,0.002335,0.002604,0.002482,0.002987,5e-06,0.00188,0.004189,0.005997,0.003318,0.004975,0.000289,0.000101,0.002041,0.002207,0.0023,0.001288,0.000167,0.003107,0.002011,0.00561,0.001109,0.001715,0.001122,0.00647,0.003123,0.000494,0.003136,0.002486,0.002396,0.003766,0.004178,0.001012,0.000123,0.002153,0.001155,0.001944,0.002113,0.001814,0.003328,0.002967,5e-06,0.00117,0.003822,0.008145,0.000142,6e-06,0.007986,5e-06,5e-06,5e-06,5e-06,5e-06,5e-06,0.002021,0.000871,0.00104,0.000463,0.000123,0.000303,3.1e-05,0.000173,5e-06,0.000282,0.000661,0.000242,0.000543,5e-06,5e-06,0.000438,0.000339,1.4e-05,0.000413,0.000194,6e-06,0.000415,1.5e-05,5e-06,4.8e-05,8.6e-05,0.000686,0.000123,0.000422,7.6e-05,0.005252,0.000982,0.002513,0.00311,0.003065,0.001036,0.001541,9.9e-05,7.1e-05,1.1e-05,5e-06,1e-05,6.3e-05,5e-06,5e-06,5e-06,5e-06,1.3e-05,5e-06,1e-05,0.005793,0.001573,3.6e-05,0.001853,1.6e-05,0.004323,0.001695,0.00294,0.0019,0.004549,0.001493,0.001395,0.000786,0.000671,0.001858,0.000902,0.001656,0.001387,0.000747,0.00215,0.000884,0.001543,0.001731,0.001284,0.002305,0.001069,0.000331,0.00027,0.000969,0.001006,0.001136,0.000969,0.000254,0.001975,0.002419,0.001076,0.000233,0.001523,0.000386,0.002271,0.001681,0.001003,0.001283,0.000393,0.000707,0.000694,0.000289,0.001357,0.000668,0.001941,0.002534,0.000854,5e-06,1.7e-05,0.000571,5e-06,5e-06,0.00017,5e-06,5e-06,0.003576,0.00067,5e-06,5e-06,0.002416,0.001841,0.001464,0.001801,0.001001,0.001417,5.2e-05,0.000456,0.000832,0.000676,0.002834,0.000406,0.001136,0.000965,0.000756,0.002367,0.001053,0.000395,0.000167,0.000514,0.000134,0.00012
2025-06-02,0.002328,0.004154,0.00714,0.007269,0.002154,0.004143,0.005197,0.006451,0.005033,0.009366,0.00411,0.004174,0.001473,0.002144,0.004955,0.005466,0.002967,0.015705,0.005894,0.003883,0.007212,0.003158,0.002445,0.004554,0.008012,0.003041,0.00691,0.01167,0.00704,0.018487,0.00806,0.007852,0.006172,0.003144,0.004759,0.002993,0.003718,0.007652,0.007408,0.007157,0.006675,0.005407,0.005123,0.003836,0.003651,0.004249,0.005183,0.006232,0.004015,0.003132,0.007579,0.009194,0.002356,0.00308,0.001737,0.005312,0.007448,0.003482,0.007758,0.003124,0.004062,0.00317,0.006952,0.005139,0.004578,0.004834,0.001528,0.002921,0.002272,0.00374,0.006404,0.004325,0.008264,0.001607,0.001946,0.001508,0.005893,0.007765,0.00499,0.002835,0.005825,0.00476,0.009886,0.0127,0.003891,0.003248,0.002579,0.000215,0.000792,0.001575,0.002467,0.002841,0.013589,0.003196,0.003977,0.006579,0.002953,0.007815,0.010495,0.003693,0.002884,0.001708,0.005185,0.005653,0.009322,0.006577,0.002486,0.00535,0.009485,0.003836,0.004566,0.001236,0.001413,0.001429,0.000301,0.001255,0.001035,0.001026,0.003633,0.004422,0.003913,0.001979,0.006833,0.004348,0.003513,0.003476,0.002736,0.007242,0.001295,0.00686,0.005835,0.002246,0.011888,0.000218,0.001661,0.002762,0.006639,0.005423,0.008507,0.006963,0.00777,0.000308,0.00309,0.002603,0.001947,0.004057,0.013289,0.004605,0.005522,0.00331,0.001083,2.8e-05,0.002226,0.001969,0.006782,0.001681,0.001762,0.003488,0.005068,0.003115,3e-06,0.002213,0.00447,0.005095,0.003091,0.004379,0.000715,7.1e-05,0.001685,0.002314,0.00225,0.001542,0.000117,0.002559,0.003073,0.006361,0.000776,0.002097,0.000914,0.008244,0.003467,0.000474,0.003604,0.003021,0.00219,0.004301,0.003949,0.000964,0.000214,0.00266,0.001321,0.001489,0.002247,0.001782,0.003354,0.003742,3e-06,0.000819,0.002931,0.007239,0.0001,4e-06,0.00623,3e-06,3e-06,3e-06,3e-06,3e-06,3e-06,0.001543,0.00125,0.000728,0.000324,8.6e-05,0.000468,2.2e-05,0.000249,3e-06,0.000326,0.001103,0.000169,0.00038,3e-06,3e-06,0.000563,0.000493,0.000266,0.000801,0.000136,4e-06,0.000291,1.1e-05,3e-06,0.000418,6e-05,0.000609,8.6e-05,0.00068,5.3e-05,0.00611,0.000944,0.001887,0.002817,0.003426,0.001622,0.001207,6.9e-05,5e-05,8e-06,4e-06,0.000263,4.4e-05,3e-06,3e-06,3e-06,4e-06,9e-06,4e-06,7e-06,0.006617,0.001229,2.5e-05,0.001682,1.1e-05,0.004435,0.001955,0.002314,0.002355,0.003569,0.00143,0.001233,0.000678,0.000598,0.002325,0.001144,0.001415,0.001355,0.000779,0.001889,0.000747,0.001208,0.001724,0.000899,0.002382,0.001005,0.000488,0.000189,0.000679,0.001089,0.001051,0.000678,0.000562,0.002023,0.002334,0.000881,0.000291,0.001322,0.000526,0.002102,0.001177,0.000958,0.001026,0.000659,0.000623,0.000614,0.00033,0.001206,0.000468,0.001999,0.001773,0.000726,3e-06,1.2e-05,0.000784,3e-06,3e-06,0.000247,3e-06,3e-06,0.003528,0.000854,3e-06,3e-06,0.001691,0.001673,0.001537,0.002029,0.001725,0.001248,3.6e-05,0.000704,0.001223,0.00073,0.002496,0.00054,0.001692,0.000803,0.000785,0.001657,0.001377,0.000405,0.000245,0.000359,0.000222,0.000212
2025-11-25,0.003174,0.004194,0.007057,0.00869,0.00228,0.004186,0.005696,0.005545,0.004552,0.008614,0.004163,0.003694,0.001288,0.002272,0.003725,0.004341,0.003363,0.014853,0.00567,0.00349,0.00865,0.00324,0.002484,0.004475,0.007409,0.003672,0.009726,0.010227,0.008273,0.017572,0.008215,0.007297,0.006378,0.00323,0.004103,0.00261,0.003375,0.007157,0.008531,0.008612,0.007503,0.005586,0.005901,0.004229,0.003071,0.002974,0.005429,0.004877,0.003839,0.003479,0.007621,0.008751,0.002164,0.003442,0.001473,0.003976,0.007015,0.002437,0.007746,0.002701,0.003873,0.002734,0.008468,0.005656,0.005778,0.00467,0.001584,0.002559,0.001848,0.004162,0.005512,0.005086,0.009644,0.002411,0.001619,0.002599,0.005154,0.007494,0.007095,0.004043,0.004592,0.005905,0.012066,0.014036,0.003238,0.00356,0.002835,0.00015,0.001069,0.001617,0.002499,0.002246,0.01157,0.002494,0.003556,0.006664,0.002839,0.0083,0.009919,0.003614,0.002019,0.00171,0.005173,0.004215,0.009356,0.008978,0.002512,0.005289,0.011014,0.004486,0.005511,0.00138,0.001761,0.001515,0.000211,0.001136,0.001496,0.001748,0.004601,0.003353,0.005569,0.002672,0.006584,0.005102,0.003231,0.003205,0.003201,0.008157,0.001164,0.007375,0.0064,0.001572,0.012696,0.000153,0.001935,0.002448,0.006191,0.00534,0.006727,0.006675,0.006982,0.000215,0.00242,0.003366,0.002392,0.003869,0.01239,0.005025,0.006181,0.002832,0.000758,2e-05,0.001816,0.002407,0.006806,0.001434,0.001748,0.003986,0.004319,0.00321,2e-06,0.002321,0.003901,0.004081,0.00345,0.003323,0.001529,5e-05,0.002208,0.002649,0.002347,0.001851,8.2e-05,0.002306,0.002151,0.005739,0.000801,0.002754,0.001669,0.007829,0.003713,0.000332,0.003295,0.004945,0.00179,0.003526,0.006366,0.00119,0.00015,0.002891,0.001182,0.001299,0.002345,0.002277,0.002862,0.003134,2e-06,0.000573,0.002824,0.007383,7e-05,3e-06,0.004876,2e-06,2e-06,2e-06,2e-06,2e-06,2e-06,0.00108,0.001132,0.00051,0.000227,6e-05,0.000328,1.5e-05,0.000174,2e-06,0.000485,0.000772,0.000118,0.000523,2e-06,2e-06,0.000394,0.000345,0.000443,0.001333,9.5e-05,3e-06,0.000204,7e-06,2e-06,0.000293,4.2e-05,0.000426,0.000318,0.000476,3.7e-05,0.005306,0.000918,0.001321,0.002229,0.002656,0.002422,0.000845,4.8e-05,3.5e-05,6e-06,2e-06,0.000184,3.1e-05,2e-06,2e-06,2e-06,3e-06,7e-06,2e-06,5e-06,0.005661,0.001117,1.8e-05,0.001692,8e-06,0.004648,0.002398,0.001877,0.002163,0.004299,0.002802,0.000863,0.000732,0.00119,0.001885,0.001058,0.001505,0.000949,0.000803,0.001322,0.000523,0.000846,0.001464,0.000629,0.001925,0.000703,0.000341,0.000132,0.000732,0.000762,0.00125,0.000475,0.000394,0.001416,0.001634,0.000617,0.000461,0.000925,0.000368,0.001471,0.000824,0.000671,0.000718,0.000719,0.000693,0.000687,0.000231,0.000844,0.000842,0.001657,0.001756,0.000765,2e-06,8e-06,0.001578,2e-06,2e-06,0.00043,2e-06,2e-06,0.003499,0.001627,2e-06,2e-06,0.001698,0.001428,0.001333,0.00245,0.00198,0.001645,2.5e-05,0.001007,0.001371,0.000768,0.002262,0.000378,0.001956,0.000562,0.00055,0.001674,0.000964,0.000283,0.000171,0.000509,0.000155,0.000149
2026-02-20,0.003077,0.003824,0.006271,0.007922,0.002927,0.0048,0.00478,0.005086,0.005215,0.007964,0.004658,0.00528,0.001567,0.002447,0.004319,0.004623,0.003685,0.013028,0.004951,0.004281,0.009795,0.003155,0.003545,0.004749,0.007247,0.003458,0.009027,0.008839,0.008739,0.015438,0.009586,0.006281,0.006176,0.003307,0.00395,0.002841,0.004232,0.006785,0.008317,0.00961,0.007217,0.005305,0.005145,0.003911,0.002878,0.002779,0.004529,0.004301,0.005413,0.003861,0.006761,0.00863,0.002022,0.00409,0.001792,0.005065,0.006432,0.00364,0.007736,0.00262,0.003947,0.002928,0.007956,0.006241,0.007024,0.005234,0.00225,0.002933,0.00161,0.003864,0.005855,0.005081,0.009889,0.002449,0.002116,0.002358,0.004812,0.007116,0.007185,0.004098,0.004546,0.00632,0.01076,0.013629,0.003883,0.00433,0.00265,0.000232,0.001192,0.001544,0.00251,0.002555,0.010476,0.002317,0.003155,0.006345,0.003097,0.007141,0.010525,0.003418,0.001762,0.001736,0.005396,0.003679,0.007975,0.00825,0.001885,0.005033,0.009231,0.003838,0.005823,0.001378,0.001613,0.001504,0.000465,0.001017,0.001871,0.002047,0.004489,0.003868,0.005357,0.002853,0.006289,0.00636,0.003149,0.00275,0.003033,0.008753,0.001132,0.007001,0.006223,0.001576,0.013039,0.000265,0.002432,0.003045,0.00614,0.005481,0.007498,0.005782,0.006314,0.000214,0.002074,0.0028,0.002182,0.003659,0.011082,0.004785,0.005658,0.00306,0.000943,0.000109,0.002063,0.002699,0.007014,0.001162,0.001572,0.003234,0.004196,0.003325,2e-06,0.002861,0.003808,0.004378,0.003937,0.003308,0.001166,0.00013,0.002085,0.002583,0.002277,0.002088,5.7e-05,0.002565,0.002425,0.005697,0.001036,0.002657,0.001865,0.007033,0.004945,0.000359,0.003162,0.004095,0.002267,0.003989,0.005693,0.001213,0.000137,0.002499,0.001525,0.001448,0.002307,0.002164,0.002923,0.003018,2e-06,0.000496,0.002579,0.007038,0.000207,2e-06,0.004776,2e-06,2e-06,2e-06,2e-06,2e-06,2e-06,0.000851,0.001141,0.000579,0.00019,0.000137,0.000483,0.000581,0.000154,2e-06,0.000403,0.000826,0.000146,0.000493,2e-06,2e-06,0.000498,0.000273,0.000501,0.001123,6.6e-05,3.4e-05,0.000142,5e-06,2e-06,0.0003,6.1e-05,0.000298,0.000412,0.000397,0.000121,0.00568,0.000801,0.001812,0.002765,0.00281,0.00217,0.000686,0.000224,2.4e-05,4e-06,2e-06,0.000192,2.2e-05,2e-06,2e-06,2e-06,2e-06,5e-06,2e-06,3e-06,0.006467,0.001258,7.6e-05,0.002389,5e-06,0.005726,0.00301,0.00236,0.002116,0.004055,0.002278,0.000763,0.000893,0.001087,0.00208,0.000962,0.001181,0.000886,0.000974,0.001147,0.000651,0.000655,0.001437,0.000789,0.00233,0.000619,0.000429,0.000631,0.000925,0.000882,0.001256,0.000459,0.000656,0.001467,0.002094,0.000622,0.000481,0.000806,0.000511,0.001696,0.000989,0.000565,0.000947,0.000662,0.000612,0.000576,0.000194,0.000718,0.000685,0.001413,0.001546,0.000631,2e-06,6.9e-05,0.001326,2e-06,2e-06,0.00046,2e-06,2e-06,0.003495,0.001678,2e-06,2e-06,0.001569,0.001222,0.001314,0.002222,0.001861,0.001691,1.8e-05,0.001371,0.00134,0.000728,0.001837,0.000392,0.002986,0.000806,0.000511,0.001362,0.000865,0.00042,0.000183,0.00042,0.000204,0.000104
