date,AAPL,MSFT,GOOGL,AMZN,META,NVDA,TSLA,PLTR,AVGO,MU,GEV,VRT,BE,LITE,000660,005930,UNH,LLY,ISRG,ABBV,REGN,JPM,V,MA,BLK,SPGI,GS,COST,HD,PG,MCD,WMT,CAT,HON,DE,UNP,LMT,ETN,XOM,LNG,FCX,LIN,NEE,AMT,EQIX,TMUS,PLD,AMD,CRM,NFLX
2016-12-19,0.02,0.02,0.02,0.02,0.02,0.125,0.02,0.02,0.004,0.02,0.02,0.02,0.02,0.09,0.0,0.02,0.02,0.02,0.02,0.004,0.0,0.02,0.02,0.004,0.02,0.02,0.0,0.02,0.02,0.02,0.0,0.02,0.02,0.02,0.02,0.009,0.02,0.02,0.004,0.02,0.0,0.02,0.02,0.02,0.02,0.02,0.02,0.02,0.02,0.02
2017-01-02,0.007,0.02,0.02,0.02,0.004,0.125,0.02,0.02,0.004,0.0,0.02,0.02,0.02,0.004,0.004,0.02,0.02,0.02,0.02,0.0,0.0,0.02,0.02,0.004,0.02,0.02,0.004,0.004,0.004,0.02,0.0,0.02,0.02,0.02,0.02,0.009,0.02,0.02,0.0,0.02,0.004,0.02,0.02,0.02,0.02,0.02,0.02,0.078,0.02,0.125
2017-01-16,0.004,0.02,0.02,0.02,0.004,0.125,0.02,0.02,0.0,0.0,0.004,0.02,0.02,0.004,0.004,0.004,0.005,0.004,0.02,0.004,0.0,0.004,0.02,0.004,0.004,0.02,0.004,0.0,0.004,0.004,0.0,0.004,0.02,0.02,0.125,0.004,0.02,0.02,0.004,0.035,0.004,0.004,0.02,0.02,0.02,0.004,0.02,0.125,0.02,0.125
2017-01-30,0.004,0.004,0.004,0.02,0.004,0.125,0.125,0.004,0.004,0.0,0.004,0.02,0.02,0.004,0.0,0.004,0.004,0.004,0.004,0.004,0.0,0.004,0.02,0.004,0.004,0.004,0.004,0.004,0.004,0.004,0.0,0.004,0.02,0.004,0.125,0.004,0.004,0.02,0.004,0.035,0.0,0.004,0.004,0.02,0.044,0.004,0.02,0.125,0.02,0.125
2017-02-13,0.07,0.004,0.004,0.02,0.004,0.125,0.107,0.004,0.004,0.004,0.004,0.02,0.02,0.0,0.0,0.004,0.004,0.004,0.004,0.004,0.0,0.004,0.02,0.004,0.004,0.004,0.004,0.004,0.004,0.004,0.0,0.004,0.004,0.004,0.125,0.004,0.004,0.004,0.004,0.035,0.0,0.004,0.004,0.02,0.044,0.004,0.02,0.004,0.125,0.125
2017-02-27,0.125,0.004,0.004,0.02,0.004,0.016,0.076,0.004,0.004,0.004,0.004,0.02,0.02,0.004,0.0,0.004,0.004,0.004,0.12,0.004,0.0,0.004,0.02,0.004,0.004,0.004,0.004,0.004,0.004,0.004,0.0,0.004,0.004,0.004,0.125,0.004,0.004,0.004,0.004,0.004,0.0,0.004,0.004,0.02,0.044,0.004,0.02,0.0,0.125,0.125
2017-03-13,0.125,0.004,0.004,0.02,0.004,0.004,0.076,0.004,0.004,0.125,0.004,0.016,0.02,0.004,0.0,0.004,0.004,0.004,0.125,0.004,0.004,0.004,0.02,0.004,0.004,0.004,0.004,0.004,0.004,0.004,0.0,0.004,0.004,0.004,0.02,0.004,0.004,0.004,0.004,0.0,0.0,0.004,0.004,0.02,0.044,0.004,0.02,0.0,0.12,0.125
2017-03-27,0.125,0.004,0.004,0.02,0.004,0.004,0.071,0.004,0.004,0.125,0.004,0.016,0.02,0.125,0.0,0.004,0.004,0.004,0.125,0.004,0.004,0.004,0.02,0.004,0.004,0.004,0.004,0.004,0.004,0.004,0.0,0.004,0.004,0.004,0.004,0.004,0.004,0.004,0.004,0.0,0.0,0.004,0.004,0.02,0.044,0.004,0.02,0.0,0.02,0.125
2017-04-10,0.125,0.004,0.004,0.02,0.004,0.004,0.021,0.004,0.004,0.0,0.004,0.016,0.02,0.125,0.0,0.004,0.004,0.004,0.125,0.004,0.07,0.004,0.125,0.004,0.004,0.004,0.004,0.004,0.004,0.004,0.0,0.004,0.004,0.004,0.004,0.004,0.004,0.004,0.004,0.004,0.0,0.004,0.004,0.02,0.044,0.004,0.02,0.0,0.02,0.125
2017-04-24,0.125,0.004,0.004,0.02,0.004,0.004,0.004,0.004,0.004,0.0,0.004,0.016,0.02,0.125,0.0,0.004,0.004,0.004,0.125,0.004,0.004,0.004,0.095,0.004,0.004,0.02,0.004,0.004,0.004,0.02,0.0,0.004,0.004,0.004,0.004,0.004,0.004,0.004,0.004,0.004,0.0,0.004,0.004,0.02,0.125,0.004,0.02,0.0,0.02,0.125
2017-05-08,0.004,0.004,0.004,0.02,0.004,0.004,0.004,0.004,0.004,0.004,0.004,0.016,0.02,0.125,0.0,0.004,0.004,0.004,0.125,0.004,0.0,0.004,0.069,0.004,0.004,0.02,0.0,0.004,0.004,0.004,0.046,0.004,0.004,0.004,0.004,0.004,0.004,0.004,0.004,0.0,0.0,0.004,0.004,0.02,0.125,0.004,0.02,0.125,0.02,0.125
2017-05-22,0.004,0.004,0.004,0.02,0.004,0.125,0.0,0.004,0.004,0.004,0.004,0.016,0.02,0.004,0.0,0.004,0.004,0.004,0.125,0.004,0.0,0.004,0.02,0.004,0.004,0.02,0.0,0.004,0.004,0.004,0.046,0.004,0.004,0.004,0.004,0.004,0.004,0.004,0.004,0.0,0.004,0.004,0.004,0.02,0.125,0.004,0.02,0.125,0.069,0.125
2017-06-05,0.004,0.004,0.004,0.02,0.004,0.125,0.0,0.004,0.0,0.02,0.004,0.004,0.02,0.004,0.0,0.004,0.004,0.004,0.125,0.004,0.0,0.004,0.016,0.004,0.004,0.02,0.004,0.004,0.004,0.004,0.125,0.004,0.004,0.004,0.004,0.004,0.004,0.004,0.004,0.0,0.02,0.004,0.004,0.004,0.125,0.004,0.02,0.125,0.069,0.046
2017-06-19,0.004,0.004,0.004,0.02,0.004,0.125,0.0,0.004,0.0,0.02,0.004,0.004,0.02,0.004,0.0,0.004,0.004,0.004,0.125,0.004,0.0,0.004,0.004,0.004,0.004,0.02,0.004,0.125,0.004,0.004,0.02,0.004,0.004,0.004,0.016,0.004,0.004,0.004,0.004,0.0,0.004,0.004,0.004,0.004,0.125,0.004,0.02,0.125,0.069,0.046
2017-07-03,0.004,0.004,0.004,0.02,0.004,0.125,0.0,0.004,0.0,0.0,0.004,0.004,0.02,0.125,0.0,0.004,0.004,0.004,0.125,0.004,0.0,0.004,0.004,0.004,0.004,0.02,0.004,0.125,0.004,0.004,0.069,0.004,0.004,0.004,0.016,0.004,0.004,0.004,0.004,0.004,0.004,0.004,0.004,0.004,0.125,0.004,0.02,0.02,0.02,0.046
2017-07-17,0.004,0.016,0.004,0.02,0.004,0.125,0.0,0.004,0.004,0.0,0.004,0.004,0.02,0.125,0.0,0.004,0.004,0.004,0.125,0.004,0.0,0.004,0.004,0.004,0.004,0.004,0.004,0.125,0.004,0.004,0.069,0.004,0.004,0.004,0.02,0.004,0.004,0.004,0.004,0.02,0.0,0.004,0.004,0.004,0.125,0.004,0.02,0.004,0.02,0.046
2017-07-31,0.004,0.016,0.004,0.02,0.004,0.125,0.0,0.004,0.004,0.0,0.004,0.004,0.02,0.125,0.0,0.004,0.004,0.004,0.125,0.004,0.004,0.004,0.004,0.004,0.004,0.004,0.004,0.02,0.004,0.004,0.0,0.02,0.004,0.004,0.125,0.004,0.004,0.004,0.004,0.02,0.0,0.004,0.004,0.004,0.124,0.004,0.02,0.004,0.02,0.096
2017-08-14,0.004,0.004,0.004,0.02,0.004,0.125,0.0,0.004,0.004,0.0,0.004,0.004,0.02,0.125,0.0,0.004,0.004,0.004,0.125,0.004,0.004,0.004,0.004,0.004,0.004,0.004,0.004,0.02,0.004,0.004,0.0,0.02,0.004,0.004,0.125,0.004,0.004,0.004,0.004,0.016,0.0,0.004,0.004,0.004,0.095,0.004,0.02,0.02,0.02,0.125
2017-08-28,0.004,0.004,0.004,0.02,0.004,0.125,0.0,0.004,0.004,0.0,0.004,0.004,0.02,0.125,0.0,0.004,0.004,0.004,0.095,0.004,0.004,0.004,0.004,0.004,0.004,0.004,0.004,0.004,0.004,0.004,0.0,0.02,0.004,0.004,0.125,0.004,0.004,0.02,0.004,0.016,0.0,0.004,0.004,0.004,0.02,0.004,0.02,0.125,0.02,0.125
2017-09-11,0.004,0.004,0.004,0.02,0.004,0.125,0.0,0.004,0.004,0.004,0.004,0.004,0.02,0.0,0.0,0.004,0.004,0.02,0.125,0.004,0.0,0.004,0.004,0.004,0.004,0.004,0.004,0.125,0.004,0.004,0.004,0.02,0.004,0.004,0.125,0.004,0.004,0.02,0.004,0.016,0.0,0.004,0.004,0.004,0.004,0.004,0.02,0.095,0.02,0.125
2017-09-25,0.004,0.004,0.004,0.02,0.004,0.125,0.0,0.004,0.02,0.0,0.004,0.004,0.004,0.004,0.0,0.02,0.004,0.02,0.125,0.0,0.095,0.004,0.004,0.004,0.004,0.004,0.004,0.02,0.004,0.004,0.004,0.004,0.016,0.004,0.125,0.004,0.004,0.02,0.004,0.004,0.0,0.004,0.004,0.004,0.004,0.004,0.004,0.125,0.02,0.125
2017-10-09,0.004,0.004,0.004,0.02,0.004,0.125,0.0,0.004,0.02,0.0,0.004,0.004,0.004,0.004,0.0,0.02,0.004,0.016,0.125,0.004,0.004,0.004,0.004,0.004,0.004,0.004,0.004,0.02,0.004,0.004,0.004,0.004,0.125,0.004,0.095,0.004,0.004,0.02,0.004,0.0,0.02,0.004,0.004,0.004,0.004,0.004,0.0,0.125,0.02,0.125
2017-10-23,0.004,0.004,0.004,0.02,0.004,0.125,0.0,0.004,0.02,0.0,0.004,0.004,0.004,0.004,0.0,0.02,0.004,0.016,0.075,0.004,0.004,0.004,0.004,0.004,0.004,0.004,0.004,0.02,0.004,0.04,0.004,0.004,0.125,0.004,0.125,0.004,0.004,0.02,0.004,0.0,0.125,0.004,0.004,0.004,0.004,0.004,0.004,0.125,0.02,0.0
2017-11-06,0.004,0.02,0.004,0.125,0.004,0.125,0.0,0.004,0.004,0.0,0.004,0.004,0.004,0.004,0.0,0.0,0.004,0.016,0.075,0.004,0.004,0.004,0.004,0.004,0.004,0.004,0.004,0.02,0.004,0.04,0.004,0.02,0.004,0.004,0.107,0.004,0.004,0.02,0.004,0.0,0.125,0.004,0.004,0.004,0.004,0.038,0.004,0.125,0.02,0.004
2017-11-20,0.004,0.02,0.004,0.125,0.004,0.0,0.0,0.004,0.004,0.0,0.004,0.004,0.004,0.004,0.0,0.004,0.004,0.016,0.125,0.004,0.125,0.004,0.004,0.004,0.004,0.004,0.004,0.02,0.004,0.04,0.004,0.02,0.004,0.004,0.075,0.004,0.004,0.02,0.004,0.0,0.125,0.004,0.004,0.004,0.004,0.02,0.004,0.125,0.02,0.004
2017-12-04,0.02,0.02,0.004,0.125,0.004,0.004,0.0,0.0,0.004,0.004,0.004,0.004,0.004,0.125,0.0,0.004,0.004,0.016,0.125,0.0,0.125,0.004,0.004,0.004,0.004,0.004,0.004,0.02,0.004,0.02,0.004,0.02,0.004,0.004,0.02,0.004,0.004,0.02,0.004,0.0,0.095,0.004,0.004,0.004,0.004,0.004,0.004,0.125,0.004,0.004
2017-12-18,0.02,0.02,0.004,0.125,0.004,0.062,0.0,0.004,0.004,0.0,0.004,0.004,0.004,0.053,0.004,0.004,0.004,0.016,0.125,0.0,0.125,0.004,0.004,0.004,0.004,0.004,0.004,0.02,0.004,0.02,0.004,0.125,0.0,0.004,0.02,0.004,0.004,0.02,0.004,0.004,0.0,0.004,0.004,0.004,0.004,0.004,0.004,0.125,0.004,0.004
2018-01-01,0.02,0.02,0.004,0.125,0.004,0.125,0.02,0.004,0.004,0.004,0.004,0.004,0.004,0.125,0.016,0.004,0.004,0.02,0.095,0.0,0.125,0.0,0.004,0.004,0.004,0.004,0.004,0.004,0.0,0.02,0.004,0.125,0.0,0.004,0.004,0.004,0.004,0.02,0.004,0.004,0.0,0.004,0.004,0.004,0.004,0.004,0.004,0.02,0.004,0.004
2018-01-15,0.02,0.02,0.004,0.125,0.004,0.125,0.016,0.004,0.004,0.004,0.004,0.004,0.004,0.125,0.02,0.125,0.004,0.02,0.0,0.004,0.125,0.0,0.004,0.004,0.004,0.004,0.004,0.004,0.0,0.02,0.004,0.095,0.0,0.004,0.004,0.004,0.004,0.02,0.004,0.004,0.0,0.004,0.004,0.004,0.02,0.004,0.004,0.004,0.004,0.004
2018-01-29,0.02,0.004,0.004,0.02,0.004,0.125,0.016,0.004,0.121,0.004,0.004,0.004,0.004,0.125,0.02,0.125,0.004,0.02,0.004,0.004,0.125,0.0,0.004,0.004,0.004,0.004,0.004,0.004,0.0,0.02,0.004,0.095,0.004,0.004,0.004,0.004,0.004,0.02,0.004,0.004,0.0,0.004,0.004,0.004,0.024,0.004,0.004,0.0,0.004,0.0
2018-02-12,0.02,0.004,0.004,0.02,0.004,0.016,0.02,0.004,0.121,0.0,0.004,0.004,0.004,0.125,0.004,0.125,0.004,0.095,0.004,0.004,0.125,0.004,0.004,0.004,0.004,0.004,0.004,0.004,0.0,0.02,0.004,0.125,0.004,0.004,0.004,0.004,0.004,0.02,0.02,0.004,0.0,0.004,0.004,0.004,0.024,0.004,0.004,0.0,0.004,0.0
2018-02-26,0.004,0.004,0.004,0.004,0.02,0.004,0.02,0.004,0.02,0.004,0.004,0.004,0.004,0.125,0.02,0.125,0.004,0.095,0.004,0.125,0.125,0.004,0.004,0.004,0.004,0.004,0.004,0.004,0.0,0.02,0.004,0.125,0.004,0.004,0.004,0.004,0.0,0.016,0.02,0.0,0.0,0.004,0.004,0.004,0.02,0.004,0.004,0.0,0.004,0.004
2018-03-12,0.004,0.004,0.004,0.046,0.02,0.0,0.02,0.004,0.02,0.0,0.004,0.004,0.004,0.125,0.125,0.125,0.004,0.095,0.004,0.004,0.125,0.004,0.004,0.004,0.004,0.004,0.004,0.004,0.004,0.02,0.016,0.099,0.004,0.004,0.004,0.0,0.004,0.02,0.02,0.0,0.0,0.004,0.004,0.004,0.004,0.004,0.004,0.004,0.004,0.004
2018-03-26,0.004,0.004,0.02,0.076,0.125,0.004,0.004,0.004,0.02,0.0,0.004,0.004,0.004,0.125,0.125,0.125,0.004,0.039,0.004,0.004,0.125,0.004,0.004,0.004,0.004,0.004,0.004,0.004,0.004,0.02,0.016,0.02,0.004,0.004,0.02,0.0,0.004,0.02,0.004,0.0,0.004,0.004,0.004,0.004,0.0,0.004,0.004,0.0,0.004,0.004
2018-04-09,0.004,0.004,0.02,0.076,0.125,0.004,0.0,0.004,0.02,0.0,0.004,0.004,0.004,0.125,0.125,0.004,0.0,0.039,0.004,0.004,0.125,0.004,0.004,0.004,0.004,0.004,0.004,0.004,0.004,0.02,0.016,0.02,0.004,0.004,0.02,0.004,0.004,0.02,0.004,0.0,0.004,0.004,0.004,0.004,0.004,0.004,0.004,0.125,0.0,0.004
2018-04-23,0.004,0.0,0.02,0.02,0.125,0.004,0.0,0.004,0.02,0.004,0.004,0.004,0.004,0.125,0.125,0.004,0.004,0.02,0.0,0.099,0.125,0.004,0.004,0.004,0.004,0.004,0.004,0.004,0.004,0.02,0.016,0.02,0.004,0.004,0.02,0.004,0.004,0.004,0.004,0.0,0.004,0.004,0.004,0.004,0.004,0.004,0.004,0.121,0.004,0.0
2018-05-07,0.004,0.004,0.02,0.004,0.099,0.0,0.004,0.004,0.02,0.004,0.004,0.004,0.004,0.0,0.125,0.02,0.004,0.02,0.004,0.121,0.125,0.004,0.004,0.004,0.004,0.0,0.004,0.004,0.004,0.02,0.016,0.125,0.004,0.004,0.02,0.004,0.004,0.02,0.004,0.0,0.004,0.004,0.004,0.004,0.004,0.004,0.004,0.125,0.004,0.0
2018-05-21,0.095,0.004,0.02,0.004,0.02,0.004,0.004,0.004,0.02,0.004,0.004,0.004,0.004,0.0,0.125,0.02,0.004,0.02,0.004,0.125,0.125,0.004,0.004,0.004,0.004,0.0,0.004,0.004,0.004,0.02,0.016,0.125,0.004,0.004,0.004,0.004,0.004,0.02,0.004,0.0,0.004,0.004,0.004,0.004,0.004,0.004,0.004,0.125,0.0,0.0
2018-06-04,0.125,0.004,0.02,0.004,0.02,0.016,0.0,0.004,0.02,0.0,0.004,0.004,0.004,0.004,0.095,0.02,0.004,0.008,0.004,0.125,0.125,0.004,0.004,0.004,0.004,0.004,0.004,0.004,0.004,0.02,0.016,0.125,0.004,0.004,0.004,0.004,0.004,0.02,0.004,0.0,0.0,0.004,0.004,0.004,0.004,0.125,0.004,0.004,0.0,0.004
2018-06-18,0.125,0.004,0.016,0.004,0.004,0.016,0.0,0.004,0.004,0.004,0.004,0.004,0.004,0.02,0.125,0.125,0.004,0.008,0.004,0.125,0.02,0.004,0.004,0.004,0.004,0.004,0.004,0.004,0.004,0.02,0.016,0.125,0.02,0.004,0.004,0.004,0.004,0.02,0.004,0.0,0.0,0.004,0.004,0.004,0.008,0.095,0.004,0.0,0.0,0.004
2018-07-02,0.125,0.004,0.016,0.004,0.004,0.016,0.0,0.004,0.004,0.004,0.004,0.004,0.004,0.0,0.125,0.125,0.004,0.004,0.004,0.004,0.02,0.004,0.004,0.004,0.004,0.004,0.004,0.004,0.004,0.02,0.016,0.125,0.125,0.004,0.02,0.004,0.02,0.02,0.004,0.0,0.0,0.004,0.004,0.004,0.012,0.095,0.004,0.0,0.004,0.004
2018-07-16,0.125,0.004,0.004,0.004,0.004,0.02,0.0,0.004,0.02,0.125,0.004,0.004,0.004,0.004,0.125,0.125,0.004,0.004,0.004,0.004,0.02,0.004,0.004,0.004,0.004,0.004,0.004,0.004,0.004,0.02,0.016,0.125,0.095,0.004,0.02,0.004,0.02,0.02,0.004,0.0,0.0,0.004,0.004,0.004,0.004,0.004,0.004,0.0,0.0,0.004
2018-07-30,0.125,0.004,0.004,0.0,0.004,0.02,0.0,0.004,0.004,0.125,0.004,0.004,0.02,0.125,0.02,0.121,0.004,0.004,0.004,0.004,0.02,0.004,0.004,0.004,0.004,0.004,0.004,0.004,0.004,0.016,0.004,0.125,0.095,0.004,0.024,0.004,0.02,0.02,0.004,0.0,0.0,0.004,0.004,0.004,0.004,0.004,0.004,0.0,0.004,0.004
2018-08-13,0.125,0.004,0.004,0.0,0.038,0.02,0.0,0.004,0.004,0.125,0.004,0.004,0.115,0.125,0.02,0.087,0.004,0.004,0.004,0.016,0.004,0.004,0.004,0.004,0.004,0.004,0.004,0.004,0.004,0.004,0.004,0.02,0.125,0.004,0.02,0.004,0.02,0.02,0.004,0.0,0.004,0.004,0.004,0.004,0.0,0.004,0.004,0.0,0.004,0.004
2018-08-27,0.065,0.004,0.004,0.0,0.038,0.004,0.0,0.0,0.004,0.125,0.004,0.004,0.02,0.125,0.1,0.087,0.004,0.004,0.004,0.095,0.004,0.004,0.004,0.004,0.016,0.004,0.004,0.004,0.004,0.004,0.004,0.02,0.125,0.004,0.02,0.004,0.02,0.02,0.004,0.0,0.004,0.004,0.004,0.004,0.004,0.004,0.004,0.0,0.004,0.004
2018-09-10,0.02,0.004,0.004,0.0,0.125,0.004,0.004,0.0,0.008,0.125,0.004,0.004,0.0,0.02,0.125,0.125,0.004,0.004,0.004,0.095,0.004,0.004,0.004,0.004,0.016,0.004,0.004,0.004,0.004,0.004,0.004,0.02,0.125,0.004,0.02,0.004,0.019,0.02,0.004,0.004,0.004,0.004,0.004,0.004,0.017,0.004,0.004,0.0,0.0,0.004
2018-09-24,0.02,0.004,0.004,0.004,0.125,0.004,0.004,0.0,0.008,0.125,0.004,0.004,0.0,0.02,0.125,0.121,0.004,0.004,0.004,0.125,0.004,0.004,0.004,0.004,0.016,0.004,0.004,0.004,0.004,0.004,0.004,0.02,0.02,0.004,0.099,0.004,0.019,0.004,0.004,0.0,0.02,0.004,0.004,0.004,0.017,0.004,0.004,0.0,0.004,0.0
2018-10-08,0.012,0.004,0.004,0.004,0.125,0.004,0.0,0.0,0.008,0.125,0.004,0.004,0.0,0.125,0.125,0.02,0.02,0.004,0.004,0.125,0.004,0.004,0.004,0.004,0.02,0.02,0.004,0.004,0.004,0.02,0.004,0.03,0.02,0.004,0.085,0.0,0.004,0.004,0.004,0.004,0.004,0.004,0.004,0.004,0.004,0.004,0.004,0.004,0.004,0.0
2018-10-22,0.012,0.004,0.004,0.004,0.125,0.125,0.0,0.0,0.008,0.125,0.004,0.004,0.004,0.008,0.125,0.02,0.016,0.004,0.004,0.125,0.004,0.004,0.004,0.0,0.02,0.02,0.004,0.004,0.004,0.02,0.004,0.076,0.02,0.004,0.039,0.004,0.004,0.004,0.004,0.004,0.004,0.004,0.004,0.004,0.004,0.004,0.004,0.004,0.0,0.0
2018-11-05,0.012,0.004,0.004,0.016,0.02,0.125,0.0,0.0,0.008,0.125,0.004,0.0,0.0,0.008,0.125,0.02,0.004,0.004,0.004,0.125,0.004,0.004,0.004,0.004,0.02,0.02,0.004,0.004,0.004,0.02,0.004,0.125,0.095,0.004,0.02,0.004,0.004,0.004,0.004,0.004,0.004,0.004,0.004,0.004,0.004,0.004,0.004,0.0,0.004,0.004
2018-11-19,0.012,0.004,0.004,0.04,0.02,0.125,0.0,0.0,0.004,0.125,0.004,0.004,0.0,0.125,0.117,0.02,0.004,0.004,0.004,0.083,0.004,0.004,0.004,0.004,0.02,0.02,0.004,0.004,0.004,0.02,0.004,0.02,0.125,0.004,0.008,0.004,0.004,0.004,0.004,0.004,0.004,0.004,0.0,0.004,0.004,0.004,0.004,0.0,0.004,0.004
2018-12-03,0.012,0.004,0.004,0.09,0.125,0.125,0.0,0.0,0.004,0.02,0.004,0.0,0.0,0.125,0.117,0.02,0.004,0.004,0.004,0.033,0.004,0.004,0.004,0.004,0.02,0.008,0.02,0.004,0.004,0.02,0.004,0.02,0.125,0.004,0.004,0.004,0.004,0.004,0.004,0.004,0.004,0.004,0.004,0.004,0.004,0.004,0.004,0.0,0.004,0.004
2018-12-17,0.103,0.004,0.004,0.125,0.125,0.125,0.0,0.004,0.004,0.02,0.004,0.004,0.0,0.0,0.117,0.02,0.004,0.004,0.004,0.02,0.004,0.004,0.004,0.004,0.012,0.008,0.02,0.004,0.004,0.02,0.004,0.02,0.125,0.004,0.004,0.004,0.02,0.004,0.004,0.004,0.004,0.004,0.0,0.004,0.004,0.004,0.004,0.0,0.004,0.004
2018-12-31,0.125,0.004,0.004,0.125,0.125,0.125,0.0,0.004,0.004,0.004,0.004,0.004,0.0,0.0,0.117,0.02,0.004,0.0,0.004,0.02,0.004,0.004,0.004,0.004,0.012,0.008,0.02,0.004,0.004,0.02,0.004,0.02,0.103,0.004,0.004,0.004,0.02,0.004,0.004,0.004,0.004,0.004,0.004,0.004,0.004,0.004,0.004,0.0,0.004,0.02
2019-01-14,0.125,0.004,0.004,0.125,0.125,0.125,0.0,0.004,0.004,0.004,0.004,0.004,0.004,0.004,0.065,0.02,0.004,0.0,0.004,0.02,0.125,0.004,0.004,0.004,0.012,0.008,0.02,0.004,0.004,0.02,0.004,0.02,0.004,0.004,0.004,0.004,0.02,0.004,0.004,0.0,0.004,0.004,0.004,0.004,0.05,0.004,0.004,0.0,0.004,0.0
2019-01-28,0.125,0.004,0.004,0.125,0.125,0.125,0.0,0.004,0.004,0.004,0.004,0.004,0.125,0.004,0.02,0.02,0.004,0.0,0.004,0.004,0.02,0.004,0.004,0.004,0.012,0.008,0.02,0.004,0.004,0.02,0.004,0.02,0.004,0.004,0.004,0.0,0.02,0.004,0.004,0.004,0.004,0.004,0.004,0.004,0.095,0.004,0.004,0.0,0.004,0.0
2019-02-11,0.125,0.004,0.004,0.125,0.095,0.004,0.0,0.004,0.004,0.008,0.004,0.004,0.125,0.004,0.02,0.004,0.004,0.0,0.004,0.004,0.02,0.004,0.004,0.0,0.012,0.004,0.02,0.02,0.004,0.02,0.004,0.125,0.004,0.004,0.004,0.004,0.02,0.004,0.004,0.004,0.02,0.004,0.004,0.004,0.125,0.004,0.004,0.0,0.004,0.0
2019-02-25,0.125,0.004,0.004,0.125,0.069,0.004,0.004,0.004,0.004,0.008,0.004,0.004,0.125,0.0,0.004,0.004,0.004,0.0,0.004,0.0,0.02,0.004,0.004,0.004,0.012,0.004,0.02,0.046,0.004,0.02,0.004,0.125,0.02,0.004,0.004,0.004,0.02,0.004,0.004,0.02,0.125,0.004,0.004,0.004,0.004,0.004,0.0,0.0,0.004,0.004
2019-03-11,0.125,0.004,0.004,0.125,0.069,0.046,0.004,0.004,0.004,0.008,0.004,0.004,0.099,0.004,0.0,0.004,0.02,0.0,0.004,0.004,0.125,0.004,0.004,0.004,0.012,0.004,0.02,0.046,0.004,0.02,0.004,0.125,0.02,0.004,0.004,0.004,0.02,0.004,0.004,0.0,0.0,0.004,0.004,0.004,0.004,0.004,0.004,0.0,0.004,0.004
2019-03-25,0.125,0.004,0.004,0.125,0.008,0.046,0.02,0.004,0.004,0.0,0.004,0.004,0.125,0.004,0.0,0.0,0.02,0.0,0.004,0.004,0.125,0.004,0.004,0.004,0.012,0.004,0.02,0.004,0.004,0.02,0.004,0.065,0.024,0.004,0.004,0.004,0.02,0.004,0.004,0.125,0.004,0.004,0.004,0.004,0.004,0.004,0.004,0.0,0.004,0.004
2019-04-08,0.125,0.004,0.004,0.008,0.004,0.046,0.02,0.004,0.004,0.0,0.004,0.004,0.125,0.0,0.125,0.004,0.02,0.0,0.004,0.004,0.125,0.004,0.004,0.004,0.012,0.004,0.02,0.004,0.004,0.004,0.004,0.035,0.024,0.004,0.004,0.004,0.02,0.004,0.004,0.125,0.05,0.004,0.004,0.0,0.004,0.004,0.004,0.0,0.004,0.004
2019-04-22,0.125,0.004,0.004,0.008,0.004,0.125,0.0,0.004,0.004,0.004,0.004,0.004,0.02,0.0,0.125,0.004,0.076,0.0,0.004,0.02,0.125,0.004,0.004,0.004,0.012,0.004,0.02,0.004,0.004,0.004,0.004,0.035,0.024,0.004,0.004,0.004,0.02,0.004,0.004,0.125,0.0,0.004,0.004,0.004,0.004,0.004,0.004,0.0,0.004,0.02
2019-05-06,0.02,0.004,0.004,0.004,0.004,0.125,0.0,0.0,0.004,0.004,0.004,0.004,0.004,0.0,0.125,0.004,0.11,0.0,0.02,0.02,0.125,0.004,0.004,0.004,0.004,0.004,0.02,0.004,0.004,0.004,0.004,0.035,0.02,0.004,0.004,0.004,0.016,0.004,0.004,0.095,0.125,0.004,0.004,0.004,0.004,0.004,0.004,0.0,0.004,0.02
2019-05-20,0.02,0.004,0.02,0.004,0.004,0.11,0.004,0.0,0.004,0.004,0.004,0.004,0.02,0.004,0.125,0.016,0.11,0.0,0.02,0.02,0.125,0.004,0.004,0.004,0.004,0.004,0.02,0.004,0.004,0.004,0.004,0.004,0.02,0.004,0.125,0.004,0.004,0.004,0.004,0.004,0.125,0.004,0.004,0.0,0.0,0.004,0.004,0.0,0.004,0.004
2019-06-03,0.02,0.004,0.02,0.004,0.004,0.11,0.0,0.0,0.02,0.004,0.004,0.004,0.125,0.004,0.125,0.016,0.02,0.004,0.02,0.02,0.11,0.004,0.004,0.004,0.004,0.004,0.004,0.004,0.004,0.004,0.004,0.004,0.02,0.004,0.125,0.004,0.004,0.004,0.004,0.004,0.125,0.004,0.004,0.0,0.0,0.004,0.004,0.0,0.004,0.004
2019-06-17,0.02,0.004,0.125,0.004,0.02,0.076,0.0,0.0,0.004,0.054,0.004,0.004,0.02,0.0,0.125,0.016,0.02,0.004,0.02,0.004,0.11,0.004,0.004,0.004,0.004,0.004,0.004,0.004,0.004,0.004,0.004,0.004,0.02,0.004,0.125,0.004,0.004,0.004,0.004,0.004,0.125,0.004,0.004,0.004,0.0,0.004,0.004,0.0,0.004,0.004
2019-07-01,0.02,0.004,0.125,0.004,0.02,0.026,0.0,0.0,0.004,0.125,0.004,0.004,0.02,0.004,0.125,0.016,0.02,0.004,0.02,0.104,0.11,0.004,0.004,0.004,0.004,0.004,0.004,0.004,0.0,0.004,0.004,0.004,0.02,0.004,0.004,0.004,0.004,0.004,0.004,0.004,0.125,0.004,0.004,0.004,0.0,0.004,0.004,0.0,0.004,0.004
2019-07-15,0.125,0.004,0.064,0.004,0.02,0.026,0.0,0.0,0.004,0.125,0.004,0.004,0.0,0.0,0.125,0.016,0.02,0.045,0.02,0.125,0.02,0.004,0.004,0.004,0.004,0.004,0.004,0.004,0.004,0.004,0.004,0.004,0.02,0.004,0.004,0.004,0.004,0.004,0.004,0.004,0.125,0.004,0.004,0.004,0.004,0.004,0.004,0.0,0.004,0.004
2019-07-29,0.125,0.004,0.03,0.004,0.02,0.026,0.0,0.004,0.004,0.125,0.004,0.02,0.0,0.0,0.125,0.016,0.02,0.079,0.004,0.125,0.02,0.004,0.004,0.004,0.004,0.004,0.004,0.004,0.004,0.004,0.004,0.004,0.02,0.004,0.004,0.004,0.004,0.004,0.004,0.004,0.0,0.004,0.004,0.004,0.004,0.004,0.004,0.0,0.004,0.125
2019-08-12,0.02,0.004,0.02,0.004,0.016,0.088,0.0,0.004,0.004,0.125,0.004,0.02,0.0,0.0,0.125,0.125,0.02,0.027,0.004,0.125,0.02,0.004,0.004,0.004,0.004,0.004,0.004,0.004,0.004,0.004,0.004,0.004,0.02,0.004,0.004,0.004,0.004,0.004,0.004,0.004,0.004,0.004,0.004,0.004,0.004,0.004,0.0,0.0,0.004,0.125
2019-08-26,0.02,0.02,0.02,0.02,0.02,0.02,0.02,0.02,0.02,0.02,0.02,0.02,0.02,0.02,0.02,0.02,0.02,0.02,0.02,0.02,0.02,0.02,0.02,0.02,0.02,0.02,0.02,0.02,0.02,0.02,0.02,0.02,0.02,0.02,0.02,0.02,0.02,0.02,0.02,0.02,0.02,0.02,0.02,0.02,0.02,0.02,0.02,0.02,0.02,0.02
2019-09-09,0.02,0.02,0.02,0.02,0.02,0.0,0.02,0.02,0.004,0.0,0.02,0.02,0.09,0.02,0.0,0.02,0.02,0.02,0.02,0.0,0.02,0.02,0.02,0.02,0.02,0.02,0.02,0.02,0.009,0.125,0.02,0.02,0.004,0.02,0.02,0.02,0.02,0.0,0.02,0.02,0.004,0.02,0.02,0.02,0.02,0.02,0.02,0.004,0.02,0.02
2019-09-23,0.004,0.02,0.004,0.02,0.004,0.004,0.0,0.02,0.0,0.0,0.02,0.02,0.125,0.004,0.0,0.004,0.043,0.02,0.004,0.004,0.02,0.02,0.02,0.02,0.02,0.02,0.004,0.02,0.009,0.125,0.02,0.02,0.004,0.02,0.004,0.02,0.02,0.004,0.02,0.02,0.0,0.017,0.02,0.02,0.02,0.004,0.02,0.004,0.02,0.125
2019-10-07,0.004,0.02,0.004,0.02,0.004,0.004,0.0,0.02,0.004,0.0,0.004,0.02,0.125,0.004,0.0,0.004,0.089,0.02,0.004,0.0,0.004,0.004,0.02,0.004,0.02,0.02,0.004,0.004,0.004,0.125,0.02,0.004,0.004,0.02,0.0,0.02,0.02,0.004,0.02,0.02,0.125,0.004,0.004,0.015,0.02,0.004,0.004,0.004,0.004,0.125
2019-10-21,0.004,0.004,0.004,0.004,0.004,0.0,0.0,0.004,0.004,0.004,0.004,0.02,0.125,0.004,0.004,0.004,0.089,0.02,0.004,0.004,0.004,0.004,0.02,0.004,0.004,0.02,0.004,0.004,0.004,0.057,0.02,0.004,0.0,0.004,0.004,0.02,0.125,0.004,0.02,0.02,0.125,0.0,0.004,0.004,0.074,0.004,0.0,0.004,0.004,0.125
2019-11-04,0.004,0.004,0.004,0.004,0.004,0.004,0.0,0.004,0.004,0.0,0.004,0.02,0.125,0.004,0.004,0.004,0.089,0.02,0.004,0.004,0.004,0.004,0.02,0.004,0.004,0.016,0.004,0.004,0.004,0.026,0.02,0.0,0.004,0.004,0.004,0.004,0.125,0.0,0.125,0.02,0.125,0.004,0.004,0.004,0.004,0.004,0.004,0.0,0.02,0.125
2019-11-18,0.004,0.004,0.004,0.004,0.004,0.004,0.0,0.004,0.004,0.004,0.004,0.02,0.125,0.0,0.125,0.004,0.089,0.004,0.004,0.004,0.0,0.004,0.02,0.004,0.004,0.016,0.004,0.004,0.004,0.026,0.02,0.0,0.004,0.004,0.004,0.004,0.02,0.0,0.125,0.02,0.125,0.004,0.004,0.004,0.004,0.004,0.004,0.004,0.02,0.125
2019-12-02,0.004,0.004,0.004,0.004,0.004,0.0,0.0,0.004,0.004,0.004,0.004,0.02,0.125,0.0,0.125,0.02,0.089,0.004,0.004,0.004,0.004,0.004,0.02,0.004,0.004,0.016,0.004,0.004,0.004,0.026,0.02,0.004,0.004,0.004,0.004,0.004,0.02,0.0,0.125,0.02,0.125,0.004,0.004,0.004,0.004,0.004,0.004,0.0,0.004,0.125
2019-12-16,0.004,0.004,0.004,0.004,0.004,0.0,0.0,0.004,0.004,0.0,0.004,0.02,0.125,0.0,0.125,0.02,0.089,0.004,0.004,0.004,0.004,0.004,0.02,0.004,0.004,0.016,0.004,0.004,0.004,0.026,0.02,0.004,0.004,0.125,0.004,0.004,0.02,0.004,0.004,0.02,0.125,0.004,0.004,0.004,0.004,0.004,0.004,0.0,0.004,0.125
2019-12-30,0.004,0.004,0.004,0.004,0.004,0.004,0.0,0.004,0.004,0.125,0.004,0.02,0.125,0.0,0.125,0.02,0.059,0.004,0.004,0.004,0.004,0.004,0.004,0.004,0.004,0.016,0.004,0.004,0.004,0.026,0.02,0.004,0.004,0.125,0.004,0.004,0.02,0.0,0.004,0.02,0.0,0.004,0.004,0.05,0.004,0.004,0.004,0.0,0.004,0.125
2020-01-13,0.004,0.004,0.004,0.004,0.004,0.004,0.0,0.02,0.004,0.0,0.004,0.02,0.125,0.0,0.125,0.0,0.029,0.004,0.004,0.004,0.004,0.004,0.004,0.004,0.004,0.016,0.004,0.004,0.004,0.026,0.02,0.004,0.004,0.125,0.004,0.004,0.02,0.004,0.004,0.125,0.0,0.004,0.004,0.08,0.004,0.004,0.004,0.004,0.02,0.125
2020-01-27,0.004,0.004,0.004,0.004,0.004,0.004,0.0,0.02,0.004,0.004,0.004,0.02,0.125,0.0,0.125,0.0,0.059,0.004,0.004,0.004,0.004,0.004,0.0,0.02,0.004,0.016,0.004,0.004,0.004,0.026,0.02,0.004,0.004,0.004,0.004,0.004,0.004,0.004,0.004,0.125,0.004,0.004,0.0,0.05,0.004,0.004,0.004,0.125,0.02,0.125
2020-02-10,0.004,0.0,0.004,0.004,0.004,0.004,0.0,0.02,0.004,0.004,0.004,0.02,0.006,0.0,0.125,0.004,0.095,0.004,0.004,0.004,0.0,0.004,0.004,0.02,0.004,0.004,0.004,0.004,0.004,0.02,0.02,0.004,0.004,0.004,0.004,0.014,0.004,0.004,0.02,0.125,0.004,0.004,0.0,0.02,0.004,0.004,0.004,0.125,0.125,0.125
2020-02-24,0.004,0.004,0.004,0.004,0.004,0.0,0.0,0.02,0.004,0.004,0.004,0.02,0.0,0.0,0.004,0.004,0.095,0.004,0.004,0.004,0.0,0.004,0.004,0.02,0.004,0.004,0.004,0.004,0.004,0.02,0.02,0.004,0.004,0.004,0.004,0.02,0.004,0.004,0.125,0.125,0.06,0.004,0.004,0.016,0.004,0.004,0.004,0.125,0.125,0.085
2020-03-09,0.004,0.004,0.004,0.004,0.004,0.0,0.0,0.02,0.02,0.004,0.004,0.095,0.0,0.0,0.007,0.004,0.004,0.004,0.004,0.004,0.0,0.004,0.004,0.02,0.004,0.004,0.004,0.004,0.004,0.02,0.02,0.004,0.02,0.004,0.004,0.02,0.004,0.004,0.125,0.125,0.125,0.004,0.004,0.004,0.004,0.004,0.004,0.125,0.125,0.013
2020-03-23,0.0,0.0,0.004,0.004,0.004,0.004,0.0,0.02,0.02,0.004,0.004,0.095,0.004,0.004,0.007,0.004,0.004,0.004,0.004,0.004,0.0,0.004,0.004,0.02,0.004,0.02,0.004,0.004,0.004,0.004,0.02,0.004,0.02,0.004,0.013,0.02,0.004,0.004,0.125,0.125,0.125,0.004,0.125,0.004,0.004,0.004,0.004,0.125,0.004,0.0
2020-04-06,0.0,0.0,0.095,0.004,0.004,0.004,0.0,0.02,0.007,0.004,0.004,0.004,0.02,0.004,0.02,0.004,0.004,0.004,0.0,0.004,0.004,0.004,0.004,0.02,0.004,0.02,0.004,0.004,0.004,0.004,0.02,0.004,0.004,0.004,0.013,0.02,0.0,0.004,0.125,0.125,0.125,0.004,0.125,0.004,0.004,0.004,0.004,0.125,0.004,0.004
2020-04-20,0.004,0.004,0.095,0.004,0.004,0.004,0.0,0.02,0.007,0.004,0.004,0.0,0.0,0.02,0.02,0.125,0.0,0.004,0.004,0.004,0.0,0.004,0.004,0.02,0.004,0.004,0.004,0.004,0.004,0.004,0.02,0.004,0.004,0.004,0.013,0.02,0.004,0.004,0.125,0.125,0.125,0.004,0.125,0.004,0.004,0.004,0.004,0.02,0.004,0.004
2020-05-04,0.004,0.0,0.004,0.004,0.004,0.004,0.0,0.02,0.007,0.004,0.004,0.004,0.004,0.02,0.02,0.125,0.0,0.004,0.004,0.004,0.0,0.004,0.004,0.02,0.004,0.004,0.004,0.004,0.004,0.004,0.02,0.004,0.004,0.02,0.02,0.004,0.004,0.004,0.125,0.125,0.125,0.004,0.095,0.004,0.004,0.004,0.004,0.0,0.125,0.013
2020-05-18,0.0,0.004,0.004,0.004,0.0,0.004,0.0,0.02,0.004,0.004,0.004,0.004,0.0,0.004,0.016,0.125,0.004,0.004,0.004,0.004,0.004,0.004,0.004,0.02,0.004,0.004,0.004,0.004,0.004,0.004,0.02,0.004,0.004,0.055,0.02,0.004,0.004,0.02,0.06,0.125,0.125,0.004,0.02,0.004,0.004,0.004,0.004,0.0,0.125,0.125
2020-06-01,0.004,0.004,0.004,0.004,0.0,0.004,0.0,0.125,0.004,0.004,0.004,0.004,0.004,0.004,0.016,0.125,0.004,0.004,0.0,0.02,0.004,0.004,0.004,0.004,0.004,0.004,0.0,0.004,0.0,0.004,0.02,0.004,0.004,0.02,0.02,0.004,0.004,0.02,0.095,0.125,0.125,0.004,0.02,0.004,0.004,0.004,0.004,0.004,0.02,0.125
2020-06-15,0.004,0.004,0.004,0.004,0.0,0.004,0.0,0.125,0.004,0.004,0.004,0.0,0.02,0.004,0.016,0.02,0.004,0.004,0.004,0.02,0.004,0.004,0.004,0.004,0.004,0.004,0.0,0.004,0.0,0.004,0.004,0.004,0.004,0.02,0.02,0.004,0.004,0.004,0.125,0.125,0.125,0.004,0.02,0.004,0.004,0.004,0.004,0.02,0.095,0.125
2020-06-29,0.004,0.004,0.004,0.004,0.004,0.004,0.0,0.125,0.004,0.004,0.004,0.004,0.02,0.004,0.125,0.02,0.004,0.004,0.004,0.02,0.0,0.004,0.004,0.016,0.004,0.004,0.0,0.004,0.0,0.004,0.004,0.004,0.004,0.02,0.02,0.004,0.02,0.004,0.125,0.125,0.0,0.004,0.02,0.004,0.004,0.004,0.004,0.004,0.125,0.095
2020-07-13,0.004,0.004,0.004,0.004,0.004,0.004,0.0,0.125,0.004,0.0,0.004,0.125,0.02,0.004,0.125,0.02,0.016,0.004,0.004,0.004,0.0,0.004,0.004,0.02,0.004,0.004,0.0,0.004,0.004,0.004,0.004,0.004,0.004,0.02,0.02,0.004,0.05,0.004,0.125,0.125,0.004,0.0,0.004,0.004,0.004,0.004,0.004,0.004,0.02,0.065
2020-07-27,0.004,0.004,0.004,0.02,0.004,0.004,0.0,0.125,0.004,0.0,0.004,0.125,0.0,0.004,0.125,0.02,0.02,0.004,0.004,0.004,0.004,0.004,0.016,0.02,0.02,0.02,0.004,0.004,0.0,0.004,0.004,0.004,0.004,0.004,0.004,0.004,0.05,0.004,0.125,0.125,0.004,0.0,0.004,0.004,0.004,0.004,0.004,0.004,0.004,0.065
2020-08-10,0.004,0.004,0.004,0.004,0.0,0.0,0.004,0.125,0.004,0.004,0.004,0.125,0.125,0.004,0.125,0.004,0.02,0.02,0.004,0.02,0.004,0.004,0.016,0.02,0.004,0.026,0.004,0.004,0.004,0.004,0.004,0.004,0.004,0.004,0.004,0.004,0.044,0.0,0.02,0.125,0.004,0.0,0.004,0.004,0.004,0.0,0.004,0.004,0.004,0.065
2020-08-24,0.004,0.004,0.004,0.004,0.004,0.0,0.0,0.125,0.004,0.125,0.004,0.02,0.124,0.004,0.125,0.004,0.066,0.02,0.004,0.02,0.004,0.004,0.016,0.004,0.004,0.026,0.004,0.004,0.004,0.004,0.004,0.004,0.004,0.004,0.004,0.004,0.044,0.0,0.02,0.125,0.004,0.004,0.004,0.004,0.004,0.0,0.004,0.0,0.004,0.02
2020-09-07,0.004,0.004,0.004,0.004,0.0,0.0,0.004,0.125,0.0,0.125,0.004,0.02,0.02,0.004,0.125,0.004,0.066,0.004,0.004,0.02,0.004,0.004,0.016,0.004,0.004,0.026,0.004,0.043,0.004,0.004,0.004,0.004,0.004,0.004,0.004,0.004,0.02,0.004,0.02,0.125,0.004,0.004,0.125,0.004,0.004,0.004,0.004,0.0,0.004,0.0
2020-09-21,0.004,0.004,0.004,0.004,0.004,0.0,0.004,0.026,0.0,0.125,0.004,0.004,0.004,0.02,0.125,0.004,0.066,0.004,0.004,0.02,0.004,0.02,0.016,0.004,0.004,0.02,0.004,0.043,0.004,0.004,0.004,0.004,0.0,0.004,0.004,0.0,0.02,0.004,0.125,0.125,0.004,0.004,0.125,0.004,0.004,0.004,0.004,0.0,0.004,0.004
2020-10-05,0.004,0.004,0.004,0.004,0.004,0.0,0.072,0.125,0.0,0.102,0.004,0.004,0.004,0.02,0.125,0.004,0.066,0.004,0.004,0.02,0.004,0.02,0.016,0.004,0.004,0.02,0.004,0.004,0.004,0.004,0.004,0.004,0.004,0.004,0.004,0.004,0.02,0.004,0.125,0.125,0.004,0.004,0.02,0.004,0.004,0.004,0.0,0.0,0.004,0.0
2020-10-19,0.004,0.004,0.004,0.004,0.004,0.0,0.125,0.125,0.0,0.0,0.004,0.004,0.004,0.02,0.102,0.004,0.02,0.004,0.004,0.02,0.004,0.02,0.016,0.004,0.004,0.02,0.004,0.004,0.004,0.004,0.004,0.004,0.0,0.004,0.004,0.004,0.02,0.004,0.125,0.125,0.118,0.004,0.02,0.004,0.004,0.004,0.004,0.0,0.004,0.004
2020-11-02,0.02,0.02,0.02,0.02,0.02,0.02,0.02,0.02,0.02,0.02,0.02,0.02,0.02,0.02,0.02,0.02,0.02,0.02,0.02,0.02,0.02,0.02,0.02,0.02,0.02,0.02,0.02,0.02,0.02,0.02,0.02,0.02,0.02,0.02,0.02,0.02,0.02,0.02,0.02,0.02,0.02,0.02,0.02,0.02,0.02,0.02,0.02,0.02,0.02,0.02
2020-11-16,0.02,0.02,0.004,0.02,0.02,0.02,0.125,0.09,0.02,0.02,0.02,0.02,0.02,0.02,0.0,0.0,0.02,0.02,0.02,0.02,0.02,0.02,0.0,0.02,0.02,0.02,0.02,0.02,0.02,0.02,0.02,0.02,0.0,0.004,0.02,0.02,0.02,0.02,0.0,0.02,0.02,0.009,0.004,0.02,0.02,0.004,0.02,0.02,0.02,0.02
2020-11-30,0.02,0.02,0.004,0.02,0.004,0.02,0.125,0.125,0.02,0.0,0.02,0.02,0.043,0.02,0.004,0.004,0.004,0.02,0.02,0.004,0.02,0.02,0.0,0.0,0.02,0.02,0.02,0.004,0.02,0.02,0.02,0.004,0.004,0.004,0.0,0.004,0.02,0.006,0.0,0.02,0.125,0.004,0.004,0.02,0.02,0.004,0.02,0.02,0.02,0.02
2020-12-14,0.02,0.02,0.004,0.02,0.004,0.004,0.125,0.125,0.004,0.0,0.02,0.02,0.125,0.02,0.0,0.004,0.004,0.004,0.02,0.004,0.02,0.004,0.0,0.0,0.02,0.02,0.004,0.004,0.004,0.02,0.004,0.004,0.004,0.004,0.004,0.004,0.004,0.004,0.0,0.004,0.125,0.004,0.004,0.02,0.02,0.004,0.004,0.1,0.02,0.02
2020-12-28,0.004,0.016,0.004,0.02,0.004,0.004,0.125,0.125,0.004,0.004,0.004,0.004,0.125,0.12,0.004,0.004,0.004,0.004,0.02,0.004,0.004,0.004,0.0,0.0,0.004,0.02,0.004,0.004,0.004,0.02,0.004,0.004,0.004,0.004,0.0,0.004,0.004,0.004,0.0,0.0,0.125,0.004,0.004,0.02,0.004,0.004,0.004,0.1,0.02,0.02
2021-01-11,0.004,0.004,0.004,0.016,0.004,0.004,0.125,0.004,0.004,0.0,0.004,0.004,0.099,0.125,0.0,0.0,0.004,0.004,0.02,0.004,0.004,0.004,0.0,0.004,0.004,0.02,0.004,0.004,0.004,0.02,0.004,0.004,0.004,0.004,0.004,0.004,0.004,0.125,0.0,0.004,0.125,0.004,0.004,0.02,0.004,0.004,0.02,0.121,0.02,0.02
2021-01-25,0.004,0.004,0.004,0.016,0.004,0.125,0.004,0.004,0.02,0.0,0.004,0.004,0.125,0.095,0.0,0.0,0.004,0.004,0.02,0.004,0.004,0.004,0.004,0.004,0.004,0.02,0.004,0.004,0.004,0.02,0.004,0.004,0.004,0.004,0.004,0.004,0.0,0.125,0.0,0.004,0.125,0.004,0.004,0.02,0.004,0.004,0.004,0.125,0.02,0.02
2021-02-08,0.004,0.004,0.004,0.004,0.004,0.125,0.004,0.0,0.004,0.004,0.004,0.004,0.125,0.095,0.0,0.0,0.004,0.004,0.02,0.02,0.0,0.004,0.004,0.004,0.004,0.02,0.004,0.004,0.004,0.02,0.004,0.004,0.004,0.004,0.016,0.004,0.0,0.125,0.004,0.004,0.125,0.004,0.004,0.02,0.004,0.004,0.004,0.125,0.02,0.02
2021-02-22,0.004,0.004,0.004,0.004,0.004,0.125,0.004,0.0,0.004,0.004,0.004,0.0,0.125,0.125,0.0,0.0,0.004,0.004,0.02,0.02,0.0,0.004,0.004,0.004,0.004,0.004,0.004,0.02,0.004,0.02,0.004,0.004,0.004,0.004,0.016,0.004,0.004,0.095,0.004,0.004,0.125,0.004,0.004,0.02,0.02,0.004,0.004,0.125,0.004,0.02
2021-03-08,0.004,0.004,0.004,0.004,0.004,0.125,0.02,0.004,0.004,0.0,0.004,0.0,0.125,0.125,0.0,0.0,0.004,0.004,0.02,0.02,0.0,0.004,0.004,0.004,0.004,0.004,0.004,0.02,0.004,0.004,0.004,0.004,0.004,0.004,0.016,0.004,0.004,0.095,0.004,0.004,0.125,0.004,0.004,0.02,0.02,0.004,0.004,0.125,0.004,0.02
2021-03-22,0.004,0.016,0.004,0.004,0.004,0.125,0.004,0.004,0.004,0.0,0.004,0.0,0.125,0.125,0.0,0.0,0.004,0.004,0.02,0.02,0.004,0.004,0.004,0.004,0.004,0.004,0.0,0.02,0.004,0.004,0.004,0.02,0.004,0.004,0.004,0.004,0.004,0.095,0.004,0.004,0.125,0.004,0.004,0.02,0.02,0.004,0.004,0.125,0.004,0.02
2021-04-05,0.004,0.004,0.004,0.004,0.004,0.095,0.004,0.125,0.004,0.0,0.004,0.004,0.125,0.125,0.0,0.0,0.004,0.004,0.004,0.004,0.0,0.004,0.004,0.004,0.004,0.004,0.004,0.02,0.0,0.004,0.004,0.004,0.004,0.004,0.004,0.004,0.004,0.018,0.02,0.018,0.125,0.004,0.004,0.02,0.02,0.004,0.004,0.125,0.02,0.02
2021-04-19,0.004,0.004,0.004,0.004,0.004,0.02,0.004,0.125,0.004,0.004,0.004,0.0,0.125,0.125,0.0,0.0,0.004,0.004,0.004,0.004,0.0,0.004,0.004,0.004,0.0,0.018,0.004,0.02,0.004,0.004,0.004,0.004,0.004,0.004,0.004,0.004,0.004,0.018,0.02,0.095,0.125,0.004,0.004,0.004,0.02,0.004,0.004,0.125,0.02,0.02
2021-05-03,0.004,0.004,0.004,0.004,0.004,0.004,0.0,0.125,0.004,0.004,0.004,0.0,0.125,0.125,0.004,0.004,0.004,0.004,0.004,0.004,0.004,0.004,0.004,0.004,0.0,0.018,0.0,0.02,0.004,0.004,0.004,0.02,0.004,0.004,0.004,0.004,0.004,0.004,0.02,0.0,0.125,0.004,0.018,0.004,0.02,0.02,0.004,0.095,0.125,0.02
2021-05-17,0.004,0.004,0.004,0.004,0.004,0.004,0.004,0.125,0.004,0.004,0.02,0.0,0.125,0.125,0.004,0.004,0.004,0.0,0.004,0.004,0.02,0.0,0.004,0.004,0.004,0.018,0.0,0.02,0.004,0.004,0.004,0.125,0.018,0.004,0.004,0.004,0.004,0.004,0.004,0.0,0.004,0.004,0.02,0.004,0.02,0.004,0.004,0.095,0.125,0.02
2021-05-31,0.004,0.004,0.004,0.02,0.0,0.02,0.004,0.125,0.004,0.0,0.004,0.0,0.125,0.095,0.004,0.004,0.004,0.0,0.004,0.004,0.004,0.004,0.004,0.004,0.004,0.004,0.0,0.02,0.004,0.018,0.004,0.125,0.018,0.004,0.02,0.004,0.004,0.004,0.004,0.004,0.004,0.004,0.125,0.004,0.02,0.004,0.004,0.004,0.125,0.02
2021-06-14,0.004,0.004,0.0,0.02,0.004,0.02,0.004,0.125,0.0,0.0,0.004,0.0,0.125,0.02,0.004,0.004,0.004,0.004,0.004,0.004,0.004,0.004,0.004,0.004,0.004,0.004,0.0,0.02,0.004,0.02,0.004,0.125,0.018,0.004,0.125,0.004,0.004,0.004,0.004,0.004,0.004,0.004,0.125,0.004,0.018,0.004,0.004,0.004,0.035,0.08
2021-06-28,0.004,0.004,0.004,0.02,0.0,0.0,0.004,0.125,0.004,0.004,0.004,0.0,0.08,0.02,0.004,0.004,0.02,0.004,0.0,0.004,0.004,0.004,0.004,0.004,0.004,0.004,0.0,0.02,0.004,0.02,0.004,0.125,0.018,0.004,0.125,0.004,0.004,0.004,0.004,0.004,0.004,0.018,0.125,0.004,0.004,0.004,0.004,0.004,0.035,0.125
2021-07-12,0.0,0.004,0.004,0.004,0.0,0.004,0.02,0.125,0.0,0.004,0.004,0.004,0.125,0.0,0.004,0.004,0.018,0.004,0.004,0.004,0.02,0.004,0.004,0.004,0.004,0.004,0.0,0.02,0.004,0.02,0.004,0.125,0.004,0.004,0.025,0.004,0.004,0.004,0.09,0.004,0.004,0.018,0.125,0.004,0.004,0.004,0.004,0.004,0.02,0.125
2021-07-26,0.0,0.004,0.0,0.004,0.0,0.004,0.02,0.125,0.0,0.004,0.004,0.004,0.125,0.004,0.004,0.004,0.018,0.004,0.004,0.004,0.004,0.004,0.004,0.0,0.004,0.004,0.004,0.02,0.004,0.02,0.004,0.125,0.004,0.004,0.004,0.004,0.004,0.004,0.125,0.004,0.004,0.018,0.095,0.004,0.02,0.02,0.004,0.004,0.02,0.125
2021-08-09,0.004,0.004,0.004,0.004,0.004,0.004,0.02,0.125,0.004,0.0,0.004,0.004,0.125,0.004,0.0,0.004,0.018,0.004,0.004,0.004,0.004,0.0,0.004,0.004,0.004,0.004,0.0,0.02,0.004,0.02,0.004,0.125,0.004,0.004,0.0,0.004,0.02,0.004,0.095,0.004,0.004,0.004,0.004,0.004,0.02,0.125,0.004,0.018,0.02,0.125
2021-08-23,0.004,0.004,0.004,0.004,0.004,0.004,0.004,0.01,0.02,0.0,0.02,0.004,0.125,0.0,0.004,0.004,0.018,0.004,0.004,0.004,0.0,0.004,0.02,0.004,0.004,0.004,0.0,0.02,0.004,0.095,0.004,0.125,0.004,0.004,0.004,0.004,0.02,0.004,0.125,0.0,0.012,0.004,0.004,0.004,0.004,0.125,0.004,0.02,0.004,0.125
2021-09-06,0.004,0.004,0.004,0.004,0.0,0.004,0.004,0.01,0.004,0.004,0.02,0.004,0.125,0.0,0.004,0.004,0.018,0.004,0.004,0.004,0.0,0.004,0.02,0.02,0.004,0.004,0.0,0.02,0.004,0.125,0.004,0.125,0.004,0.004,0.004,0.004,0.095,0.004,0.125,0.0,0.012,0.004,0.004,0.004,0.004,0.125,0.004,0.02,0.004,0.02
2021-09-20,0.004,0.004,0.004,0.0,0.0,0.004,0.004,0.004,0.004,0.004,0.02,0.004,0.125,0.004,0.0,0.004,0.018,0.004,0.004,0.004,0.004,0.004,0.02,0.02,0.004,0.004,0.0,0.02,0.004,0.125,0.004,0.125,0.004,0.004,0.004,0.095,0.125,0.004,0.004,0.0,0.012,0.004,0.004,0.004,0.004,0.125,0.004,0.01,0.02,0.02
2021-10-04,0.004,0.004,0.004,0.004,0.004,0.004,0.004,0.02,0.004,0.004,0.02,0.004,0.125,0.004,0.004,0.004,0.016,0.004,0.004,0.004,0.099,0.0,0.004,0.004,0.004,0.004,0.0,0.02,0.0,0.125,0.004,0.125,0.004,0.004,0.004,0.02,0.121,0.02,0.0,0.004,0.004,0.004,0.02,0.004,0.02,0.125,0.004,0.004,0.004,0.0
2021-10-18,0.004,0.004,0.004,0.004,0.004,0.004,0.004,0.05,0.004,0.004,0.016,0.004,0.125,0.004,0.02,0.02,0.004,0.004,0.004,0.004,0.099,0.0,0.004,0.004,0.004,0.004,0.0,0.02,0.0,0.125,0.004,0.091,0.004,0.004,0.004,0.004,0.02,0.02,0.004,0.004,0.0,0.004,0.02,0.004,0.125,0.125,0.004,0.0,0.004,0.004
2021-11-01,0.004,0.004,0.004,0.004,0.004,0.004,0.004,0.125,0.004,0.004,0.004,0.0,0.125,0.02,0.016,0.02,0.0,0.004,0.004,0.004,0.004,0.0,0.004,0.064,0.004,0.004,0.0,0.02,0.0,0.085,0.004,0.091,0.004,0.004,0.004,0.004,0.02,0.004,0.004,0.02,0.004,0.004,0.02,0.004,0.125,0.125,0.004,0.004,0.004,0.004
2021-11-15,0.004,0.004,0.004,0.004,0.0,0.004,0.022,0.125,0.02,0.004,0.004,0.0,0.125,0.004,0.004,0.02,0.004,0.004,0.004,0.004,0.0,0.0,0.004,0.004,0.004,0.004,0.0,0.004,0.004,0.022,0.004,0.091,0.004,0.004,0.004,0.004,0.02,0.004,0.004,0.125,0.004,0.004,0.02,0.016,0.125,0.125,0.004,0.004,0.02,0.004
2021-11-29,0.004,0.004,0.004,0.0,0.0,0.004,0.022,0.125,0.02,0.004,0.004,0.0,0.095,0.004,0.004,0.02,0.004,0.004,0.02,0.004,0.004,0.004,0.004,0.05,0.004,0.004,0.0,0.004,0.004,0.022,0.004,0.091,0.004,0.004,0.0,0.004,0.004,0.004,0.004,0.004,0.004,0.004,0.02,0.016,0.125,0.125,0.004,0.004,0.125,0.004
2021-12-13,0.004,0.004,0.004,0.004,0.004,0.02,0.125,0.125,0.004,0.004,0.004,0.0,0.095,0.004,0.0,0.02,0.004,0.004,0.02,0.004,0.0,0.004,0.004,0.02,0.004,0.004,0.0,0.004,0.004,0.022,0.004,0.091,0.004,0.004,0.0,0.004,0.004,0.004,0.004,0.004,0.004,0.004,0.004,0.016,0.125,0.125,0.004,0.052,0.02,0.004
2021-12-27,0.004,0.004,0.004,0.004,0.004,0.02,0.125,0.125,0.0,0.0,0.004,0.004,0.117,0.0,0.0,0.004,0.004,0.004,0.02,0.004,0.004,0.004,0.004,0.016,0.004,0.004,0.004,0.004,0.004,0.022,0.004,0.091,0.004,0.004,0.004,0.004,0.004,0.004,0.004,0.125,0.0,0.004,0.004,0.004,0.02,0.125,0.004,0.03,0.02,0.02
2022-01-10,0.004,0.004,0.004,0.004,0.004,0.02,0.125,0.125,0.004,0.0,0.004,0.004,0.117,0.004,0.0,0.004,0.004,0.004,0.02,0.004,0.004,0.004,0.004,0.004,0.004,0.004,0.0,0.004,0.004,0.022,0.004,0.057,0.004,0.004,0.0,0.004,0.004,0.004,0.004,0.004,0.0,0.004,0.064,0.004,0.02,0.125,0.016,0.125,0.02,0.02
2022-01-24,0.004,0.004,0.004,0.004,0.004,0.125,0.125,0.125,0.004,0.02,0.004,0.004,0.125,0.004,0.004,0.007,0.004,0.004,0.02,0.004,0.0,0.004,0.004,0.0,0.004,0.004,0.0,0.004,0.004,0.017,0.0,0.02,0.004,0.004,0.004,0.004,0.004,0.004,0.004,0.004,0.0,0.004,0.064,0.004,0.02,0.125,0.016,0.004,0.02,0.051
2022-02-07,0.004,0.004,0.004,0.004,0.016,0.125,0.125,0.125,0.004,0.072,0.004,0.004,0.125,0.004,0.02,0.02,0.004,0.004,0.004,0.004,0.0,0.004,0.004,0.0,0.004,0.004,0.0,0.0,0.004,0.004,0.0,0.02,0.004,0.004,0.004,0.004,0.004,0.004,0.004,0.004,0.004,0.004,0.043,0.004,0.02,0.004,0.02,0.004,0.02,0.125
2022-02-21,0.004,0.004,0.004,0.004,0.02,0.123,0.125,0.125,0.004,0.016,0.004,0.0,0.02,0.004,0.074,0.02,0.004,0.004,0.004,0.004,0.0,0.004,0.004,0.0,0.004,0.004,0.004,0.004,0.0,0.004,0.004,0.02,0.004,0.004,0.004,0.004,0.004,0.004,0.004,0.004,0.0,0.004,0.043,0.004,0.02,0.004,0.02,0.004,0.125,0.125
2022-03-07,0.004,0.004,0.004,0.004,0.02,0.123,0.017,0.125,0.004,0.004,0.004,0.125,0.02,0.004,0.074,0.02,0.0,0.004,0.0,0.004,0.004,0.004,0.042,0.004,0.004,0.004,0.004,0.004,0.004,0.004,0.004,0.02,0.004,0.004,0.004,0.004,0.004,0.004,0.004,0.0,0.0,0.004,0.0,0.004,0.02,0.004,0.02,0.004,0.125,0.125
2022-03-21,0.004,0.004,0.004,0.0,0.02,0.101,0.02,0.125,0.004,0.004,0.004,0.125,0.004,0.004,0.097,0.02,0.004,0.004,0.004,0.004,0.004,0.004,0.042,0.004,0.004,0.004,0.0,0.004,0.004,0.016,0.004,0.02,0.0,0.004,0.0,0.004,0.004,0.004,0.125,0.004,0.0,0.004,0.004,0.004,0.004,0.004,0.02,0.004,0.125,0.02
2022-04-04,0.004,0.004,0.004,0.0,0.02,0.101,0.02,0.125,0.004,0.008,0.004,0.004,0.0,0.004,0.097,0.06,0.004,0.004,0.004,0.004,0.004,0.004,0.004,0.004,0.004,0.004,0.004,0.004,0.004,0.016,0.0,0.02,0.004,0.004,0.004,0.004,0.004,0.004,0.125,0.0,0.0,0.004,0.107,0.004,0.004,0.02,0.02,0.004,0.125,0.016
2022-04-18,0.004,0.004,0.004,0.004,0.02,0.101,0.02,0.125,0.004,0.008,0.004,0.125,0.046,0.004,0.097,0.06,0.004,0.004,0.004,0.004,0.004,0.004,0.004,0.0,0.004,0.004,0.004,0.004,0.004,0.016,0.004,0.02,0.004,0.004,0.004,0.004,0.004,0.004,0.0,0.0,0.0,0.004,0.065,0.004,0.004,0.02,0.02,0.0,0.125,0.016
2022-05-02,0.004,0.0,0.004,0.004,0.02,0.101,0.113,0.125,0.004,0.008,0.004,0.125,0.046,0.0,0.004,0.06,0.004,0.004,0.004,0.004,0.004,0.004,0.004,0.0,0.004,0.004,0.004,0.004,0.004,0.004,0.0,0.02,0.004,0.004,0.004,0.004,0.004,0.004,0.012,0.004,0.004,0.004,0.065,0.004,0.004,0.02,0.02,0.0,0.125,0.02
2022-05-16,0.004,0.004,0.004,0.004,0.004,0.022,0.113,0.125,0.004,0.004,0.004,0.125,0.02,0.0,0.004,0.06,0.004,0.004,0.004,0.004,0.004,0.004,0.004,0.0,0.004,0.004,0.004,0.004,0.0,0.004,0.0,0.02,0.004,0.004,0.004,0.004,0.004,0.004,0.012,0.125,0.004,0.004,0.065,0.004,0.008,0.02,0.02,0.0,0.125,0.02
2022-05-30,0.004,0.004,0.02,0.004,0.004,0.02,0.125,0.125,0.004,0.004,0.016,0.125,0.0,0.0,0.004,0.06,0.004,0.004,0.004,0.004,0.004,0.004,0.004,0.0,0.004,0.004,0.004,0.004,0.004,0.004,0.0,0.02,0.004,0.004,0.004,0.004,0.004,0.004,0.004,0.125,0.004,0.004,0.004,0.004,0.02,0.02,0.125,0.0,0.055,0.02
2022-06-13,0.004,0.004,0.02,0.004,0.125,0.013,0.125,0.125,0.004,0.004,0.016,0.125,0.0,0.004,0.004,0.095,0.004,0.004,0.011,0.004,0.004,0.004,0.004,0.004,0.004,0.004,0.004,0.004,0.004,0.004,0.0,0.02,0.004,0.004,0.004,0.004,0.004,0.004,0.0,0.0,0.004,0.004,0.004,0.0,0.02,0.02,0.125,0.004,0.02,0.02
2022-06-27,0.004,0.004,0.004,0.004,0.125,0.004,0.095,0.125,0.004,0.004,0.016,0.125,0.0,0.0,0.02,0.125,0.004,0.004,0.02,0.004,0.004,0.02,0.004,0.004,0.004,0.004,0.004,0.004,0.004,0.004,0.0,0.02,0.004,0.02,0.004,0.004,0.004,0.004,0.004,0.0,0.004,0.004,0.0,0.004,0.02,0.004,0.125,0.004,0.004,0.02
2022-07-11,0.004,0.004,0.004,0.004,0.125,0.004,0.095,0.125,0.004,0.004,0.016,0.004,0.0,0.004,0.02,0.125,0.004,0.004,0.02,0.0,0.0,0.02,0.004,0.004,0.004,0.0,0.004,0.004,0.004,0.004,0.0,0.02,0.004,0.02,0.004,0.004,0.004,0.004,0.125,0.004,0.004,0.004,0.004,0.004,0.02,0.004,0.083,0.004,0.004,0.062
2022-07-25,0.004,0.004,0.02,0.0,0.077,0.004,0.125,0.125,0.004,0.004,0.016,0.004,0.004,0.004,0.004,0.125,0.004,0.004,0.02,0.0,0.004,0.004,0.0,0.004,0.004,0.004,0.0,0.004,0.004,0.004,0.004,0.004,0.038,0.02,0.004,0.004,0.004,0.004,0.125,0.02,0.004,0.004,0.004,0.0,0.02,0.004,0.02,0.004,0.004,0.125
2022-08-08,0.004,0.004,0.02,0.004,0.077,0.004,0.125,0.125,0.004,0.004,0.004,0.004,0.004,0.004,0.02,0.125,0.004,0.0,0.016,0.004,0.004,0.0,0.004,0.004,0.004,0.0,0.0,0.004,0.004,0.004,0.004,0.004,0.038,0.02,0.004,0.004,0.004,0.004,0.125,0.02,0.004,0.004,0.004,0.0,0.02,0.004,0.02,0.004,0.004,0.125
2022-08-22,0.004,0.004,0.02,0.004,0.077,0.004,0.125,0.125,0.038,0.004,0.004,0.004,0.0,0.004,0.125,0.125,0.004,0.004,0.02,0.0,0.004,0.0,0.004,0.004,0.0,0.004,0.004,0.004,0.004,0.004,0.004,0.004,0.016,0.004,0.004,0.0,0.004,0.004,0.02,0.02,0.004,0.004,0.004,0.004,0.02,0.004,0.004,0.004,0.02,0.125
2022-09-05,0.004,0.004,0.02,0.004,0.02,0.004,0.125,0.125,0.02,0.004,0.004,0.004,0.0,0.004,0.029,0.125,0.004,0.004,0.02,0.0,0.004,0.0,0.004,0.004,0.0,0.004,0.0,0.004,0.004,0.004,0.004,0.004,0.016,0.004,0.004,0.004,0.004,0.004,0.125,0.086,0.004,0.004,0.004,0.004,0.02,0.004,0.004,0.004,0.02,0.125
2022-09-19,0.004,0.004,0.02,0.004,0.02,0.125,0.125,0.086,0.02,0.004,0.004,0.004,0.0,0.004,0.029,0.125,0.004,0.004,0.02,0.0,0.004,0.0,0.004,0.004,0.004,0.004,0.0,0.004,0.004,0.004,0.004,0.004,0.016,0.004,0.004,0.004,0.0,0.004,0.004,0.125,0.004,0.004,0.004,0.004,0.009,0.004,0.004,0.015,0.02,0.125
2022-10-03,0.004,0.004,0.02,0.0,0.02,0.125,0.125,0.004,0.02,0.004,0.004,0.004,0.004,0.004,0.029,0.125,0.004,0.004,0.02,0.0,0.004,0.004,0.004,0.004,0.004,0.004,0.0,0.004,0.004,0.004,0.004,0.004,0.016,0.004,0.004,0.004,0.0,0.004,0.004,0.125,0.004,0.004,0.0,0.004,0.004,0.004,0.061,0.125,0.02,0.045
2022-10-17,0.004,0.004,0.02,0.0,0.02,0.125,0.125,0.004,0.02,0.004,0.004,0.004,0.004,0.004,0.0,0.028,0.004,0.004,0.02,0.004,0.004,0.004,0.004,0.004,0.004,0.004,0.0,0.004,0.004,0.004,0.004,0.004,0.016,0.004,0.004,0.004,0.004,0.004,0.125,0.125,0.0,0.004,0.004,0.004,0.004,0.046,0.061,0.125,0.02,0.0
2022-10-31,0.004,0.004,0.02,0.004,0.02,0.004,0.125,0.0,0.02,0.004,0.004,0.004,0.02,0.004,0.004,0.028,0.004,0.004,0.004,0.004,0.0,0.0,0.004,0.004,0.0,0.004,0.0,0.004,0.004,0.004,0.004,0.004,0.016,0.004,0.004,0.004,0.004,0.004,0.125,0.125,0.004,0.004,0.02,0.004,0.004,0.125,0.109,0.103,0.02,0.004
2022-11-14,0.016,0.02,0.103,0.004,0.004,0.004,0.125,0.0,0.02,0.0,0.02,0.004,0.004,0.004,0.004,0.028,0.02,0.004,0.004,0.004,0.004,0.0,0.004,0.004,0.0,0.004,0.004,0.004,0.004,0.004,0.004,0.004,0.004,0.004,0.004,0.004,0.0,0.004,0.125,0.125,0.004,0.004,0.02,0.02,0.004,0.125,0.109,0.004,0.004,0.004
2022-11-28,0.02,0.02,0.103,0.004,0.004,0.0,0.125,0.028,0.004,0.004,0.02,0.004,0.004,0.004,0.016,0.125,0.02,0.02,0.004,0.0,0.004,0.004,0.004,0.004,0.004,0.0,0.004,0.004,0.004,0.004,0.004,0.0,0.004,0.004,0.004,0.004,0.004,0.004,0.125,0.004,0.0,0.004,0.004,0.02,0.004,0.125,0.109,0.004,0.004,0.004
2022-12-12,0.02,0.004,0.065,0.004,0.004,0.0,0.125,0.016,0.004,0.05,0.02,0.004,0.004,0.004,0.004,0.125,0.02,0.02,0.004,0.004,0.004,0.004,0.004,0.004,0.0,0.0,0.0,0.004,0.004,0.004,0.004,0.004,0.004,0.004,0.004,0.004,0.004,0.004,0.125,0.125,0.0,0.004,0.004,0.02,0.004,0.125,0.02,0.004,0.004,0.004
2022-12-26,0.02,0.004,0.004,0.0,0.004,0.0,0.125,0.004,0.004,0.05,0.02,0.02,0.125,0.004,0.02,0.065,0.02,0.02,0.004,0.004,0.004,0.004,0.004,0.004,0.0,0.0,0.004,0.004,0.004,0.004,0.004,0.004,0.004,0.004,0.004,0.004,0.004,0.004,0.125,0.125,0.0,0.004,0.004,0.004,0.004,0.125,0.016,0.004,0.004,0.004
2023-01-09,0.02,0.004,0.004,0.004,0.004,0.0,0.125,0.004,0.004,0.02,0.004,0.05,0.125,0.004,0.02,0.065,0.02,0.02,0.004,0.004,0.004,0.004,0.004,0.004,0.004,0.0,0.0,0.004,0.004,0.004,0.004,0.004,0.0,0.004,0.004,0.004,0.004,0.004,0.125,0.125,0.0,0.02,0.004,0.004,0.004,0.125,0.016,0.004,0.004,0.004
2023-01-23,0.004,0.004,0.004,0.004,0.004,0.0,0.125,0.004,0.004,0.02,0.004,0.05,0.125,0.004,0.02,0.065,0.02,0.02,0.004,0.004,0.004,0.004,0.0,0.004,0.004,0.0,0.0,0.004,0.004,0.004,0.02,0.004,0.004,0.004,0.004,0.004,0.004,0.004,0.125,0.125,0.004,0.02,0.004,0.004,0.004,0.125,0.016,0.004,0.004,0.0
2023-02-06,0.004,0.0,0.004,0.004,0.004,0.004,0.02,0.004,0.004,0.004,0.004,0.05,0.125,0.0,0.016,0.055,0.004,0.02,0.004,0.125,0.004,0.004,0.004,0.004,0.02,0.004,0.0,0.004,0.004,0.004,0.02,0.004,0.004,0.004,0.004,0.004,0.004,0.004,0.125,0.125,0.004,0.02,0.03,0.004,0.004,0.125,0.004,0.0,0.004,0.0
2023-02-20,0.004,0.004,0.004,0.004,0.004,0.004,0.02,0.004,0.004,0.004,0.02,0.125,0.125,0.0,0.016,0.004,0.004,0.02,0.004,0.125,0.004,0.0,0.004,0.004,0.02,0.004,0.0,0.004,0.004,0.004,0.02,0.004,0.004,0.004,0.004,0.004,0.004,0.004,0.125,0.125,0.004,0.02,0.02,0.004,0.0,0.095,0.004,0.004,0.004,0.0
2023-03-06,0.004,0.004,0.004,0.004,0.0,0.004,0.02,0.004,0.004,0.02,0.02,0.125,0.125,0.0,0.016,0.004,0.004,0.02,0.004,0.125,0.004,0.004,0.004,0.004,0.004,0.004,0.0,0.004,0.004,0.02,0.02,0.004,0.004,0.004,0.004,0.004,0.004,0.004,0.004,0.125,0.004,0.004,0.02,0.004,0.0,0.095,0.004,0.004,0.125,0.0
2023-03-20,0.004,0.004,0.004,0.004,0.0,0.02,0.004,0.004,0.004,0.125,0.02,0.125,0.125,0.0,0.016,0.004,0.004,0.02,0.004,0.02,0.004,0.004,0.004,0.004,0.004,0.004,0.0,0.004,0.004,0.02,0.02,0.004,0.004,0.004,0.004,0.004,0.004,0.004,0.004,0.125,0.004,0.004,0.02,0.004,0.0,0.095,0.004,0.004,0.125,0.0
2023-04-03,0.004,0.004,0.004,0.004,0.0,0.02,0.125,0.004,0.004,0.095,0.02,0.125,0.125,0.0,0.02,0.004,0.004,0.004,0.004,0.02,0.004,0.004,0.004,0.004,0.004,0.004,0.016,0.004,0.004,0.02,0.004,0.004,0.004,0.004,0.004,0.004,0.004,0.004,0.004,0.125,0.004,0.0,0.02,0.004,0.0,0.125,0.0,0.004,0.02,0.004
2023-04-17,0.004,0.004,0.004,0.004,0.0,0.125,0.02,0.004,0.004,0.095,0.02,0.125,0.079,0.0,0.066,0.004,0.004,0.0,0.004,0.02,0.004,0.02,0.004,0.004,0.004,0.004,0.02,0.004,0.004,0.016,0.004,0.004,0.004,0.004,0.004,0.004,0.004,0.004,0.004,0.125,0.004,0.0,0.02,0.004,0.0,0.125,0.004,0.004,0.004,0.004
2023-05-01,0.004,0.004,0.004,0.004,0.0,0.125,0.02,0.02,0.004,0.02,0.02,0.125,0.125,0.0,0.066,0.004,0.004,0.0,0.0,0.02,0.004,0.004,0.004,0.004,0.004,0.004,0.02,0.004,0.004,0.004,0.0,0.004,0.004,0.004,0.016,0.004,0.004,0.004,0.004,0.125,0.049,0.004,0.004,0.004,0.004,0.125,0.004,0.004,0.004,0.004
2023-05-15,0.004,0.004,0.004,0.004,0.004,0.125,0.02,0.02,0.004,0.02,0.02,0.004,0.079,0.004,0.066,0.004,0.004,0.0,0.0,0.02,0.004,0.004,0.004,0.004,0.004,0.004,0.125,0.004,0.004,0.004,0.0,0.004,0.004,0.004,0.016,0.004,0.02,0.004,0.004,0.125,0.095,0.0,0.004,0.004,0.004,0.125,0.0,0.004,0.004,0.004
2023-05-29,0.004,0.004,0.004,0.004,0.004,0.04,0.004,0.0,0.004,0.02,0.02,0.004,0.079,0.02,0.02,0.004,0.004,0.0,0.0,0.121,0.004,0.004,0.004,0.004,0.004,0.004,0.125,0.004,0.004,0.004,0.004,0.004,0.004,0.004,0.016,0.004,0.02,0.0,0.004,0.125,0.125,0.004,0.004,0.02,0.0,0.125,0.004,0.004,0.004,0.004
2023-06-12,0.004,0.004,0.004,0.004,0.004,0.004,0.0,0.004,0.004,0.02,0.02,0.004,0.0,0.02,0.004,0.004,0.02,0.0,0.0,0.125,0.004,0.004,0.004,0.004,0.004,0.004,0.125,0.004,0.004,0.004,0.004,0.004,0.004,0.004,0.016,0.02,0.02,0.004,0.004,0.125,0.125,0.004,0.004,0.02,0.0,0.125,0.004,0.004,0.004,0.095
2023-06-26,0.004,0.004,0.004,0.004,0.004,0.004,0.0,0.004,0.004,0.02,0.016,0.004,0.004,0.02,0.004,0.004,0.02,0.0,0.0,0.125,0.004,0.004,0.004,0.004,0.004,0.004,0.125,0.004,0.02,0.004,0.0,0.004,0.004,0.004,0.004,0.02,0.02,0.004,0.004,0.125,0.125,0.004,0.004,0.02,0.0,0.125,0.004,0.004,0.004,0.095
2023-07-10,0.004,0.004,0.004,0.004,0.004,0.004,0.0,0.0,0.004,0.02,0.016,0.004,0.004,0.125,0.02,0.004,0.02,0.004,0.0,0.125,0.004,0.004,0.004,0.004,0.004,0.004,0.125,0.004,0.02,0.004,0.0,0.004,0.004,0.004,0.004,0.02,0.02,0.004,0.004,0.075,0.004,0.004,0.004,0.07,0.0,0.125,0.004,0.004,0.004,0.095
2023-07-24,0.004,0.004,0.125,0.004,0.004,0.02,0.0,0.0,0.0,0.045,0.016,0.0,0.004,0.125,0.004,0.004,0.02,0.004,0.004,0.125,0.009,0.004,0.004,0.004,0.004,0.004,0.125,0.004,0.02,0.004,0.004,0.004,0.004,0.004,0.004,0.004,0.02,0.004,0.004,0.015,0.004,0.004,0.004,0.07,0.0,0.125,0.004,0.004,0.004,0.02
2023-08-07,0.004,0.004,0.125,0.02,0.004,0.02,0.004,0.0,0.0,0.004,0.02,0.004,0.125,0.125,0.004,0.004,0.02,0.004,0.004,0.125,0.009,0.004,0.004,0.004,0.004,0.004,0.026,0.004,0.02,0.004,0.004,0.004,0.004,0.004,0.004,0.004,0.02,0.0,0.004,0.0,0.004,0.004,0.004,0.089,0.0,0.125,0.004,0.011,0.004,0.004
2023-08-21,0.004,0.004,0.02,0.02,0.004,0.004,0.004,0.004,0.0,0.004,0.125,0.0,0.125,0.125,0.004,0.004,0.02,0.0,0.004,0.125,0.004,0.004,0.004,0.004,0.004,0.004,0.056,0.004,0.02,0.004,0.004,0.004,0.004,0.004,0.02,0.004,0.02,0.0,0.004,0.004,0.004,0.0,0.004,0.089,0.004,0.095,0.016,0.004,0.004,0.004
2023-09-04,0.004,0.004,0.004,0.01,0.004,0.125,0.004,0.004,0.004,0.004,0.125,0.0,0.125,0.02,0.004,0.02,0.02,0.004,0.0,0.125,0.004,0.0,0.004,0.004,0.004,0.004,0.056,0.004,0.004,0.004,0.004,0.004,0.004,0.004,0.004,0.02,0.02,0.0,0.004,0.004,0.004,0.004,0.004,0.089,0.0,0.095,0.016,0.014,0.004,0.004
2023-09-18,0.004,0.004,0.004,0.004,0.004,0.125,0.0,0.125,0.004,0.004,0.125,0.0,0.125,0.02,0.004,0.02,0.02,0.004,0.0,0.125,0.004,0.0,0.004,0.004,0.004,0.004,0.004,0.004,0.004,0.004,0.004,0.004,0.004,0.004,0.004,0.02,0.026,0.004,0.004,0.004,0.004,0.004,0.004,0.089,0.0,0.02,0.016,0.02,0.004,0.004
2023-10-02,0.004,0.004,0.004,0.02,0.004,0.125,0.0,0.02,0.004,0.004,0.091,0.0,0.125,0.02,0.004,0.02,0.02,0.0,0.0,0.125,0.004,0.004,0.004,0.004,0.004,0.004,0.004,0.004,0.004,0.004,0.004,0.004,0.004,0.004,0.0,0.125,0.06,0.004,0.004,0.004,0.004,0.004,0.004,0.089,0.004,0.004,0.004,0.02,0.016,0.004
2023-10-16,0.004,0.004,0.004,0.004,0.004,0.125,0.0,0.004,0.004,0.004,0.057,0.0,0.125,0.02,0.004,0.02,0.02,0.0,0.004,0.02,0.004,0.0,0.004,0.004,0.004,0.004,0.004,0.004,0.004,0.02,0.004,0.004,0.004,0.004,0.0,0.125,0.094,0.004,0.004,0.004,0.004,0.004,0.125,0.089,0.004,0.004,0.004,0.02,0.016,0.004
2023-10-30,0.004,0.004,0.0,0.004,0.004,0.125,0.004,0.004,0.004,0.004,0.057,0.0,0.125,0.02,0.02,0.02,0.017,0.0,0.004,0.02,0.004,0.004,0.004,0.004,0.004,0.019,0.004,0.004,0.004,0.004,0.004,0.0,0.004,0.004,0.0,0.02,0.125,0.004,0.004,0.004,0.004,0.004,0.094,0.089,0.004,0.004,0.004,0.125,0.004,0.004
2023-11-13,0.004,0.004,0.004,0.004,0.004,0.125,0.004,0.0,0.004,0.004,0.02,0.0,0.125,0.062,0.125,0.02,0.017,0.004,0.004,0.02,0.004,0.004,0.004,0.004,0.004,0.019,0.004,0.004,0.004,0.004,0.004,0.004,0.004,0.004,0.0,0.02,0.125,0.004,0.004,0.004,0.02,0.004,0.004,0.089,0.0,0.004,0.004,0.089,0.004,0.0
2023-11-27,0.004,0.0,0.004,0.004,0.004,0.083,0.004,0.0,0.004,0.004,0.104,0.0,0.004,0.125,0.125,0.02,0.017,0.004,0.004,0.02,0.004,0.0,0.004,0.004,0.004,0.019,0.004,0.004,0.004,0.004,0.004,0.004,0.004,0.004,0.004,0.02,0.125,0.0,0.02,0.004,0.02,0.004,0.004,0.089,0.004,0.004,0.004,0.089,0.004,0.004
2023-12-11,0.004,0.004,0.004,0.004,0.004,0.083,0.004,0.0,0.004,0.004,0.125,0.0,0.004,0.02,0.125,0.02,0.017,0.004,0.004,0.019,0.004,0.0,0.004,0.004,0.004,0.004,0.004,0.004,0.049,0.004,0.004,0.004,0.004,0.004,0.004,0.02,0.125,0.0,0.125,0.004,0.02,0.004,0.004,0.039,0.004,0.004,0.0,0.089,0.004,0.004
2023-12-25,0.004,0.004,0.004,0.004,0.004,0.076,0.004,0.0,0.0,0.0,0.125,0.0,0.004,0.02,0.004,0.02,0.017,0.0,0.004,0.019,0.004,0.004,0.004,0.004,0.004,0.004,0.004,0.004,0.049,0.046,0.004,0.004,0.004,0.004,0.125,0.02,0.125,0.004,0.125,0.004,0.02,0.004,0.004,0.004,0.004,0.004,0.004,0.089,0.004,0.004
2024-01-08,0.004,0.004,0.004,0.004,0.004,0.004,0.004,0.046,0.004,0.0,0.125,0.0,0.125,0.02,0.004,0.02,0.017,0.004,0.004,0.004,0.004,0.004,0.004,0.004,0.004,0.0,0.004,0.004,0.049,0.046,0.004,0.004,0.004,0.004,0.125,0.019,0.074,0.004,0.125,0.004,0.02,0.004,0.004,0.0,0.004,0.004,0.004,0.065,0.004,0.0
2024-01-22,0.004,0.004,0.004,0.004,0.004,0.004,0.004,0.125,0.004,0.0,0.125,0.0,0.125,0.004,0.004,0.02,0.017,0.004,0.0,0.004,0.004,0.004,0.004,0.004,0.004,0.0,0.004,0.004,0.02,0.02,0.004,0.004,0.004,0.004,0.125,0.019,0.023,0.004,0.125,0.004,0.092,0.004,0.02,0.004,0.0,0.004,0.004,0.02,0.004,0.004
2024-02-05,0.004,0.004,0.004,0.004,0.004,0.0,0.125,0.125,0.0,0.004,0.02,0.0,0.125,0.004,0.004,0.02,0.017,0.004,0.0,0.004,0.004,0.004,0.004,0.004,0.004,0.004,0.004,0.004,0.004,0.02,0.004,0.004,0.004,0.02,0.125,0.019,0.023,0.004,0.125,0.004,0.092,0.004,0.02,0.004,0.004,0.004,0.004,0.004,0.004,0.0
2024-02-19,0.004,0.004,0.004,0.004,0.004,0.0,0.125,0.0,0.0,0.004,0.02,0.0,0.125,0.02,0.004,0.02,0.017,0.004,0.004,0.004,0.004,0.004,0.004,0.004,0.004,0.004,0.004,0.004,0.004,0.02,0.004,0.004,0.004,0.02,0.125,0.019,0.095,0.004,0.125,0.004,0.125,0.004,0.02,0.004,0.004,0.004,0.004,0.004,0.004,0.0
2024-03-04,0.004,0.004,0.004,0.004,0.004,0.0,0.125,0.0,0.0,0.004,0.02,0.0,0.125,0.125,0.004,0.02,0.017,0.004,0.004,0.004,0.004,0.004,0.004,0.004,0.004,0.004,0.004,0.004,0.004,0.02,0.004,0.004,0.004,0.02,0.125,0.019,0.095,0.004,0.02,0.004,0.125,0.004,0.02,0.004,0.0,0.004,0.004,0.004,0.004,0.004
2024-03-18,0.004,0.004,0.004,0.004,0.004,0.0,0.125,0.004,0.0,0.004,0.02,0.0,0.125,0.125,0.004,0.02,0.017,0.004,0.004,0.004,0.004,0.004,0.004,0.004,0.004,0.004,0.004,0.0,0.004,0.004,0.02,0.004,0.004,0.02,0.125,0.019,0.095,0.004,0.004,0.004,0.125,0.004,0.02,0.004,0.0,0.004,0.02,0.004,0.004,0.004
2024-04-01,0.02,0.004,0.004,0.004,0.0,0.004,0.125,0.004,0.0,0.0,0.004,0.0,0.125,0.125,0.02,0.004,0.017,0.004,0.004,0.004,0.004,0.004,0.004,0.004,0.004,0.004,0.004,0.0,0.004,0.004,0.02,0.004,0.004,0.02,0.125,0.019,0.095,0.004,0.004,0.004,0.125,0.004,0.02,0.004,0.004,0.004,0.02,0.004,0.004,0.004
2024-04-15,0.02,0.004,0.004,0.004,0.0,0.004,0.125,0.02,0.0,0.0,0.004,0.0,0.125,0.125,0.02,0.004,0.02,0.004,0.004,0.004,0.004,0.004,0.004,0.004,0.004,0.004,0.004,0.004,0.004,0.125,0.02,0.004,0.004,0.02,0.125,0.004,0.095,0.004,0.004,0.004,0.004,0.0,0.016,0.004,0.004,0.004,0.02,0.004,0.004,0.004
2024-04-29,0.02,0.004,0.004,0.004,0.0,0.004,0.125,0.07,0.0,0.004,0.0,0.0,0.125,0.125,0.02,0.004,0.02,0.004,0.004,0.016,0.004,0.004,0.004,0.004,0.004,0.004,0.004,0.004,0.004,0.02,0.02,0.004,0.004,0.02,0.125,0.004,0.045,0.004,0.004,0.004,0.0,0.004,0.004,0.004,0.004,0.004,0.125,0.004,0.004,0.004
2024-05-13,0.02,0.004,0.004,0.004,0.0,0.004,0.125,0.07,0.004,0.004,0.0,0.0,0.125,0.125,0.02,0.004,0.02,0.004,0.004,0.02,0.004,0.004,0.004,0.004,0.004,0.004,0.004,0.004,0.004,0.004,0.045,0.004,0.004,0.02,0.125,0.004,0.016,0.004,0.004,0.02,0.0,0.004,0.0,0.004,0.004,0.004,0.125,0.004,0.004,0.004
2024-05-27,0.02,0.004,0.004,0.004,0.0,0.0,0.02,0.125,0.004,0.004,0.0,0.0,0.125,0.125,0.02,0.004,0.02,0.004,0.004,0.02,0.004,0.004,0.004,0.004,0.004,0.004,0.004,0.004,0.004,0.004,0.095,0.004,0.004,0.02,0.125,0.004,0.016,0.004,0.004,0.02,0.004,0.004,0.0,0.004,0.004,0.004,0.125,0.004,0.004,0.004
2024-06-10,0.02,0.004,0.004,0.004,0.004,0.0,0.004,0.125,0.0,0.0,0.004,0.0,0.125,0.125,0.02,0.004,0.02,0.004,0.004,0.02,0.004,0.004,0.004,0.004,0.004,0.004,0.004,0.004,0.016,0.004,0.095,0.004,0.004,0.02,0.125,0.004,0.02,0.004,0.004,0.02,0.004,0.0,0.004,0.004,0.004,0.004,0.125,0.004,0.004,0.004
2024-06-24,0.02,0.02,0.02,0.02,0.02,0.02,0.02,0.02,0.02,0.02,0.02,0.02,0.02,0.02,0.02,0.02,0.02,0.02,0.02,0.02,0.02,0.02,0.02,0.02,0.02,0.02,0.02,0.02,0.02,0.02,0.02,0.02,0.02,0.02,0.02,0.02,0.02,0.02,0.02,0.02,0.02,0.02,0.02,0.02,0.02,0.02,0.02,0.02,0.02,0.02
2024-07-08,0.02,0.02,0.02,0.02,0.02,0.004,0.02,0.0,0.0,0.02,0.0,0.02,0.02,0.0,0.125,0.02,0.02,0.02,0.02,0.02,0.02,0.02,0.02,0.02,0.02,0.004,0.02,0.02,0.02,0.02,0.02,0.004,0.09,0.02,0.02,0.02,0.02,0.02,0.02,0.02,0.02,0.004,0.0,0.02,0.02,0.02,0.02,0.009,0.02,0.02
2024-07-22,0.004,0.004,0.02,0.004,0.004,0.004,0.02,0.004,0.004,0.02,0.0,0.02,0.0,0.0,0.125,0.02,0.02,0.02,0.004,0.02,0.02,0.004,0.004,0.02,0.02,0.004,0.02,0.004,0.02,0.02,0.082,0.004,0.09,0.02,0.125,0.02,0.02,0.02,0.02,0.02,0.02,0.004,0.0,0.018,0.02,0.02,0.02,0.0,0.004,0.02
2024-08-05,0.0,0.004,0.02,0.004,0.004,0.0,0.004,0.004,0.004,0.02,0.0,0.082,0.004,0.004,0.125,0.011,0.02,0.004,0.004,0.02,0.004,0.004,0.004,0.004,0.02,0.004,0.004,0.004,0.02,0.004,0.082,0.004,0.09,0.125,0.125,0.02,0.02,0.004,0.02,0.02,0.02,0.004,0.0,0.004,0.004,0.02,0.02,0.0,0.004,0.004
2024-08-19,0.004,0.004,0.004,0.004,0.004,0.0,0.0,0.125,0.004,0.062,0.0,0.082,0.004,0.004,0.0,0.011,0.02,0.0,0.004,0.02,0.004,0.004,0.004,0.004,0.02,0.004,0.004,0.004,0.01,0.004,0.082,0.004,0.09,0.125,0.125,0.004,0.02,0.004,0.02,0.02,0.02,0.004,0.004,0.004,0.004,0.02,0.02,0.004,0.004,0.004
2024-09-02,0.0,0.004,0.004,0.004,0.004,0.0,0.004,0.125,0.004,0.125,0.004,0.0,0.0,0.0,0.004,0.107,0.02,0.004,0.004,0.02,0.004,0.004,0.004,0.004,0.02,0.004,0.004,0.004,0.004,0.004,0.082,0.004,0.031,0.125,0.125,0.004,0.02,0.004,0.02,0.02,0.02,0.004,0.004,0.004,0.004,0.02,0.004,0.004,0.004,0.004
2024-09-16,0.004,0.004,0.004,0.004,0.004,0.0,0.0,0.004,0.004,0.125,0.004,0.0,0.0,0.004,0.004,0.061,0.02,0.0,0.004,0.02,0.004,0.004,0.004,0.004,0.02,0.004,0.004,0.004,0.004,0.004,0.082,0.004,0.031,0.125,0.125,0.004,0.02,0.004,0.02,0.125,0.082,0.004,0.004,0.004,0.004,0.02,0.004,0.004,0.004,0.004
2024-09-30,0.004,0.004,0.046,0.004,0.004,0.004,0.004,0.0,0.004,0.019,0.004,0.0,0.125,0.0,0.004,0.0,0.02,0.0,0.004,0.02,0.004,0.004,0.004,0.004,0.02,0.004,0.004,0.004,0.004,0.004,0.082,0.004,0.031,0.125,0.125,0.004,0.02,0.004,0.02,0.125,0.082,0.004,0.004,0.004,0.004,0.02,0.004,0.004,0.004,0.004
2024-10-14,0.004,0.004,0.125,0.004,0.004,0.004,0.0,0.0,0.004,0.016,0.0,0.004,0.121,0.004,0.004,0.088,0.02,0.0,0.004,0.02,0.004,0.0,0.004,0.004,0.02,0.004,0.004,0.004,0.004,0.004,0.004,0.004,0.031,0.125,0.125,0.004,0.02,0.004,0.02,0.125,0.004,0.004,0.004,0.004,0.004,0.02,0.004,0.004,0.004,0.004
2024-10-28,0.004,0.004,0.125,0.004,0.004,0.004,0.0,0.004,0.004,0.125,0.0,0.0,0.0,0.004,0.062,0.038,0.02,0.0,0.004,0.02,0.004,0.004,0.004,0.004,0.02,0.004,0.004,0.004,0.004,0.004,0.004,0.004,0.031,0.125,0.125,0.004,0.02,0.004,0.02,0.125,0.004,0.004,0.004,0.004,0.004,0.02,0.004,0.004,0.004,0.004
2024-11-11,0.004,0.004,0.125,0.004,0.004,0.004,0.004,0.0,0.004,0.125,0.0,0.0,0.0,0.004,0.125,0.004,0.02,0.004,0.004,0.02,0.004,0.004,0.004,0.004,0.004,0.004,0.004,0.004,0.004,0.004,0.004,0.0,0.004,0.039,0.125,0.02,0.02,0.004,0.02,0.125,0.004,0.004,0.004,0.02,0.004,0.016,0.076,0.004,0.004,0.004
2024-11-25,0.004,0.004,0.125,0.004,0.004,0.004,0.125,0.0,0.004,0.125,0.0,0.004,0.004,0.004,0.079,0.004,0.02,0.0,0.004,0.02,0.004,0.0,0.004,0.004,0.004,0.004,0.004,0.004,0.004,0.004,0.004,0.0,0.004,0.039,0.004,0.02,0.02,0.004,0.02,0.125,0.004,0.004,0.004,0.066,0.004,0.016,0.076,0.004,0.004,0.004
2024-12-09,0.004,0.004,0.125,0.004,0.004,0.004,0.125,0.0,0.004,0.02,0.004,0.0,0.004,0.004,0.02,0.004,0.125,0.0,0.004,0.02,0.004,0.0,0.004,0.004,0.004,0.004,0.004,0.0,0.004,0.004,0.004,0.004,0.004,0.039,0.004,0.082,0.02,0.004,0.02,0.122,0.004,0.004,0.004,0.066,0.004,0.016,0.076,0.004,0.004,0.004
2024-12-23,0.004,0.004,0.125,0.004,0.004,0.004,0.02,0.0,0.004,0.02,0.0,0.004,0.125,0.004,0.004,0.004,0.125,0.0,0.004,0.02,0.004,0.0,0.004,0.004,0.004,0.004,0.004,0.0,0.004,0.004,0.004,0.004,0.004,0.039,0.004,0.082,0.02,0.004,0.07,0.072,0.004,0.004,0.004,0.066,0.004,0.016,0.076,0.004,0.004,0.004
2025-01-06,0.004,0.004,0.042,0.004,0.125,0.004,0.0,0.0,0.004,0.02,0.0,0.004,0.125,0.004,0.004,0.004,0.125,0.004,0.004,0.004,0.004,0.0,0.004,0.004,0.004,0.004,0.004,0.004,0.004,0.02,0.004,0.0,0.004,0.039,0.004,0.112,0.02,0.004,0.07,0.02,0.004,0.004,0.004,0.066,0.004,0.016,0.076,0.004,0.004,0.004
2025-01-20,0.004,0.004,0.004,0.004,0.125,0.004,0.0,0.0,0.004,0.039,0.004,0.0,0.125,0.004,0.004,0.004,0.125,0.004,0.004,0.004,0.004,0.0,0.004,0.004,0.02,0.004,0.004,0.004,0.004,0.02,0.02,0.0,0.004,0.02,0.004,0.125,0.02,0.004,0.02,0.004,0.004,0.004,0.004,0.125,0.004,0.016,0.076,0.004,0.004,0.004
2025-02-03,0.02,0.004,0.004,0.004,0.004,0.0,0.0,0.0,0.004,0.069,0.0,0.004,0.125,0.004,0.125,0.004,0.125,0.004,0.004,0.004,0.004,0.0,0.004,0.004,0.02,0.004,0.004,0.004,0.004,0.016,0.02,0.004,0.004,0.02,0.004,0.125,0.02,0.004,0.02,0.004,0.004,0.004,0.004,0.125,0.004,0.004,0.046,0.004,0.004,0.004
2025-02-17,0.02,0.004,0.004,0.004,0.0,0.004,0.004,0.0,0.004,0.069,0.004,0.0,0.004,0.0,0.125,0.004,0.125,0.004,0.004,0.004,0.016,0.004,0.004,0.004,0.02,0.004,0.004,0.004,0.004,0.016,0.008,0.004,0.004,0.02,0.004,0.125,0.046,0.004,0.02,0.004,0.004,0.004,0.004,0.125,0.004,0.004,0.02,0.125,0.0,0.004
2025-03-03,0.02,0.004,0.004,0.004,0.004,0.004,0.004,0.0,0.042,0.0,0.0,0.125,0.0,0.004,0.035,0.004,0.125,0.004,0.004,0.004,0.016,0.004,0.004,0.004,0.02,0.004,0.004,0.004,0.004,0.016,0.004,0.004,0.004,0.02,0.0,0.125,0.046,0.004,0.02,0.004,0.004,0.004,0.004,0.125,0.004,0.004,0.02,0.125,0.004,0.004
2025-03-17,0.02,0.004,0.004,0.004,0.004,0.0,0.004,0.0,0.004,0.004,0.0,0.125,0.0,0.125,0.027,0.004,0.125,0.004,0.004,0.004,0.016,0.004,0.004,0.004,0.02,0.004,0.004,0.004,0.004,0.016,0.004,0.004,0.004,0.02,0.004,0.125,0.088,0.004,0.02,0.004,0.008,0.004,0.004,0.004,0.004,0.0,0.02,0.125,0.004,0.004
2025-03-31,0.004,0.004,0.007,0.004,0.004,0.0,0.0,0.004,0.0,0.004,0.0,0.004,0.004,0.125,0.004,0.004,0.125,0.004,0.004,0.027,0.02,0.004,0.004,0.004,0.02,0.004,0.004,0.004,0.0,0.013,0.004,0.004,0.125,0.02,0.004,0.125,0.088,0.004,0.02,0.004,0.02,0.004,0.004,0.004,0.004,0.004,0.02,0.125,0.004,0.004
2025-04-14,0.004,0.004,0.004,0.004,0.004,0.0,0.004,0.004,0.05,0.0,0.0,0.004,0.004,0.125,0.0,0.004,0.045,0.004,0.004,0.027,0.02,0.004,0.004,0.004,0.02,0.004,0.004,0.004,0.0,0.013,0.004,0.004,0.125,0.02,0.004,0.125,0.004,0.004,0.02,0.004,0.02,0.004,0.004,0.004,0.004,0.004,0.02,0.125,0.004,0.125
2025-04-28,0.004,0.004,0.004,0.004,0.004,0.004,0.004,0.007,0.05,0.004,0.0,0.004,0.0,0.125,0.0,0.0,0.088,0.125,0.004,0.027,0.02,0.004,0.004,0.004,0.02,0.004,0.004,0.004,0.0,0.013,0.004,0.004,0.125,0.02,0.004,0.125,0.004,0.004,0.02,0.004,0.004,0.004,0.004,0.004,0.004,0.004,0.02,0.004,0.004,0.095
2025-05-12,0.004,0.0,0.004,0.004,0.004,0.004,0.004,0.007,0.008,0.125,0.0,0.0,0.0,0.125,0.004,0.004,0.125,0.125,0.004,0.027,0.02,0.004,0.004,0.004,0.02,0.004,0.004,0.004,0.004,0.004,0.004,0.004,0.088,0.02,0.004,0.125,0.004,0.004,0.02,0.004,0.009,0.004,0.004,0.004,0.0,0.004,0.02,0.004,0.004,0.02
2025-05-26,0.004,0.004,0.013,0.004,0.02,0.0,0.0,0.007,0.004,0.125,0.0,0.0,0.004,0.004,0.004,0.004,0.125,0.125,0.004,0.021,0.125,0.004,0.004,0.004,0.004,0.004,0.004,0.004,0.004,0.004,0.004,0.004,0.084,0.02,0.004,0.125,0.03,0.004,0.02,0.004,0.02,0.004,0.004,0.004,0.0,0.004,0.004,0.004,0.004,0.02
2025-06-09,0.02,0.02,0.02,0.02,0.02,0.02,0.02,0.02,0.02,0.02,0.02,0.02,0.02,0.02,0.02,0.02,0.02,0.02,0.02,0.02,0.02,0.02,0.02,0.02,0.02,0.02,0.02,0.02,0.02,0.02,0.02,0.02,0.02,0.02,0.02,0.02,0.02,0.02,0.02,0.02,0.02,0.02,0.02,0.02,0.02,0.02,0.02,0.02,0.02,0.02
2025-06-23,0.02,0.02,0.02,0.02,0.02,0.02,0.02,0.125,0.02,0.0,0.02,0.09,0.02,0.02,0.02,0.02,0.0,0.02,0.02,0.02,0.0,0.02,0.02,0.02,0.004,0.02,0.02,0.02,0.02,0.02,0.02,0.02,0.004,0.02,0.02,0.02,0.02,0.02,0.004,0.02,0.0,0.02,0.004,0.02,0.02,0.009,0.0,0.02,0.02,0.02
2025-07-07,0.02,0.02,0.02,0.02,0.02,0.02,0.02,0.125,0.02,0.0,0.02,0.125,0.02,0.125,0.004,0.02,0.0,0.02,0.02,0.02,0.0,0.02,0.02,0.01,0.004,0.02,0.02,0.004,0.02,0.02,0.004,0.004,0.004,0.004,0.004,0.02,0.055,0.004,0.004,0.004,0.0,0.02,0.004,0.004,0.02,0.004,0.0,0.004,0.02,0.02
2025-07-21,0.02,0.004,0.004,0.02,0.004,0.004,0.02,0.125,0.02,0.0,0.125,0.125,0.09,0.125,0.004,0.02,0.0,0.02,0.02,0.02,0.0,0.02,0.02,0.004,0.004,0.004,0.004,0.004,0.02,0.02,0.004,0.004,0.004,0.004,0.004,0.004,0.055,0.004,0.004,0.004,0.0,0.004,0.004,0.004,0.004,0.004,0.0,0.004,0.004,0.011
2025-08-04,0.02,0.004,0.004,0.02,0.004,0.125,0.02,0.125,0.02,0.0,0.125,0.125,0.044,0.004,0.004,0.02,0.004,0.02,0.02,0.02,0.0,0.02,0.066,0.004,0.004,0.004,0.004,0.004,0.02,0.02,0.004,0.004,0.004,0.004,0.004,0.004,0.055,0.004,0.0,0.004,0.0,0.004,0.0,0.004,0.004,0.004,0.004,0.004,0.004,0.011
2025-08-18,0.004,0.004,0.004,0.02,0.004,0.125,0.02,0.119,0.125,0.004,0.125,0.125,0.016,0.004,0.004,0.02,0.0,0.02,0.004,0.02,0.0,0.02,0.066,0.004,0.004,0.004,0.004,0.004,0.004,0.004,0.004,0.004,0.004,0.004,0.004,0.004,0.055,0.004,0.004,0.004,0.0,0.004,0.0,0.004,0.004,0.004,0.0,0.004,0.004,0.004
2025-09-01,0.004,0.004,0.004,0.02,0.004,0.125,0.008,0.0,0.125,0.004,0.125,0.125,0.004,0.0,0.004,0.02,0.004,0.119,0.02,0.02,0.004,0.0,0.066,0.004,0.004,0.004,0.0,0.02,0.004,0.02,0.004,0.004,0.004,0.004,0.004,0.004,0.055,0.004,0.0,0.004,0.004,0.004,0.004,0.004,0.004,0.004,0.004,0.004,0.004,0.012
2025-09-15,0.004,0.004,0.004,0.004,0.004,0.125,0.0,0.0,0.004,0.004,0.125,0.125,0.0,0.004,0.004,0.02,0.004,0.125,0.02,0.004,0.004,0.004,0.066,0.004,0.004,0.004,0.004,0.02,0.004,0.02,0.004,0.004,0.004,0.02,0.004,0.016,0.125,0.004,0.0,0.004,0.004,0.004,0.004,0.049,0.004,0.004,0.0,0.004,0.004,0.02
2025-09-29,0.004,0.004,0.004,0.004,0.004,0.125,0.0,0.125,0.004,0.004,0.004,0.095,0.0,0.004,0.004,0.004,0.004,0.125,0.02,0.004,0.004,0.004,0.066,0.004,0.004,0.004,0.0,0.02,0.004,0.02,0.004,0.004,0.004,0.02,0.004,0.016,0.125,0.004,0.0,0.05,0.004,0.004,0.004,0.049,0.0,0.004,0.004,0.004,0.004,0.02
2025-10-13,0.004,0.004,0.004,0.0,0.004,0.098,0.0,0.125,0.004,0.046,0.004,0.004,0.125,0.004,0.004,0.0,0.004,0.125,0.02,0.004,0.004,0.004,0.066,0.004,0.004,0.004,0.004,0.02,0.004,0.016,0.004,0.004,0.004,0.02,0.004,0.004,0.125,0.004,0.004,0.05,0.0,0.004,0.004,0.02,0.0,0.004,0.004,0.004,0.004,0.02
2025-10-27,0.004,0.004,0.004,0.004,0.004,0.065,0.0,0.125,0.004,0.125,0.004,0.004,0.125,0.0,0.004,0.004,0.02,0.125,0.004,0.02,0.004,0.004,0.02,0.004,0.004,0.004,0.004,0.02,0.004,0.016,0.004,0.004,0.004,0.004,0.004,0.004,0.125,0.004,0.004,0.05,0.004,0.004,0.0,0.02,0.0,0.004,0.004,0.0,0.004,0.02
2025-11-10,0.004,0.004,0.004,0.004,0.004,0.125,0.0,0.125,0.004,0.125,0.004,0.004,0.0,0.004,0.004,0.004,0.02,0.079,0.004,0.02,0.004,0.004,0.02,0.004,0.004,0.004,0.004,0.02,0.004,0.016,0.004,0.004,0.004,0.004,0.004,0.004,0.125,0.004,0.004,0.05,0.111,0.004,0.0,0.02,0.0,0.004,0.0,0.004,0.004,0.02
2025-11-24,0.004,0.004,0.004,0.004,0.004,0.083,0.004,0.125,0.125,0.125,0.004,0.004,0.004,0.0,0.004,0.004,0.02,0.004,0.004,0.02,0.0,0.004,0.004,0.004,0.004,0.004,0.004,0.02,0.004,0.016,0.004,0.004,0.0,0.004,0.004,0.004,0.125,0.004,0.004,0.02,0.111,0.004,0.0,0.02,0.004,0.004,0.0,0.004,0.046,0.02
2025-12-08,0.0,0.004,0.004,0.0,0.004,0.083,0.004,0.125,0.125,0.125,0.004,0.004,0.125,0.004,0.02,0.0,0.004,0.004,0.004,0.02,0.004,0.004,0.004,0.004,0.004,0.004,0.004,0.032,0.004,0.016,0.004,0.004,0.0,0.004,0.004,0.004,0.02,0.004,0.004,0.02,0.125,0.004,0.0,0.02,0.004,0.004,0.004,0.004,0.004,0.02
2025-12-22,0.004,0.004,0.004,0.004,0.004,0.083,0.0,0.125,0.02,0.083,0.0,0.004,0.125,0.004,0.02,0.0,0.004,0.004,0.004,0.02,0.0,0.062,0.004,0.004,0.004,0.004,0.004,0.032,0.004,0.016,0.004,0.004,0.004,0.004,0.004,0.004,0.004,0.004,0.004,0.02,0.125,0.004,0.0,0.02,0.004,0.004,0.004,0.004,0.004,0.125
2026-01-05,0.02,0.02,0.02,0.02,0.02,0.02,0.02,0.02,0.02,0.02,0.02,0.02,0.02,0.02,0.02,0.02,0.02,0.02,0.02,0.02,0.02,0.02,0.02,0.02,0.02,0.02,0.02,0.02,0.02,0.02,0.02,0.02,0.02,0.02,0.02,0.02,0.02,0.02,0.02,0.02,0.02,0.02,0.02,0.02,0.02,0.02,0.02,0.02,0.02,0.02
2026-01-19,0.02,0.02,0.02,0.02,0.02,0.02,0.0,0.125,0.02,0.0,0.02,0.02,0.02,0.09,0.02,0.02,0.004,0.02,0.02,0.02,0.02,0.02,0.02,0.02,0.02,0.02,0.009,0.02,0.02,0.02,0.02,0.004,0.02,0.02,0.004,0.02,0.02,0.02,0.0,0.02,0.02,0.02,0.0,0.02,0.004,0.02,0.02,0.0,0.02,0.02
2026-02-02,0.02,0.02,0.02,0.02,0.004,0.02,0.004,0.125,0.02,0.004,0.02,0.02,0.0,0.125,0.02,0.02,0.004,0.02,0.02,0.125,0.0,0.02,0.02,0.02,0.004,0.02,0.006,0.02,0.02,0.02,0.02,0.004,0.004,0.004,0.004,0.004,0.004,0.02,0.004,0.043,0.0,0.02,0.0,0.02,0.004,0.02,0.004,0.0,0.02,0.02
2026-02-16,0.02,0.02,0.004,0.02,0.004,0.02,0.004,0.054,0.105,0.004,0.02,0.0,0.0,0.125,0.004,0.02,0.004,0.004,0.02,0.125,0.004,0.02,0.02,0.02,0.004,0.02,0.006,0.02,0.02,0.02,0.004,0.004,0.0,0.004,0.004,0.004,0.004,0.004,0.004,0.125,0.004,0.02,0.0,0.02,0.004,0.02,0.004,0.0,0.02,0.02
2026-03-02,0.004,0.02,0.0,0.004,0.004,0.004,0.004,0.054,0.105,0.125,0.004,0.0,0.0,0.125,0.05,0.02,0.004,0.004,0.02,0.125,0.004,0.02,0.02,0.02,0.004,0.004,0.006,0.02,0.004,0.02,0.004,0.004,0.004,0.004,0.004,0.004,0.004,0.004,0.0,0.086,0.004,0.004,0.004,0.004,0.004,0.02,0.004,0.0,0.02,0.02
