date,ticker,Accounting,Price,Sellside,Conditioning,Factor,MacroCross,Financials,total
2018-11-26,AAPL,0.0117,-0.0036,0.0007,0.0006,0.0004,-0.0002,0.0005,0.0101
2018-11-26,MSFT,-0.0022,-0.0006,-0.0039,0.0001,-0.0001,-0.0,0.0004,-0.0062
2018-11-26,GOOGL,0.0123,-0.0,0.0001,0.0006,0.0003,-0.0001,0.0002,0.0134
2018-11-26,AMZN,0.0226,-0.002,-0.0015,0.0013,-0.0005,-0.0019,0.002,0.0201
2018-11-26,META,-0.0038,0.0058,0.0004,0.0001,-0.0007,0.0,-0.0001,0.0016
2018-11-26,NVDA,0.0196,-0.0001,-0.0024,0.0005,0.0002,0.003,-0.0006,0.0202
2018-11-26,TSLA,0.0216,-0.0122,0.0032,0.0,-0.0003,0.001,-0.0062,0.0071
2018-11-26,PLTR,0.0016,0.001,-0.0004,0.0001,-0.0001,0.0007,-0.0006,0.0023
2018-11-26,AVGO,0.0024,0.0013,0.0005,0.0001,-0.0,-0.0001,-0.0004,0.0037
2018-11-26,MU,-0.0048,-0.0093,-0.0154,0.0001,0.0005,-0.0001,-0.0041,-0.0331
2018-11-26,GEV,0.0024,0.0008,0.0017,0.0001,-0.0001,0.0007,-0.0001,0.0054
2018-11-26,VRT,0.003,0.0017,0.0005,0.0001,-0.0001,0.0008,-0.0018,0.0041
2018-11-26,BE,0.0507,-0.0111,0.0014,-0.0003,-0.0008,0.0026,-0.0077,0.0349
2018-11-26,LITE,0.0115,-0.0066,0.0009,0.0002,-0.0001,0.0024,0.0028,0.0111
2018-11-26,000660,0.0044,0.0027,-0.0007,0.0001,0.0006,-0.0001,-0.0042,0.0027
2018-11-26,005930,0.0022,0.002,-0.0011,0.0001,-0.0,-0.0004,0.0005,0.0033
2018-11-26,UNH,0.0041,-0.0011,-0.0002,0.0001,-0.0002,0.0009,0.0008,0.0045
2018-11-26,LLY,-0.0046,-0.0219,-0.0027,0.0001,-0.0015,0.0001,0.0013,-0.0292
2018-11-26,ISRG,-0.0012,0.0004,0.0016,0.0001,-0.0001,-0.0,0.0006,0.0014
2018-11-26,ABBV,0.0022,0.0013,-0.0036,0.0001,0.0001,0.0009,-0.0054,-0.0044
2018-11-26,REGN,-0.003,0.002,0.0001,0.0001,-0.0,0.0,0.0003,-0.0006
2018-11-26,JPM,-0.0043,0.001,0.0018,0.0001,-0.0001,0.0,0.0004,-0.0012
2018-11-26,V,-0.0005,0.0001,-0.0025,0.0001,-0.0002,-0.0,0.0009,-0.0021
2018-11-26,MA,0.0089,-0.0002,-0.0004,0.0001,-0.0001,0.0001,-0.0002,0.0082
2018-11-26,BLK,0.0236,0.0068,0.0024,0.0001,0.0,0.001,0.0006,0.0346
2018-11-26,SPGI,0.0263,0.0031,0.0041,0.0001,-0.0003,-0.0003,0.0005,0.0335
2018-11-26,GS,-0.0001,0.004,0.0009,0.0001,0.0001,-0.0001,0.0019,0.0069
2018-11-26,COST,-0.0016,0.0007,0.0082,0.0001,-0.0002,-0.0004,-0.0013,0.0054
2018-11-26,HD,0.0033,0.0031,-0.0003,0.0001,-0.0,0.0011,-0.0001,0.0071
2018-11-26,PG,-0.0019,0.0016,-0.0001,0.0001,-0.0001,0.0001,0.0007,0.0003
2018-11-26,MCD,-0.0016,0.0004,0.001,0.0001,-0.0001,0.0,0.0016,0.0013
2018-11-26,WMT,0.0137,-0.0027,0.0011,0.0006,0.0003,0.0005,-0.0011,0.0123
2018-11-26,CAT,0.0056,0.0038,-0.0007,0.0001,0.0001,-0.0009,-0.0035,0.0044
2018-11-26,HON,0.0074,0.0028,0.0023,0.0001,0.0,-0.001,0.0016,0.0132
2018-11-26,DE,0.0033,0.0005,0.0001,0.0001,-0.0,-0.0,0.0012,0.0051
2018-11-26,UNP,-0.0021,0.0008,0.0009,0.0001,-0.0,0.0,0.0007,0.0004
2018-11-26,LMT,-0.0021,0.0029,-0.0032,0.0001,-0.0004,0.0,0.0008,-0.0019
2018-11-26,ETN,-0.0009,0.0015,-0.0015,0.0001,0.0001,-0.0001,-0.0007,-0.0015
2018-11-26,XOM,-0.0006,0.001,0.0001,0.0001,0.0,0.0,0.001,0.0016
2018-11-26,LNG,-0.0297,0.0005,0.0022,0.0001,-0.0017,0.0001,-0.0036,-0.0321
2018-11-26,FCX,0.0007,-0.002,-0.0019,0.0001,-0.0003,-0.0001,-0.0003,-0.0038
2018-11-26,LIN,0.0053,-0.0042,-0.0061,0.0,-0.0043,0.001,-0.0149,-0.0231
2018-11-26,NEE,-0.002,0.0003,0.0008,0.0001,-0.0001,0.0,0.0003,-0.0006
2018-11-26,AMT,-0.0019,0.0002,0.0007,0.0001,-0.0001,-0.0,0.0016,0.0005
2018-11-26,EQIX,-0.0095,0.0042,-0.0001,0.0001,-0.0004,-0.0001,0.0011,-0.0048
2018-11-26,TMUS,-0.0074,0.0009,0.0007,0.0001,-0.0007,0.0,0.001,-0.0055
2018-11-26,PLD,0.0013,0.0017,0.0013,0.0001,-0.0001,-0.0,-0.0001,0.0041
2018-11-26,AMD,0.009,-0.0332,0.0037,0.0001,-0.001,-0.0025,0.0008,-0.0232
2018-11-26,CRM,-0.0056,0.0013,0.0003,0.0001,-0.0001,-0.0,0.002,-0.0022
2018-11-26,NFLX,0.0285,0.0035,0.0025,0.0001,-0.0001,-0.0005,0.0048,0.0387
2018-11-26,TER,-0.0011,0.0011,-0.0047,0.0001,-0.0,-0.0001,0.0021,-0.0027
2018-11-26,GLW,-0.0026,0.0006,0.0013,0.0001,-0.0002,0.0,0.0006,-0.0003
2018-11-26,JNJ,0.0001,0.0002,0.0008,0.0001,-0.0001,-0.0,0.0012,0.0021
2018-11-26,WFC,-0.0051,0.0015,-0.0016,0.0001,0.0001,-0.0001,0.0,-0.0051
2018-11-26,MPC,-0.0181,0.0015,-0.0014,-0.0,-0.0005,0.0002,0.0002,-0.0182
2018-11-26,LRCX,-0.0005,0.0043,0.0001,0.0001,0.0002,-0.0001,0.0003,0.0044
2018-11-26,AMAT,-0.0025,0.005,-0.0085,0.0001,0.0004,-0.0001,0.0024,-0.0031
2018-11-26,PANW,-0.0054,0.0008,-0.0047,0.0001,0.0002,-0.0003,0.002,-0.0074
2018-11-26,FN,0.0225,0.0033,-0.0032,0.0001,0.0002,0.0018,0.0011,0.0257
2018-11-26,MPWR,-0.0001,0.0005,0.0018,0.0001,-0.0001,0.0,0.0002,0.0024
2018-11-26,BAC,-0.0027,0.0021,0.0004,0.0001,0.0001,-0.0,0.0004,0.0004
2018-11-26,CSCO,0.0043,-0.0011,-0.0009,0.0001,-0.0001,0.0007,0.0004,0.0034
2018-11-26,INTC,-0.0012,-0.0025,-0.0002,0.0001,0.0003,0.0002,0.0007,-0.0027
2018-11-26,ORCL,-0.0029,0.0005,-0.001,0.0001,-0.0,0.0,0.0011,-0.0021
2018-11-26,TSM,-0.0033,0.0029,-0.0006,0.0001,-0.0006,-0.0002,-0.0,-0.0018
2019-08-16,AAPL,-0.005,-0.0039,0.001,0.0002,0.0,-0.0004,-0.0015,-0.0095
2019-08-16,MSFT,0.0009,0.0006,0.0014,0.0001,0.0001,0.0002,-0.0002,0.003
2019-08-16,GOOGL,0.0032,-0.0004,0.0003,0.0001,0.0003,0.0001,0.0008,0.0045
2019-08-16,AMZN,-0.0015,-0.0002,-0.0022,0.0002,-0.0,-0.0001,0.0011,-0.0028
2019-08-16,META,0.0016,0.0001,0.0007,0.0001,0.0002,0.0,0.0001,0.0027
2019-08-16,NVDA,0.0238,-0.0002,-0.0023,0.0001,-0.0001,0.0,0.0003,0.0215
2019-08-16,TSLA,-0.0194,-0.0087,0.0009,0.0001,0.0005,0.0,0.002,-0.0245
2019-08-16,PLTR,-0.002,0.0015,0.0001,0.0001,0.0001,-0.0,0.0009,0.0007
2019-08-16,AVGO,-0.0141,-0.0037,-0.0022,0.0002,0.0001,0.0,-0.0018,-0.0215
2019-08-16,MU,-0.012,-0.0192,-0.0003,0.0001,0.0021,-0.0005,-0.0011,-0.0308
2019-08-16,GEV,-0.001,0.0017,0.0031,0.0001,0.0002,-0.0,0.0009,0.0049
2019-08-16,VRT,0.0027,0.0004,0.0018,0.0001,0.0001,0.0001,-0.0,0.0051
2019-08-16,BE,0.0111,-0.0028,-0.0031,0.0,-0.0002,0.0031,-0.0044,0.0037
2019-08-16,LITE,0.0091,-0.0142,-0.0038,0.0001,0.0001,0.0004,0.0009,-0.0075
2019-08-16,000660,-0.0053,-0.001,-0.0007,0.0001,0.0004,-0.0003,-0.0011,-0.0079
2019-08-16,005930,-0.0024,0.0022,0.0008,0.0001,0.0004,-0.0003,0.0007,0.0014
2019-08-16,UNH,0.0153,0.004,0.0036,0.0001,0.0001,0.0008,0.0012,0.025
2019-08-16,LLY,0.0191,-0.001,-0.0001,0.0,0.0001,-0.0004,0.0001,0.0178
2019-08-16,ISRG,-0.0021,0.0013,0.0015,0.0001,0.0002,0.0001,0.0004,0.0014
2019-08-16,ABBV,-0.0072,0.0046,-0.0023,0.0001,0.0005,0.0,-0.0028,-0.0071
2019-08-16,REGN,-0.0068,0.0026,-0.0003,0.0001,0.0003,-0.0001,-0.0002,-0.0043
2019-08-16,JPM,-0.0065,0.0013,0.001,0.0001,0.0002,0.0,-0.0003,-0.0042
2019-08-16,V,-0.0031,-0.0001,0.0005,0.0001,0.0002,-0.0,-0.0,-0.0025
2019-08-16,MA,-0.0067,0.0005,0.001,0.0001,0.0002,-0.0,0.0002,-0.0049
2019-08-16,BLK,0.0051,0.0026,-0.0026,0.0001,0.0002,-0.0008,0.0009,0.0054
2019-08-16,SPGI,0.0014,0.0004,0.0017,0.0001,0.0002,0.0001,0.0004,0.0043
2019-08-16,GS,-0.002,0.0011,-0.0003,0.0001,0.0003,0.0,0.0009,-0.0
2019-08-16,COST,-0.003,0.0007,0.0006,0.0001,0.0002,0.0,0.0002,-0.0012
2019-08-16,HD,-0.0036,0.001,0.0003,0.0001,0.0002,-0.0001,-0.0004,-0.0025
2019-08-16,PG,-0.0121,-0.0067,0.0001,-0.0001,-0.0005,-0.0001,-0.0004,-0.0198
2019-08-16,MCD,-0.0019,-0.0032,0.0015,-0.0001,-0.0003,0.0,0.0008,-0.0032
2019-08-16,WMT,0.0035,0.0005,-0.0019,0.0002,-0.0001,0.0005,-0.0008,0.0019
2019-08-16,CAT,-0.0095,0.0064,-0.002,0.0001,0.0002,-0.0001,-0.0078,-0.0126
2019-08-16,HON,-0.0034,0.0008,-0.0035,0.0001,0.0002,-0.0001,0.0002,-0.0057
2019-08-16,DE,-0.0029,0.0023,-0.0022,0.0001,0.0003,-0.0001,0.0002,-0.0022
2019-08-16,UNP,-0.0039,-0.0002,-0.0036,-0.0001,0.0002,-0.0001,0.0002,-0.0075
2019-08-16,LMT,-0.001,0.0037,0.0136,0.0001,0.0003,0.0004,-0.0001,0.017
2019-08-16,ETN,-0.0041,0.0013,0.0004,0.0001,0.0002,-0.0001,-0.0,-0.0022
2019-08-16,XOM,0.004,0.0024,0.0014,0.0001,0.0001,-0.0001,0.0012,0.0091
2019-08-16,LNG,0.0109,0.0041,0.0029,0.0001,0.0002,0.0001,0.0016,0.0199
2019-08-16,FCX,-0.0096,-0.0023,-0.0003,0.0001,0.0001,-0.0002,-0.0011,-0.0132
2019-08-16,LIN,-0.0095,0.0013,-0.0006,0.0001,0.0002,0.0001,-0.0007,-0.009
2019-08-16,NEE,0.0013,-0.0005,0.0016,0.0,0.0002,0.0,0.0004,0.0031
2019-08-16,AMT,-0.0061,-0.0057,-0.0016,-0.0001,-0.0007,0.0001,-0.0009,-0.015
2019-08-16,EQIX,0.0063,0.0009,0.0008,0.0001,0.0002,0.0001,-0.0002,0.0081
2019-08-16,TMUS,-0.0026,0.0007,0.0009,0.0001,0.0003,0.0001,-0.0001,-0.0007
2019-08-16,PLD,-0.0033,0.001,0.0018,0.0001,0.0003,0.0001,0.0009,0.0009
2019-08-16,AMD,0.0076,-0.0082,0.0003,-0.0001,-0.0001,-0.0005,0.0006,-0.0002
2019-08-16,CRM,0.0003,-0.0022,-0.001,0.0001,0.0003,0.0004,-0.0004,-0.0025
2019-08-16,NFLX,0.0475,0.0065,0.001,-0.0001,0.0001,-0.002,-0.0001,0.053
2019-08-16,TER,-0.0006,0.0002,0.0004,0.0013,0.0001,0.0011,0.0001,0.0026
2019-08-16,GLW,-0.0075,-0.0001,-0.0004,0.0001,0.0002,-0.0,0.0004,-0.0073
2019-08-16,JNJ,-0.0087,0.0011,0.0009,0.0001,0.0001,-0.0001,0.0002,-0.0064
2019-08-16,WFC,-0.0014,0.0042,-0.0002,0.0001,0.0003,-0.0,0.0012,0.0043
2019-08-16,MPC,0.0005,0.0059,0.0006,0.0002,0.0001,-0.0004,0.0017,0.0087
2019-08-16,LRCX,-0.0022,-0.0008,-0.0014,0.0001,0.0002,-0.0001,0.0013,-0.003
2019-08-16,AMAT,-0.0009,0.0006,0.0001,0.0001,0.0002,0.0,-0.0004,-0.0003
2019-08-16,PANW,0.0051,-0.0001,-0.0045,0.0001,0.0003,-0.0004,0.001,0.0015
2019-08-16,FN,-0.0064,-0.0088,0.0003,0.0001,0.0001,-0.0,0.0006,-0.0141
2019-08-16,MPWR,-0.0053,-0.0009,-0.0015,0.0001,0.0002,-0.0001,0.001,-0.0065
2019-08-16,BAC,-0.0037,0.0014,0.0005,0.0001,0.0003,-0.0,-0.0,-0.0015
2019-08-16,CSCO,-0.0015,0.0002,0.0008,0.0001,0.0002,0.0001,-0.0008,-0.0009
2019-08-16,INTC,0.0011,0.0006,-0.0003,0.0001,0.0003,0.0002,0.0,0.0019
2019-08-16,ORCL,-0.0054,0.0013,0.0,0.0001,0.0002,0.0001,0.0003,-0.0033
2019-08-16,TSM,-0.0005,0.0006,0.0003,0.0001,0.0002,-0.0001,0.0002,0.001
2020-05-07,AAPL,-0.0009,-0.0005,-0.0002,0.0,-0.0,0.0,0.0,-0.0015
2020-05-07,MSFT,0.002,-0.0017,0.0001,0.0,-0.0,-0.0,-0.0001,0.0002
2020-05-07,GOOGL,0.0023,-0.0009,0.0001,0.0,-0.0,-0.0,-0.0001,0.0014
2020-05-07,AMZN,-0.0005,0.0002,-0.0001,0.0,-0.0,-0.0,0.0,-0.0004
2020-05-07,META,0.0014,-0.001,0.0001,0.0,-0.0,-0.0,-0.0,0.0005
2020-05-07,NVDA,0.0026,-0.0009,0.0003,0.0001,-0.0,0.0,-0.0,0.002
2020-05-07,TSLA,-0.0061,-0.008,-0.003,0.0,-0.0,0.0001,-0.0006,-0.0175
2020-05-07,PLTR,0.0025,-0.0006,0.0001,0.0,-0.0,0.0001,-0.0001,0.002
2020-05-07,AVGO,0.0013,0.0005,-0.0,0.0,0.0,-0.0,-0.0,0.0017
2020-05-07,MU,0.0006,0.0008,-0.0,0.0,0.0,-0.0,0.0,0.0015
2020-05-07,GEV,-0.0002,0.0005,0.0,0.0,-0.0,0.0,0.0,0.0003
2020-05-07,VRT,-0.0009,-0.0045,-0.0004,0.0,-0.0,-0.0001,0.0004,-0.0054
2020-05-07,BE,0.0056,0.0023,0.0005,0.0003,-0.0005,-0.0,-0.0007,0.0075
2020-05-07,LITE,0.0018,-0.0014,-0.0003,0.0,-0.0,-0.0,-0.0003,-0.0002
2020-05-07,000660,0.0004,0.001,0.0001,0.0,-0.0,-0.0,0.0002,0.0016
2020-05-07,005930,-0.0001,-0.0001,-0.0,0.0,-0.0,-0.0,0.0,-0.0002
2020-05-07,UNH,-0.0005,-0.0001,0.0,0.0,-0.0,0.0,0.0,-0.0005
2020-05-07,LLY,0.0021,-0.0009,0.0001,0.0,-0.0,0.0001,-0.0002,0.0013
2020-05-07,ISRG,0.0017,-0.0009,0.0002,0.0,0.0,-0.0001,-0.0001,0.001
2020-05-07,ABBV,0.0036,-0.001,0.0004,0.0,-0.0,-0.0001,0.0024,0.0053
2020-05-07,REGN,0.002,-0.0008,0.0001,0.0,-0.0,-0.0,-0.0003,0.001
2020-05-07,JPM,0.0008,0.0031,-0.0,0.0,0.0,0.0,0.0003,0.0042
2020-05-07,V,0.0014,-0.0003,-0.0,0.0,0.0,-0.0,-0.0,0.0011
2020-05-07,MA,0.001,0.0001,-0.0,0.0,0.0,0.0001,0.0001,0.0012
2020-05-07,BLK,0.0001,0.0004,0.0001,0.0,-0.0,-0.0,0.0,0.0006
2020-05-07,SPGI,0.0021,-0.0009,0.0001,0.0,-0.0,-0.0,-0.0002,0.001
2020-05-07,GS,0.0008,0.001,-0.0001,0.0,0.0,-0.0,-0.0,0.0018
2020-05-07,COST,-0.0003,0.0003,0.0,0.0,-0.0,0.0,-0.0,0.0
2020-05-07,HD,-0.0002,0.0001,0.0,0.0,-0.0,-0.0,0.0,-0.0001
2020-05-07,PG,-0.0003,0.0003,0.0,0.0,-0.0,0.0,-0.0,-0.0001
2020-05-07,MCD,0.001,0.0006,-0.0,0.0,0.0,-0.0,-0.0,0.0015
2020-05-07,WMT,-0.0001,0.0004,-0.0,0.0,-0.0,-0.0,-0.0,0.0002
2020-05-07,CAT,0.0012,0.0009,-0.0006,0.0,0.0,0.0,-0.0001,0.0014
2020-05-07,HON,0.0032,0.0006,-0.0004,0.0,-0.0,-0.0001,-0.0002,0.0032
2020-05-07,DE,0.001,0.0002,-0.0001,0.0,0.0,0.0001,-0.0,0.0011
2020-05-07,UNP,0.0015,-0.0002,0.0001,0.0,-0.0,-0.0,-0.0002,0.0012
2020-05-07,LMT,-0.0006,0.0002,0.0001,0.0,-0.0,-0.0001,0.0008,0.0004
2020-05-07,ETN,0.0018,-0.0003,0.0001,0.0,-0.0,-0.0,-0.0001,0.0016
2020-05-07,XOM,0.0004,0.0024,0.0001,0.0,0.0,-0.0,-0.0001,0.0028
2020-05-07,LNG,0.0085,0.0056,0.0002,0.0,-0.0,0.0002,0.001,0.0155
2020-05-07,FCX,0.0003,-0.0049,-0.0003,0.0,0.0,-0.0001,0.0,-0.0049
2020-05-07,LIN,0.0022,-0.0006,-0.0,0.0,-0.0,-0.0001,0.0005,0.0021
2020-05-07,NEE,0.0017,-0.0012,0.0,0.0,-0.0,-0.0001,-0.0,0.0005
2020-05-07,AMT,0.0018,-0.0016,0.0001,0.0,-0.0,-0.0001,-0.0002,0.0
2020-05-07,EQIX,-0.0005,0.0004,0.0,0.0,-0.0,0.0,0.0,-0.0
2020-05-07,TMUS,0.0007,-0.0003,0.0001,0.0,-0.0,0.0,0.0004,0.0009
2020-05-07,PLD,0.0003,-0.0019,0.0002,0.0001,-0.0,-0.0,0.0001,-0.0011
2020-05-07,AMD,-0.0002,-0.001,0.0003,0.0001,-0.0,0.0004,0.0002,-0.0003
2020-05-07,CRM,-0.0017,0.0002,0.0001,0.0,-0.0,0.0,0.0002,-0.0012
2020-05-07,NFLX,-0.0005,-0.0005,0.0005,0.0001,-0.0,-0.0,0.0004,0.0
2020-05-07,TER,-0.0013,-0.0008,0.0003,0.0001,-0.0,-0.0,0.0001,-0.0016
2020-05-07,GLW,-0.0,0.0029,-0.0,0.0,0.0,0.0,0.0001,0.003
2020-05-07,JNJ,0.0022,-0.0003,0.0002,0.0,-0.0,-0.0001,-0.0002,0.0019
2020-05-07,WFC,0.0004,0.0032,0.0002,0.0,0.0,0.0,0.0003,0.0042
2020-05-07,MPC,0.0225,-0.0009,0.0037,0.0,0.0022,0.0001,0.0,0.0276
2020-05-07,LRCX,0.0035,-0.0045,-0.0005,0.0,-0.0,0.0001,0.0001,-0.0013
2020-05-07,AMAT,0.0043,-0.0047,-0.0005,0.0,-0.0,0.0001,0.0005,-0.0003
2020-05-07,PANW,-0.0001,0.0008,-0.0015,0.0,-0.0,-0.0,0.0002,-0.0007
2020-05-07,FN,-0.0002,0.0002,0.0002,0.0,-0.0,-0.0,-0.0,0.0002
2020-05-07,MPWR,0.0005,-0.0068,0.0003,0.0,-0.0,-0.0001,-0.0001,-0.0062
2020-05-07,BAC,0.001,0.003,-0.0,0.0,0.0,0.0,0.0003,0.0042
2020-05-07,CSCO,0.0009,0.0006,-0.0,0.0,0.0,-0.0,-0.0,0.0015
2020-05-07,INTC,0.0009,-0.0009,0.0002,0.0,-0.0,-0.0,-0.0,0.0001
2020-05-07,ORCL,-0.0002,0.0006,0.0,0.0,-0.0,0.0,0.0003,0.0007
2020-05-07,TSM,-0.001,-0.0013,0.0002,0.0001,-0.0,-0.0,-0.0,-0.0021
2021-01-27,AAPL,0.0153,-0.0005,0.0091,-0.0002,-0.0015,0.0003,0.0016,0.0241
2021-01-27,MSFT,0.0029,-0.001,0.0002,-0.0002,-0.0036,-0.0,0.0015,-0.0003
2021-01-27,GOOGL,0.0085,-0.0013,0.0072,-0.0001,-0.0003,0.0,0.0021,0.0162
2021-01-27,AMZN,0.0044,-0.0013,0.0009,-0.0002,-0.0031,0.0001,0.0028,0.0035
2021-01-27,META,-0.0061,-0.0006,0.0009,-0.0001,-0.0043,-0.0,0.0022,-0.0081
2021-01-27,NVDA,-0.0111,-0.0023,0.0015,-0.0001,-0.0051,0.0005,0.0026,-0.0141
2021-01-27,TSLA,-0.018,0.0012,0.0079,-0.0001,-0.0021,0.0003,-0.0141,-0.0248
2021-01-27,PLTR,-0.0119,-0.0116,0.0563,0.0006,-0.0022,-0.0047,-0.0181,0.0085
2021-01-27,AVGO,0.0011,-0.0032,0.0007,-0.0001,-0.0028,0.0001,-0.004,-0.0081
2021-01-27,MU,0.0072,-0.0044,0.0017,-0.0001,-0.0018,-0.0,-0.0011,0.0015
2021-01-27,GEV,-0.0018,0.0035,0.0014,-0.0002,-0.0038,-0.0008,0.0003,-0.0014
2021-01-27,VRT,0.018,-0.001,-0.0,-0.0002,-0.0014,-0.0001,0.0046,0.0199
2021-01-27,BE,0.0002,0.001,0.0329,-0.0001,-0.0009,-0.0011,-0.0255,0.0065
2021-01-27,LITE,0.0016,-0.0019,0.0024,-0.0002,-0.0018,0.0001,-0.0016,-0.0013
2021-01-27,000660,0.0047,-0.0024,-0.0014,-0.0001,0.0005,-0.0,-0.0033,-0.0021
2021-01-27,005930,0.0024,-0.0024,-0.0048,-0.0001,-0.0009,0.0002,-0.002,-0.0077
2021-01-27,UNH,-0.0025,-0.0005,-0.0016,-0.0002,-0.0031,0.0005,-0.0011,-0.0085
2021-01-27,LLY,0.0006,-0.0,0.0065,-0.0002,-0.0048,-0.0001,-0.0003,0.0017
2021-01-27,ISRG,-0.0035,0.0003,-0.0008,-0.0002,-0.0029,0.0002,0.0019,-0.0049
2021-01-27,ABBV,-0.0055,0.0014,0.0011,-0.0002,-0.0046,-0.0001,0.0012,-0.0068
2021-01-27,REGN,0.0022,0.0021,0.0021,-0.0002,-0.0054,0.0001,0.002,0.0029
2021-01-27,JPM,-0.0,-0.002,0.001,-0.0001,-0.0036,0.0001,-0.0016,-0.0061
2021-01-27,V,-0.002,0.0006,-0.0016,-0.0001,-0.0047,-0.0001,0.003,-0.0049
2021-01-27,MA,0.0011,0.0001,-0.0011,-0.0001,-0.0039,-0.0001,0.0025,-0.0013
2021-01-27,BLK,0.0027,0.002,-0.0009,-0.0001,-0.0035,0.0004,0.0005,0.0009
2021-01-27,SPGI,0.0031,0.0032,0.0017,-0.0002,-0.0049,-0.0001,0.0018,0.0046
2021-01-27,GS,0.0045,-0.0017,-0.0001,-0.0002,-0.0031,0.0002,-0.0016,-0.002
2021-01-27,COST,-0.0024,0.0036,0.001,-0.0002,-0.0025,-0.0002,0.001,0.0003
2021-01-27,HD,-0.0007,0.0044,0.001,-0.0002,-0.0037,-0.0001,0.0007,0.0012
2021-01-27,PG,-0.0068,0.0033,0.001,-0.0002,-0.0044,-0.0002,-0.0012,-0.0085
2021-01-27,MCD,-0.0002,0.0043,0.0004,-0.0002,-0.0035,-0.0001,0.0023,0.003
2021-01-27,WMT,0.005,0.0022,0.0011,-0.0002,-0.0033,-0.0002,0.001,0.0055
2021-01-27,CAT,0.001,-0.0008,-0.0012,-0.0002,-0.004,0.0001,0.0006,-0.0046
2021-01-27,HON,-0.0005,0.0001,0.0009,-0.0002,-0.0033,0.0001,0.0009,-0.0019
2021-01-27,DE,0.0006,-0.0019,0.002,-0.0002,-0.0018,0.0002,-0.0018,-0.0029
2021-01-27,UNP,-0.004,0.0014,0.0004,-0.0002,-0.0029,-0.0001,-0.0002,-0.0056
2021-01-27,LMT,-0.0043,0.0097,0.0011,-0.0002,-0.0036,-0.0005,-0.0002,0.0021
2021-01-27,ETN,-0.0009,0.0007,0.0017,-0.0001,-0.0033,0.0,0.0015,-0.0003
2021-01-27,XOM,-0.0144,-0.004,-0.003,-0.0005,-0.0103,-0.0001,-0.0063,-0.0388
2021-01-27,LNG,-0.0025,-0.0032,-0.0042,-0.0001,-0.0046,-0.0001,0.0005,-0.0143
2021-01-27,FCX,0.0135,-0.0054,0.0018,-0.0001,-0.0007,0.0007,-0.0053,0.0045
2021-01-27,LIN,0.0011,-0.0003,0.0016,-0.0001,-0.002,-0.0001,0.0034,0.0037
2021-01-27,NEE,-0.004,-0.0031,-0.0038,-0.0002,-0.0036,-0.0001,0.0024,-0.0124
2021-01-27,AMT,-0.0002,0.0041,0.0009,-0.0002,-0.0034,-0.0001,0.0029,0.004
2021-01-27,EQIX,0.0004,0.0061,-0.0017,-0.0002,-0.0027,-0.0001,0.0035,0.0053
2021-01-27,TMUS,-0.0092,0.0024,0.0013,-0.0006,-0.0053,-0.0001,0.0018,-0.0096
2021-01-27,PLD,-0.0014,0.0048,-0.0018,-0.0002,-0.0029,0.0001,0.0019,0.0006
2021-01-27,AMD,-0.0087,-0.0031,0.0032,-0.0001,-0.0029,0.0004,0.0058,-0.0055
2021-01-27,CRM,0.0049,-0.0066,0.001,-0.0001,-0.0057,-0.0004,-0.0021,-0.009
2021-01-27,NFLX,0.0039,-0.0026,0.0007,-0.0002,-0.001,0.0001,0.0031,0.004
2021-01-27,TER,0.0026,-0.0038,0.0029,-0.0001,-0.0024,0.0002,0.0007,-0.0
2021-01-27,GLW,0.0105,-0.0025,0.0001,-0.0001,-0.0009,-0.0001,0.0002,0.0074
2021-01-27,JNJ,0.0007,0.0032,-0.0002,-0.0002,-0.0039,-0.0002,-0.0018,-0.0024
2021-01-27,WFC,-0.002,0.0048,0.0063,0.0008,-0.0079,0.0002,0.0004,0.0026
2021-01-27,MPC,-0.0042,-0.0072,-0.0042,-0.0002,-0.0024,0.0001,-0.0048,-0.0228
2021-01-27,LRCX,-0.002,-0.0026,0.0003,-0.0001,-0.0034,0.0001,-0.0014,-0.0091
2021-01-27,AMAT,-0.0013,-0.0014,0.002,-0.0001,-0.003,-0.0002,-0.0019,-0.0058
2021-01-27,PANW,-0.0008,-0.001,0.0088,-0.0001,-0.0049,0.0003,-0.0012,0.001
2021-01-27,FN,0.0017,-0.0016,0.0064,-0.0001,-0.0032,0.0003,0.0008,0.0043
2021-01-27,MPWR,-0.0026,-0.0066,0.0028,-0.0001,-0.0025,0.0007,0.003,-0.0052
2021-01-27,BAC,-0.0032,-0.0025,-0.0008,-0.0001,-0.0057,0.0001,-0.0017,-0.014
2021-01-27,CSCO,-0.0026,0.0026,-0.0035,-0.0002,-0.007,0.0001,-0.0008,-0.0113
2021-01-27,INTC,0.002,0.0051,-0.0044,-0.0002,-0.0047,0.0001,-0.0002,-0.0023
2021-01-27,ORCL,-0.0007,0.0016,-0.0013,-0.0002,-0.0066,-0.0005,-0.0022,-0.0097
2021-01-27,TSM,-0.0067,-0.0019,0.003,-0.0001,-0.0009,0.0003,0.0009,-0.0054
2021-10-19,AAPL,0.0128,-0.0023,0.0026,0.0,0.0011,-0.0014,0.0024,0.0151
2021-10-19,MSFT,0.0092,-0.0035,0.0027,-0.0,0.0019,0.0006,0.0011,0.012
2021-10-19,GOOGL,0.017,-0.004,0.0012,-0.0,0.0004,0.0002,0.005,0.0198
2021-10-19,AMZN,0.0034,-0.0063,-0.0099,0.0001,0.0026,-0.0007,-0.0104,-0.0211
2021-10-19,META,0.0056,0.0067,0.0087,0.0,0.0023,0.0005,0.003,0.0268
2021-10-19,NVDA,-0.0026,-0.0098,0.0043,0.0,-0.001,-0.0025,0.0025,-0.009
2021-10-19,TSLA,0.0106,-0.0091,-0.0015,0.0001,0.001,0.008,0.0044,0.0135
2021-10-19,PLTR,0.0243,-0.0079,0.0155,0.0003,0.0004,0.0001,0.0063,0.039
2021-10-19,AVGO,0.0033,-0.0032,-0.0,-0.0,0.0014,0.0005,-0.0008,0.0013
2021-10-19,MU,-0.0136,-0.0114,0.0038,-0.0001,0.002,-0.0,-0.021,-0.0402
2021-10-19,GEV,0.0021,0.0012,0.0028,0.0001,0.0016,-0.0013,-0.0015,0.0049
2021-10-19,VRT,0.0088,0.0067,0.0027,-0.0,0.0031,0.0016,0.0015,0.0244
2021-10-19,BE,-0.0077,-0.0204,0.01,-0.0001,0.0022,0.0013,-0.0144,-0.0291
2021-10-19,LITE,-0.0058,0.0006,0.0001,0.0001,0.0019,0.0005,-0.0005,-0.0032
2021-10-19,000660,0.0034,0.0093,0.0201,0.0001,0.0042,0.0037,-0.0026,0.0383
2021-10-19,005930,0.0052,0.002,0.0105,0.0001,0.0052,-0.0009,-0.0022,0.0199
2021-10-19,UNH,0.0045,-0.002,0.0001,0.0,0.0012,0.0,0.0009,0.0048
2021-10-19,LLY,0.0018,0.0037,0.001,-0.0,0.0012,-0.0001,0.0007,0.0081
2021-10-19,ISRG,0.0042,-0.0006,0.0041,0.0,0.001,-0.0,0.0027,0.0114
2021-10-19,ABBV,0.0079,0.0086,0.0065,0.0,0.0035,-0.0016,0.0013,0.0263
2021-10-19,REGN,0.0111,0.0229,0.0121,0.0,0.0025,0.0012,0.0141,0.064
2021-10-19,JPM,0.0005,-0.0035,0.0032,-0.0002,0.0019,0.0002,-0.0069,-0.0047
2021-10-19,V,0.0019,-0.0005,0.0017,-0.0,0.0012,0.0002,0.0036,0.008
2021-10-19,MA,0.0036,-0.0018,0.0053,-0.0,0.0036,0.0024,0.0037,0.0168
2021-10-19,BLK,0.0067,-0.0011,0.002,0.0,0.0013,0.0011,-0.0004,0.0096
2021-10-19,SPGI,0.0075,-0.0045,0.0025,0.0,0.0011,0.0,0.0015,0.0081
2021-10-19,GS,0.0003,-0.0115,0.0033,-0.0002,0.0018,0.0001,-0.01,-0.0163
2021-10-19,COST,0.0067,-0.0004,0.0023,-0.0,0.0012,0.0011,0.0013,0.0123
2021-10-19,HD,0.0027,0.0012,0.0011,0.0,0.0016,-0.0014,0.0024,0.0075
2021-10-19,PG,0.0014,0.0059,-0.0004,0.0,0.0013,-0.0014,0.0012,0.0081
2021-10-19,MCD,0.0022,-0.0005,0.0033,0.0,0.001,-0.001,0.0069,0.012
2021-10-19,WMT,0.015,0.0043,0.002,0.0,0.0017,0.0006,0.0025,0.0261
2021-10-19,CAT,0.0047,-0.0,0.0018,0.0,0.0011,-0.0002,0.0006,0.008
2021-10-19,HON,0.0047,-0.0001,0.0012,0.0,0.0009,-0.0015,0.0022,0.0073
2021-10-19,DE,0.0047,0.0069,0.0066,-0.0,0.0026,0.0007,0.0016,0.0231
2021-10-19,UNP,0.0032,0.0022,-0.0016,0.0,0.0009,-0.0,-0.0022,0.0024
2021-10-19,LMT,0.0063,0.0053,-0.0044,0.0,0.0017,-0.0013,-0.0098,-0.002
2021-10-19,ETN,0.0091,-0.0021,-0.0004,0.0,0.0008,-0.0003,0.0026,0.0097
2021-10-19,XOM,0.0156,-0.0127,0.0024,0.0,0.0015,0.0006,-0.0005,0.007
2021-10-19,LNG,0.0303,-0.0152,-0.0007,-0.0,-0.0005,0.0001,0.0057,0.0197
2021-10-19,FCX,0.0024,-0.0249,-0.003,-0.0001,-0.0003,-0.0017,-0.0114,-0.0389
2021-10-19,LIN,0.0027,-0.0032,0.0022,0.0,0.001,0.0,0.0006,0.0033
2021-10-19,NEE,0.0077,0.0086,-0.0018,-0.0001,0.0012,0.0009,0.0008,0.0172
2021-10-19,AMT,0.0061,0.0137,0.0066,0.0,0.0026,-0.0012,0.0026,0.0304
2021-10-19,EQIX,-0.001,0.0163,-0.0008,0.0001,0.0017,0.0003,-0.002,0.0146
2021-10-19,TMUS,0.0056,0.0169,0.0084,0.0,0.0028,-0.0004,0.0017,0.0351
2021-10-19,PLD,0.0021,0.0028,-0.0004,-0.0002,0.0015,0.0004,-0.0058,0.0003
2021-10-19,AMD,0.007,-0.0042,0.0002,0.0,0.0007,0.0019,0.0024,0.008
2021-10-19,CRM,0.0024,0.0042,0.0039,-0.0,0.0009,-0.0002,0.003,0.0142
2021-10-19,NFLX,0.0046,0.0023,-0.0015,-0.0002,0.0011,-0.0,-0.0011,0.0051
2021-10-19,TER,0.0071,-0.0076,0.0071,-0.0,0.0039,0.0022,0.0013,0.014
2021-10-19,GLW,0.0089,0.0076,0.0072,0.0001,0.0026,-0.0009,0.0011,0.0265
2021-10-19,JNJ,0.0063,0.0085,0.0053,0.0,0.0032,-0.0011,-0.0005,0.0217
2021-10-19,WFC,0.0099,-0.0093,0.003,-0.0002,0.0002,-0.0013,-0.0076,-0.0053
2021-10-19,MPC,0.0064,-0.0072,-0.0018,-0.0,0.0009,0.0013,0.0063,0.0057
2021-10-19,LRCX,0.0087,-0.0032,0.0099,-0.0,0.0031,0.0039,0.0014,0.0237
2021-10-19,AMAT,-0.0009,-0.0047,0.0093,-0.0001,0.0029,0.0056,-0.0008,0.0112
2021-10-19,PANW,0.0108,0.0128,0.0011,-0.0003,0.0005,0.0038,-0.0047,0.0239
2021-10-19,FN,0.0061,-0.0086,0.0038,0.0,0.0013,0.0011,0.0002,0.0039
2021-10-19,MPWR,-0.007,-0.0026,0.0012,-0.0003,0.0008,-0.0026,-0.0026,-0.0132
2021-10-19,BAC,0.0028,-0.0046,-0.0005,-0.0002,0.001,0.0002,-0.0038,-0.005
2021-10-19,CSCO,0.0039,-0.0046,0.0023,0.0,0.0019,-0.0001,0.0004,0.0038
2021-10-19,INTC,0.0045,-0.0005,-0.001,0.0001,0.0026,-0.0007,-0.006,-0.0011
2021-10-19,ORCL,0.0139,-0.0026,0.0001,0.0002,0.0018,0.0001,-0.0057,0.0078
2021-10-19,TSM,0.0027,0.0027,0.0057,0.0,0.0043,-0.0005,0.0031,0.018
2022-07-11,AAPL,-0.0056,-0.0062,0.0019,0.0001,-0.0094,-0.0038,0.0024,-0.0205
2022-07-11,MSFT,-0.0096,-0.0071,-0.0028,0.0001,-0.0072,-0.0023,0.0015,-0.0275
2022-07-11,GOOGL,-0.0073,-0.0062,-0.0091,0.0001,-0.0066,-0.0027,-0.0001,-0.0318
2022-07-11,AMZN,0.0013,-0.0083,-0.0052,0.0005,-0.0003,0.0013,0.0006,-0.0101
2022-07-11,META,0.0027,0.0264,-0.0006,0.0005,0.0004,0.0016,0.0037,0.0346
2022-07-11,NVDA,-0.0069,-0.0093,0.0008,0.0006,-0.0131,0.0029,0.0052,-0.0196
2022-07-11,TSLA,0.0271,0.0001,0.0036,0.0003,-0.0007,0.0074,0.0031,0.041
2022-07-11,PLTR,0.0414,0.0006,0.0287,0.0002,0.0007,0.0007,0.0054,0.0777
2022-07-11,AVGO,0.0045,-0.0014,-0.006,0.0001,-0.0015,0.0001,0.0027,-0.0016
2022-07-11,MU,0.0035,-0.0043,0.0058,0.0001,0.0016,-0.0018,-0.0073,-0.0025
2022-07-11,GEV,-0.0015,0.003,-0.0004,0.0001,0.0019,0.0018,0.0002,0.0051
2022-07-11,VRT,0.0063,0.0017,-0.0015,0.0006,-0.0,0.004,0.0031,0.0142
2022-07-11,BE,0.0031,-0.0337,-0.0078,0.0001,0.0012,-0.0007,-0.0052,-0.043
2022-07-11,LITE,0.0091,-0.0027,0.0033,0.0001,-0.0009,0.0001,-0.0015,0.0074
2022-07-11,000660,0.019,0.0161,0.0003,0.0002,0.0042,-0.0022,-0.003,0.0346
2022-07-11,005930,0.0107,0.0163,-0.0028,0.0001,0.0043,-0.0019,-0.0045,0.0223
2022-07-11,UNH,-0.0,-0.002,0.0012,0.0001,0.0016,-0.0002,0.0056,0.0063
2022-07-11,LLY,-0.0024,-0.0047,0.0013,0.0004,0.0046,0.0009,0.0008,0.0008
2022-07-11,ISRG,0.0064,0.0054,0.0026,0.0002,-0.0001,-0.0002,0.004,0.0183
2022-07-11,ABBV,0.0035,-0.0017,-0.0002,0.0002,0.0029,0.0001,-0.0005,0.0043
2022-07-11,REGN,-0.0008,0.0023,-0.0,0.0002,0.0035,-0.0012,-0.001,0.0031
2022-07-11,JPM,-0.0001,0.0006,-0.0036,0.0002,-0.0002,-0.0009,-0.0004,-0.0043
2022-07-11,V,0.0013,-0.0018,0.0039,0.0001,0.0008,-0.0001,0.0019,0.0061
2022-07-11,MA,0.0063,-0.0019,0.0071,0.0001,0.0003,-0.0008,0.0019,0.013
2022-07-11,BLK,-0.0022,0.0004,-0.0029,0.0001,0.0001,-0.0013,-0.0046,-0.0103
2022-07-11,SPGI,0.0037,-0.001,-0.0038,0.0001,0.0009,-0.0018,0.0045,0.0025
2022-07-11,GS,-0.0017,-0.0022,0.0001,0.0002,-0.0019,-0.0008,-0.0017,-0.0081
2022-07-11,COST,0.0018,-0.0056,0.0054,0.0001,0.0014,-0.0016,0.0024,0.0039
2022-07-11,HD,-0.0006,0.0029,-0.0031,0.0001,0.0021,0.0013,0.0,0.0027
2022-07-11,PG,-0.0007,-0.0016,0.0006,0.0001,0.0027,-0.0005,0.0012,0.0019
2022-07-11,MCD,-0.0061,0.0002,0.0022,0.0001,0.0022,0.001,0.0015,0.0011
2022-07-11,WMT,0.0032,0.0097,-0.0024,0.0002,0.002,-0.0019,-0.0002,0.0106
2022-07-11,CAT,-0.0006,-0.0005,0.0018,0.0002,0.0007,-0.0009,0.0006,0.0014
2022-07-11,HON,0.0026,0.0027,0.0017,0.0001,0.0015,-0.0001,-0.0005,0.008
2022-07-11,DE,0.0004,-0.0013,0.0026,0.0001,0.0009,-0.001,0.0006,0.0025
2022-07-11,UNP,0.0018,-0.002,-0.0003,0.0001,0.0031,-0.0012,0.0011,0.0026
2022-07-11,LMT,-0.0029,0.0044,-0.0023,0.0001,0.0039,-0.0004,0.0039,0.0068
2022-07-11,ETN,0.0019,0.0033,0.0007,0.0001,0.002,-0.0017,0.0007,0.007
2022-07-11,XOM,0.0343,-0.0085,0.0033,0.0004,0.002,-0.0017,-0.0008,0.0289
2022-07-11,LNG,0.0492,-0.0084,0.0037,0.0001,0.0022,-0.0027,-0.0104,0.0337
2022-07-11,FCX,-0.0064,-0.006,-0.0011,0.0003,0.0013,0.0016,-0.0133,-0.0237
2022-07-11,LIN,0.0042,-0.0043,0.0004,0.0002,0.0011,-0.0008,0.0012,0.002
2022-07-11,NEE,0.0206,-0.0061,0.0042,0.0002,0.0002,-0.0012,0.001,0.0189
2022-07-11,AMT,0.0027,0.0057,0.0007,-0.0002,0.0055,-0.0002,-0.0011,0.0132
2022-07-11,EQIX,0.0087,-0.0021,-0.0001,0.0,0.001,-0.0014,-0.001,0.0051
2022-07-11,TMUS,-0.0009,-0.0047,0.0029,0.0001,0.0008,0.0003,0.0015,-0.0001
2022-07-11,PLD,0.0076,-0.0039,0.0027,0.0001,-0.0013,-0.0008,0.0048,0.0091
2022-07-11,AMD,-0.0009,-0.007,0.0051,0.0006,-0.0007,-0.0002,0.0028,-0.0003
2022-07-11,CRM,0.0061,0.0001,-0.0032,0.0001,0.0013,0.0016,0.0033,0.0093
2022-07-11,NFLX,0.0048,-0.0015,0.0179,-0.0003,0.0007,0.0037,-0.0064,0.0189
2022-07-11,TER,0.0027,-0.0069,0.0011,0.0003,-0.001,-0.0014,0.0,-0.0051
2022-07-11,GLW,0.0055,-0.0013,0.0003,0.0002,0.0001,-0.0008,-0.0007,0.0033
2022-07-11,JNJ,-0.0009,0.0003,-0.0015,0.0003,0.0024,0.0016,0.002,0.004
2022-07-11,WFC,0.0033,-0.003,0.0049,0.0002,-0.0009,-0.0008,-0.0001,0.0035
2022-07-11,MPC,0.058,-0.0104,0.0005,0.0003,-0.0001,-0.0016,0.0017,0.0484
2022-07-11,LRCX,0.0051,-0.0018,-0.0008,0.0001,-0.0009,-0.0016,0.0007,0.0008
2022-07-11,AMAT,0.0055,0.0003,-0.0041,0.0004,-0.0007,0.0009,-0.0039,-0.0017
2022-07-11,PANW,0.0203,-0.0058,0.006,0.0001,0.0001,0.0011,0.0044,0.0262
2022-07-11,FN,0.0111,-0.0015,-0.0003,0.0001,0.0002,-0.0018,-0.0014,0.0064
2022-07-11,MPWR,0.0055,-0.0103,-0.0169,0.0001,-0.0018,-0.0011,0.005,-0.0195
2022-07-11,BAC,0.0016,-0.0027,0.005,0.0001,-0.0012,-0.0008,0.0007,0.0026
2022-07-11,CSCO,0.0045,0.006,-0.0072,0.0002,0.002,-0.0018,-0.001,0.0027
2022-07-11,INTC,0.0288,0.0027,0.0117,0.0002,0.002,-0.0001,0.0012,0.0466
2022-07-11,ORCL,-0.0028,-0.0009,-0.0013,0.0001,0.0003,-0.0012,-0.0005,-0.0064
2022-07-11,TSM,0.027,0.0031,0.0034,0.0001,-0.0013,-0.0011,0.0026,0.0339
2023-03-31,AAPL,-0.0028,-0.0014,-0.0,-0.0,-0.0,0.0,0.0001,-0.0042
2023-03-31,MSFT,-0.0027,-0.0016,-0.0001,-0.0,-0.0,0.0,0.0001,-0.0043
2023-03-31,GOOGL,0.0001,-0.0012,-0.0001,-0.0,-0.0,0.0,0.0001,-0.0011
2023-03-31,AMZN,-0.0026,-0.0007,0.0,-0.0,-0.0,0.0,0.0001,-0.0032
2023-03-31,META,-0.0027,-0.0022,0.0002,-0.0,-0.0,0.0,-0.0005,-0.0053
2023-03-31,NVDA,-0.0063,0.0164,-0.0012,-0.0,-0.0,0.0013,-0.0015,0.0087
2023-03-31,TSLA,-0.0001,-0.0012,-0.0002,-0.0,-0.0,-0.0,-0.0003,-0.0018
2023-03-31,PLTR,0.0007,-0.0029,-0.0049,-0.0006,-0.0,0.0001,0.0001,-0.0076
2023-03-31,AVGO,-0.0028,-0.0015,-0.0001,-0.0,-0.0,0.0,0.0001,-0.0043
2023-03-31,MU,0.0054,-0.0057,-0.0013,-0.0,-0.0,-0.0,-0.0007,-0.0024
2023-03-31,GEV,-0.0032,0.0019,-0.0,-0.0,-0.0001,0.0,0.0,-0.0015
2023-03-31,VRT,0.0079,-0.0017,-0.0004,0.0004,-0.0,0.0,-0.0,0.0062
2023-03-31,BE,-0.0035,-0.0031,0.0027,-0.0,-0.0,0.0,-0.0009,-0.0049
2023-03-31,LITE,-0.0036,0.0231,-0.0013,-0.0,-0.0,0.0023,0.0004,0.021
2023-03-31,000660,0.0013,0.0006,-0.0001,-0.0,-0.0001,-0.0,-0.0003,0.0013
2023-03-31,005930,-0.0005,0.0019,-0.0002,-0.0,-0.0001,-0.0,-0.0,0.0011
2023-03-31,UNH,-0.0032,0.0022,-0.0001,-0.0,-0.0001,0.0,0.0,-0.0011
2023-03-31,LLY,-0.0033,0.0016,-0.0001,-0.0,-0.0,0.0,-0.0001,-0.0019
2023-03-31,ISRG,0.0001,-0.0012,-0.0,-0.0,-0.0,0.0,0.0001,-0.0011
2023-03-31,ABBV,-0.0033,0.0015,-0.0001,-0.0,-0.0001,-0.0,0.0,-0.0019
2023-03-31,REGN,-0.0031,0.0001,-0.0001,-0.0,-0.0001,-0.0,0.0,-0.0032
2023-03-31,JPM,-0.003,0.0001,-0.0001,-0.0,-0.0001,0.0,0.0,-0.003
2023-03-31,V,-0.0002,0.0002,-0.0001,-0.0,-0.0,0.0,-0.0001,-0.0003
2023-03-31,MA,0.0005,0.0005,-0.0002,-0.0,-0.0,0.0,-0.0,0.0006
2023-03-31,BLK,-0.0028,-0.0015,-0.0,-0.0,-0.0,0.0,0.0001,-0.0043
2023-03-31,SPGI,0.0006,-0.0013,-0.0,-0.0,-0.0,0.0,0.0,-0.0008
2023-03-31,GS,-0.0013,0.0006,-0.0002,-0.0,-0.0001,-0.0,0.0,-0.0009
2023-03-31,COST,-0.0002,0.0006,-0.0001,-0.0,-0.0001,-0.0,0.0,0.0002
2023-03-31,HD,-0.003,-0.0002,-0.0005,-0.0,-0.0,-0.0,0.0,-0.0038
2023-03-31,PG,-0.0002,0.0005,-0.0001,-0.0,-0.0001,0.0,0.0,0.0002
2023-03-31,MCD,-0.0031,0.0003,-0.0001,-0.0,-0.0,0.0,-0.0,-0.003
2023-03-31,WMT,0.0014,0.0012,-0.0004,-0.0,-0.0001,-0.0,0.0,0.0021
2023-03-31,CAT,-0.0015,0.0006,-0.0001,-0.0,-0.0,0.0,-0.0,-0.001
2023-03-31,HON,-0.003,0.0001,-0.0001,-0.0,-0.0001,-0.0,0.0,-0.003
2023-03-31,DE,-0.0006,-0.0,-0.0,-0.0,-0.0001,0.0,0.0,-0.0007
2023-03-31,UNP,0.0002,-0.0006,-0.0001,-0.0,-0.0,0.0,0.0001,-0.0004
2023-03-31,LMT,-0.0003,0.0015,-0.0002,-0.0,-0.0001,0.0,0.0,0.001
2023-03-31,ETN,-0.003,-0.0012,0.0,-0.0,-0.0,0.0,0.0,-0.0042
2023-03-31,XOM,-0.0004,0.0001,-0.0001,-0.0,-0.0001,0.0,0.0,-0.0005
2023-03-31,LNG,0.0196,0.0003,-0.001,0.0003,-0.0,-0.0,0.0091,0.0283
2023-03-31,FCX,-0.0001,-0.001,-0.0001,-0.0,-0.0,0.0,0.0,-0.0013
2023-03-31,LIN,-0.0007,0.0001,-0.0001,-0.0,-0.0001,0.0,0.0,-0.0007
2023-03-31,NEE,0.0031,0.0009,-0.0002,0.0,-0.0,0.0,-0.0001,0.0037
2023-03-31,AMT,-0.0027,-0.0005,-0.0001,-0.0,-0.0,0.0,0.0,-0.0033
2023-03-31,EQIX,-0.0022,-0.0019,-0.0007,-0.0,-0.0,0.0,-0.0002,-0.005
2023-03-31,TMUS,0.0004,0.0019,-0.0001,-0.0,-0.0001,0.0,0.0001,0.0023
2023-03-31,PLD,-0.0027,-0.0004,-0.0001,-0.0,-0.0,0.0,-0.0,-0.0033
2023-03-31,AMD,-0.0027,-0.0018,-0.0001,-0.0,-0.0,-0.0,-0.0004,-0.0052
2023-03-31,CRM,0.008,-0.0016,-0.0005,0.0004,-0.0,0.0,0.0004,0.0067
2023-03-31,NFLX,-0.0022,-0.0021,-0.0001,-0.0,-0.0,0.0,-0.0,-0.0044
2023-03-31,TER,0.0001,-0.0017,-0.0,-0.0,-0.0,-0.0,0.0,-0.0017
2023-03-31,GLW,0.0028,-0.0002,-0.0001,-0.0,-0.0,-0.0,-0.0003,0.0022
2023-03-31,JNJ,-0.0031,0.0014,-0.0001,-0.0,-0.0001,0.0,0.0001,-0.0017
2023-03-31,WFC,-0.0048,0.0002,0.0025,-0.0,-0.0,0.0,0.0,-0.0022
2023-03-31,MPC,0.0073,-0.0004,-0.0004,0.0003,-0.0,0.0,0.0001,0.007
2023-03-31,LRCX,0.0001,-0.0018,-0.0001,-0.0,-0.0,0.0,0.0,-0.0017
2023-03-31,AMAT,0.0001,-0.0017,-0.0001,-0.0,-0.0,0.0,0.0001,-0.0017
2023-03-31,PANW,0.002,-0.0002,0.0003,-0.0,-0.0,0.0,0.0,0.0021
2023-03-31,FN,-0.0031,0.0001,-0.0,-0.0,-0.0,0.0,-0.0,-0.0032
2023-03-31,MPWR,-0.003,-0.0016,0.0003,-0.0,-0.0,0.0,-0.0001,-0.0043
2023-03-31,BAC,-0.0051,0.0004,0.0025,-0.0,-0.0,0.0,0.0,-0.0022
2023-03-31,CSCO,-0.0031,0.0001,-0.0001,-0.0,-0.0,0.0,-0.0001,-0.0032
2023-03-31,INTC,-0.0,-0.0012,-0.0052,-0.0006,-0.0,-0.0,-0.0012,-0.0082
2023-03-31,ORCL,-0.0004,0.0001,-0.0002,-0.0,-0.0001,0.0,0.0,-0.0005
2023-03-31,TSM,-0.0017,-0.0013,-0.0,-0.0,-0.0,0.0,0.0001,-0.003
2023-12-21,AAPL,-0.0014,-0.0002,0.0001,0.0,-0.0,-0.0,-0.0002,-0.0017
2023-12-21,MSFT,-0.001,-0.0002,0.0001,0.0,-0.0,-0.0,-0.0002,-0.0013
2023-12-21,GOOGL,-0.0009,-0.0001,0.0,0.0,-0.0,-0.0,0.0001,-0.0008
2023-12-21,AMZN,0.0017,-0.0004,-0.0001,0.0,-0.0,-0.0,0.0003,0.0015
2023-12-21,META,0.0004,-0.0004,-0.0001,0.0,-0.0,-0.0,-0.0002,-0.0003
2023-12-21,NVDA,-0.0008,-0.0005,0.0009,0.0,-0.0,-0.0,0.0002,-0.0002
2023-12-21,TSLA,-0.0008,-0.0004,0.0,0.0,-0.0,-0.0,0.0001,-0.001
2023-12-21,PLTR,0.0023,-0.0003,-0.0012,0.0,-0.0,0.0001,0.0002,0.0011
2023-12-21,AVGO,-0.0014,-0.0007,-0.0001,0.0,-0.0,0.0001,-0.0008,-0.0029
2023-12-21,MU,0.0004,-0.0003,-0.0001,0.0,-0.0,-0.0,0.0055,0.0054
2023-12-21,GEV,-0.0019,0.0006,0.0007,0.0,-0.0,0.0001,-0.0,-0.0005
2023-12-21,VRT,-0.001,0.0062,-0.0001,0.0,-0.0,0.0001,-0.0024,0.0028
2023-12-21,BE,-0.0013,-0.0002,0.0007,0.0,-0.0,-0.0001,0.0,-0.0008
2023-12-21,LITE,-0.0005,-0.0005,0.0001,0.0,-0.0,-0.0,-0.0009,-0.0018
2023-12-21,000660,0.0004,-0.0001,-0.0001,0.0,-0.0,-0.0,0.0033,0.0035
2023-12-21,005930,-0.0003,0.0004,-0.0001,0.0,-0.0,-0.0,-0.0003,-0.0003
2023-12-21,UNH,-0.0011,0.0006,0.0,0.0,-0.0,-0.0,0.0001,-0.0005
2023-12-21,LLY,-0.0015,-0.0001,0.0,0.0,-0.0,-0.0,-0.0002,-0.0017
2023-12-21,ISRG,-0.0011,-0.0004,0.0001,0.0,-0.0,-0.0,0.0001,-0.0014
2023-12-21,ABBV,-0.0013,0.0,-0.0,0.0,-0.0,-0.0,-0.0001,-0.0014
2023-12-21,REGN,-0.0007,-0.0001,0.0,0.0,-0.0,-0.0,-0.0001,-0.001
2023-12-21,JPM,-0.0007,-0.0002,0.0001,0.0,-0.0,-0.0,0.0001,-0.0008
2023-12-21,V,-0.0007,-0.0002,0.0,0.0,-0.0,-0.0,0.0001,-0.0008
2023-12-21,MA,-0.0007,-0.0002,0.0,0.0,-0.0,-0.0,0.0001,-0.0008
2023-12-21,BLK,-0.0011,-0.0004,0.0001,0.0,-0.0,-0.0,-0.0001,-0.0016
2023-12-21,SPGI,-0.0007,-0.0004,0.0,0.0,-0.0,-0.0,-0.0001,-0.0012
2023-12-21,GS,0.0002,-0.0006,-0.0,0.0,-0.0,-0.0,-0.001,-0.0014
2023-12-21,COST,-0.0011,0.0001,0.0001,0.0,-0.0,-0.0,-0.0004,-0.0013
2023-12-21,HD,-0.0014,-0.0004,0.0,0.0,-0.0,-0.0,-0.0001,-0.0019
2023-12-21,PG,0.0002,0.0004,-0.0001,0.0,-0.0,-0.0,0.0001,0.0006
2023-12-21,MCD,-0.0012,-0.0002,0.0,0.0,-0.0,-0.0,0.0002,-0.0012
2023-12-21,WMT,-0.0007,-0.0001,-0.0001,0.0,-0.0,0.0001,0.0001,-0.0007
2023-12-21,CAT,-0.0007,-0.0004,-0.0,0.0,-0.0,-0.0,0.0002,-0.0009
2023-12-21,HON,-0.0011,0.0001,0.0,0.0,-0.0,-0.0,0.0001,-0.0009
2023-12-21,DE,-0.0011,0.0001,0.0,0.0,-0.0,-0.0,0.0002,-0.0009
2023-12-21,UNP,-0.0006,-0.0001,0.0,0.0,-0.0,-0.0,-0.0002,-0.001
2023-12-21,LMT,-0.0006,0.0007,-0.0001,0.0,-0.0,-0.0,-0.0001,-0.0001
2023-12-21,ETN,-0.0011,-0.0004,0.0,0.0,-0.0,-0.0,-0.0001,-0.0016
2023-12-21,XOM,-0.0007,0.0001,-0.0001,0.0,-0.0,0.0001,0.0001,-0.0005
2023-12-21,LNG,-0.0013,-0.0002,0.0,0.0,-0.0,-0.0,-0.0002,-0.0017
2023-12-21,FCX,-0.0014,-0.0007,0.0,0.0,-0.0,-0.0,-0.0008,-0.0029
2023-12-21,LIN,-0.0011,-0.0001,0.0001,0.0,-0.0,-0.0,-0.0002,-0.0013
2023-12-21,NEE,-0.0012,0.0,0.0,0.0,-0.0,-0.0,0.0002,-0.001
2023-12-21,AMT,-0.0011,0.0,0.0001,0.0,-0.0,-0.0,0.0001,-0.0009
2023-12-21,EQIX,-0.0012,-0.0001,0.0,0.0,-0.0,-0.0,0.0001,-0.0012
2023-12-21,TMUS,-0.0012,-0.0002,0.0001,0.0,-0.0,-0.0,0.0002,-0.0012
2023-12-21,PLD,-0.0015,-0.0004,0.0,0.0,-0.0,-0.0,-0.0001,-0.0019
2023-12-21,AMD,0.0006,-0.0004,-0.0002,0.0,-0.0,0.0001,-0.0002,-0.0002
2023-12-21,CRM,-0.0007,-0.0003,-0.0001,0.0,-0.0,0.0001,0.0001,-0.0009
2023-12-21,NFLX,0.0,-0.0001,0.0,0.0,-0.0,-0.0,0.0001,-0.0
2023-12-21,TER,-0.0014,-0.0004,0.0,0.0,-0.0,-0.0,-0.0001,-0.0019
2023-12-21,GLW,-0.0005,0.0,0.0001,0.0,-0.0,-0.0,0.0,-0.0004
2023-12-21,JNJ,-0.001,-0.0,-0.0,0.0,-0.0,-0.0,0.0002,-0.0009
2023-12-21,WFC,-0.0007,-0.0004,0.0,0.0,-0.0,-0.0,0.0002,-0.0009
2023-12-21,MPC,0.0005,0.0001,-0.0001,0.0,-0.0,-0.0,0.0002,0.0007
2023-12-21,LRCX,-0.0014,-0.0007,0.0,0.0,-0.0,-0.0,-0.0008,-0.0029
2023-12-21,AMAT,-0.0014,-0.0004,0.0,0.0,-0.0,-0.0,-0.0001,-0.0019
2023-12-21,PANW,-0.0007,-0.0004,0.0,0.0,-0.0,-0.0,0.0002,-0.0009
2023-12-21,FN,-0.0014,-0.0007,0.0001,0.0,-0.0,-0.0,-0.0008,-0.0029
2023-12-21,MPWR,-0.0006,-0.0004,0.0,0.0,-0.0,-0.0,-0.0001,-0.0012
2023-12-21,BAC,-0.0015,-0.0002,0.0,0.0,-0.0,-0.0,0.0002,-0.0015
2023-12-21,CSCO,-0.0012,0.0002,-0.0001,0.0,-0.0,0.0001,0.0001,-0.0009
2023-12-21,INTC,0.0018,-0.0004,-0.0012,0.0,-0.0,-0.0,-0.0003,-0.0001
2023-12-21,ORCL,-0.0006,-0.0002,-0.0,0.0,-0.0,-0.0,-0.0001,-0.001
2023-12-21,TSM,-0.0008,-0.0004,0.0,0.0,-0.0,-0.0,0.0002,-0.001
