date,sector_Communication,port_sector_Communication,bm_sector_Communication,sector_Consumer Disc.,port_sector_Consumer Disc.,bm_sector_Consumer Disc.,sector_Consumer Staples,port_sector_Consumer Staples,bm_sector_Consumer Staples,sector_Energy,port_sector_Energy,bm_sector_Energy,sector_Financials,port_sector_Financials,bm_sector_Financials,sector_Healthcare,port_sector_Healthcare,bm_sector_Healthcare,sector_Industrials,port_sector_Industrials,bm_sector_Industrials,sector_Materials,port_sector_Materials,bm_sector_Materials,sector_Other,port_sector_Other,bm_sector_Other,sector_Real Estate,port_sector_Real Estate,bm_sector_Real Estate,sector_Semiconductors,port_sector_Semiconductors,bm_sector_Semiconductors,sector_Technology,port_sector_Technology,bm_sector_Technology,sector_Utilities,port_sector_Utilities,bm_sector_Utilities,style_Cyclical,port_style_Cyclical,bm_style_Cyclical,style_Defensive,port_style_Defensive,bm_style_Defensive,style_GARP,port_style_GARP,bm_style_GARP,style_Growth,port_style_Growth,bm_style_Growth,style_Other,port_style_Other,bm_style_Other,style_Quality,port_style_Quality,bm_style_Quality,style_Quality Growth,port_style_Quality Growth,bm_style_Quality Growth,style_Value,port_style_Value,bm_style_Value,dominant_ow_sector,dominant_uw_sector,dominant_ow_style,dominant_uw_style
2018-11-26,0.009544,0.138337,0.128794,0.001432,0.117381,0.11595,-0.001725,0.058316,0.060041,-0.000512,0.037852,0.038364,0.001979,0.133691,0.131711,-0.002379,0.095024,0.097403,-0.002249,0.046452,0.0487,-0.000484,0.009733,0.010217,-0.001395,0.104572,0.105967,-0.000839,0.013541,0.014381,-0.001962,0.058716,0.060678,-0.001032,0.178349,0.179381,-0.000378,0.008034,0.008412,-0.002878,0.061058,0.063935,-0.00363,0.122481,0.126111,-0.000574,0.018592,0.019166,0.010251,0.14881,0.138559,-0.001395,0.104572,0.105967,0.005951,0.095335,0.089384,-0.000474,0.341279,0.341753,-0.00725,0.107874,0.115124,Communication,Healthcare,Growth,Value
2018-12-25,0.009043,0.14313,0.134087,0.000234,0.114697,0.114463,-0.002292,0.059638,0.06193,-0.001249,0.035762,0.037011,0.000493,0.129097,0.128604,-0.003953,0.094988,0.098941,0.00616,0.055366,0.049206,-0.000896,0.009879,0.010776,-0.001735,0.103907,0.105642,-0.001469,0.013256,0.014725,0.006382,0.065254,0.058872,-0.010131,0.166577,0.176708,-0.000586,0.008449,0.009035,-0.003805,0.058968,0.062773,-0.005049,0.123771,0.12882,-0.001015,0.019642,0.020656,0.025594,0.16245,0.136856,-0.001735,0.103907,0.105642,0.004196,0.09464,0.090445,-0.009743,0.333763,0.343506,-0.008443,0.102858,0.111301,Communication,Technology,Growth,Quality Growth
2019-01-23,-0.000427,0.135824,0.136251,0.017054,0.136371,0.119317,-0.002312,0.059361,0.061673,-0.001235,0.035001,0.036236,-0.005726,0.123571,0.129296,-0.015798,0.080604,0.096402,0.00731,0.056991,0.049682,-0.000821,0.009712,0.010533,-0.001338,0.105414,0.106753,-0.00126,0.013153,0.014413,0.002982,0.061391,0.058409,0.002099,0.174571,0.172472,-0.000528,0.008036,0.008563,-0.007264,0.054727,0.061991,-0.004955,0.120131,0.125086,-0.000915,0.019644,0.020558,0.041133,0.187632,0.146499,-0.001338,0.105414,0.106753,0.004186,0.095639,0.091453,-0.016964,0.321076,0.33804,-0.013884,0.095737,0.109621,Consumer Disc.,Healthcare,Growth,Quality Growth
2019-02-21,-0.000567,0.137163,0.13773,0.01465,0.129751,0.115101,-0.013836,0.046726,0.060562,-0.001106,0.036286,0.037393,0.003535,0.130091,0.126556,-0.017538,0.075288,0.092826,0.017651,0.068082,0.050431,-0.000792,0.009964,0.010757,-0.003261,0.10397,0.10723,-0.001411,0.013709,0.01512,-0.006247,0.056138,0.062385,0.009495,0.184871,0.175376,-0.000573,0.00796,0.008533,-0.00785,0.057385,0.065235,-0.016633,0.107035,0.123668,-0.000879,0.02011,0.020989,0.042946,0.186659,0.143713,-0.003261,0.10397,0.10723,0.015206,0.107423,0.092217,-0.016774,0.323268,0.340041,-0.012756,0.09415,0.106906,Industrials,Healthcare,Growth,Quality Growth
2019-03-22,-0.000976,0.140556,0.141532,0.037119,0.15475,0.117631,-0.013802,0.045939,0.05974,-0.016489,0.020546,0.037036,0.002258,0.124619,0.122361,-0.03353,0.055451,0.088981,0.023059,0.070429,0.04737,-0.000982,0.009338,0.01032,-0.002575,0.101456,0.104032,-0.005468,0.010237,0.015706,-0.006921,0.05529,0.062211,0.018927,0.20341,0.184483,-0.000619,0.007979,0.008598,-0.008591,0.053147,0.061738,-0.03606,0.085275,0.121335,-0.00102,0.019358,0.020378,0.071176,0.219819,0.148643,-0.002575,0.101456,0.104032,0.013523,0.100377,0.086854,-0.009324,0.346272,0.355596,-0.027128,0.074295,0.101423,Consumer Disc.,Healthcare,Growth,Defensive
2019-04-22,-0.002718,0.140273,0.142991,0.03495,0.154254,0.119304,-0.018441,0.04051,0.058951,-0.016581,0.019634,0.036215,0.002873,0.126686,0.123814,-0.021312,0.059373,0.080685,0.026527,0.075187,0.04866,-0.001246,0.009245,0.010491,-0.007803,0.100453,0.108256,-0.005508,0.009539,0.015047,-0.020585,0.040673,0.061258,0.030579,0.216837,0.186259,-0.000736,0.007334,0.00807,-0.017889,0.042554,0.060443,-0.046611,0.071936,0.118546,-0.005678,0.014137,0.019815,0.0834,0.230187,0.146787,-0.007803,0.100453,0.108256,0.030761,0.115882,0.085121,-0.009504,0.350327,0.359831,-0.026676,0.074524,0.1012,Consumer Disc.,Healthcare,Growth,Defensive
2019-05-21,-0.001976,0.140284,0.14226,0.018324,0.139143,0.120818,-0.021994,0.03927,0.061263,-0.022197,0.012282,0.034479,0.006671,0.13523,0.128559,-0.023797,0.061371,0.085168,0.029005,0.078111,0.049105,-0.000878,0.009842,0.01072,-0.010926,0.090409,0.101335,-0.007386,0.008995,0.016382,0.000377,0.056523,0.056146,0.035485,0.220495,0.18501,-0.000708,0.008046,0.008754,0.00325,0.058845,0.055595,-0.057242,0.067374,0.124616,-0.005095,0.014099,0.019195,0.07187,0.21854,0.14667,-0.010926,0.090409,0.101335,0.041436,0.130502,0.089065,-0.010854,0.351086,0.36194,-0.032439,0.069145,0.101584,Technology,Healthcare,Growth,Defensive
2019-06-19,-0.00821,0.128911,0.13712,-0.000393,0.122186,0.122579,-0.021864,0.04152,0.063384,-0.021012,0.012107,0.033119,0.008179,0.135169,0.126989,-0.017459,0.066197,0.083656,0.02909,0.078045,0.048955,-0.000608,0.010626,0.011234,-0.01004,0.089155,0.099195,-0.007378,0.00982,0.017199,0.012282,0.068529,0.056246,0.037949,0.229402,0.191453,-0.000535,0.008334,0.00887,0.015703,0.072015,0.056312,-0.056563,0.070395,0.126958,-0.004669,0.014315,0.018985,0.054392,0.201135,0.146743,-0.01004,0.089155,0.099195,0.047869,0.13772,0.089851,-0.016235,0.34817,0.364405,-0.030456,0.067095,0.097551,Technology,Consumer Staples,Growth,Defensive
2019-07-18,0.0,0.137554,0.137554,0.0,0.123752,0.123752,0.0,0.064631,0.064631,0.0,0.032307,0.032307,0.0,0.128946,0.128946,0.0,0.078411,0.078411,0.0,0.048038,0.048038,0.0,0.011044,0.011044,0.0,0.101463,0.101463,0.0,0.016463,0.016463,0.0,0.05863,0.05863,0.0,0.189895,0.189895,0.0,0.008865,0.008865,0.0,0.057752,0.057752,0.0,0.124397,0.124397,0.0,0.018757,0.018757,0.0,0.145454,0.145454,0.0,0.101463,0.101463,0.0,0.089638,0.089638,0.0,0.367487,0.367487,0.0,0.095052,0.095052,Communication,Communication,Cyclical,Cyclical
2019-08-16,0.019918,0.159684,0.139766,-0.00265,0.116782,0.119432,-0.013356,0.053917,0.067273,0.000181,0.030564,0.030384,9.1e-05,0.129083,0.128993,0.017157,0.096215,0.079058,-0.003047,0.044794,0.047841,-2.9e-05,0.010431,0.01046,-7.1e-05,0.095469,0.095541,-0.004521,0.013543,0.018063,-0.008744,0.049255,0.057999,-0.004875,0.190859,0.195734,-5.5e-05,0.009402,0.009458,-0.006732,0.048992,0.055724,-0.017828,0.113098,0.130925,-0.004942,0.013935,0.018878,0.015872,0.157359,0.141486,-7.1e-05,0.095469,0.095541,0.016922,0.105532,0.088611,-0.003524,0.373304,0.376827,0.000303,0.092311,0.092008,Communication,Consumer Staples,Quality,Defensive
2019-09-16,0.026861,0.165292,0.138431,-0.002117,0.115858,0.117975,-0.018258,0.047839,0.066097,-0.000168,0.031628,0.031796,-0.000665,0.12889,0.129555,0.015311,0.091132,0.075821,0.00744,0.055744,0.048303,-0.003749,0.006498,0.010247,-0.006123,0.092742,0.098865,-0.004646,0.01268,0.017326,-0.007663,0.053363,0.061026,-0.005902,0.189318,0.19522,-0.000319,0.009017,0.009337,-0.009605,0.049564,0.059169,-0.022879,0.103244,0.126122,-0.007351,0.011364,0.018716,0.043041,0.182337,0.139296,-0.006123,0.092742,0.098865,0.007545,0.095037,0.087492,-0.004209,0.368922,0.373131,-0.000419,0.09679,0.097209,Communication,Consumer Staples,Growth,Defensive
2019-10-15,0.032721,0.169871,0.13715,-0.002237,0.112764,0.115001,-0.017732,0.04808,0.065812,-0.000398,0.029911,0.030309,-0.000801,0.127473,0.128274,0.008016,0.084377,0.076361,0.006486,0.053202,0.046716,-0.003979,0.006294,0.010272,-0.022788,0.076479,0.099266,-0.006971,0.010734,0.017706,0.010424,0.0726,0.062177,-0.002343,0.19904,0.201383,-0.0004,0.009174,0.009574,-0.013786,0.046319,0.060105,-0.02466,0.101011,0.125671,-0.007528,0.011124,0.018652,0.069774,0.205881,0.136107,-0.022788,0.076479,0.099266,0.004357,0.091426,0.087068,-0.00027,0.378645,0.378915,-0.0051,0.089115,0.094215,Communication,Other,Growth,Defensive
2019-11-13,0.028822,0.16458,0.135758,-0.004141,0.106664,0.110805,-0.018829,0.04573,0.064559,-0.001065,0.027842,0.028907,-0.007119,0.119781,0.126901,0.005297,0.081959,0.076663,0.017543,0.065124,0.047581,-0.004479,0.006088,0.010567,-0.024083,0.076402,0.100485,-0.007001,0.009296,0.016297,0.019666,0.083977,0.06431,-0.003894,0.204031,0.207926,-0.000717,0.008525,0.009242,-0.00773,0.053194,0.060924,-0.026557,0.093844,0.120401,-0.008522,0.010508,0.01903,0.08023,0.214849,0.134619,-0.024083,0.076402,0.100485,0.001647,0.089275,0.087628,-0.003856,0.378129,0.381985,-0.01113,0.083799,0.09493,Communication,Other,Growth,Defensive
2019-12-12,0.03261,0.168943,0.136333,-0.004479,0.101955,0.106434,-0.019519,0.043674,0.063193,-0.001562,0.026815,0.028378,-0.034027,0.094687,0.128714,0.005409,0.085978,0.080569,0.020965,0.067152,0.046186,-0.004723,0.005924,0.010647,-0.031598,0.069066,0.100664,-0.00718,0.008776,0.015956,0.050231,0.115385,0.065154,-0.005267,0.203264,0.208531,-0.000859,0.008382,0.009241,0.01874,0.078907,0.060168,-0.027607,0.092492,0.120099,-0.009039,0.009953,0.018992,0.09185,0.226089,0.134238,-0.031598,0.069066,0.100664,0.002121,0.088006,0.085885,-0.022472,0.361271,0.383743,-0.021994,0.074217,0.096211,Semiconductors,Financials,Growth,Other
2020-01-10,0.027,0.166846,0.139846,-0.006116,0.103067,0.109183,-0.019168,0.040066,0.059233,-0.002177,0.024561,0.026738,-0.038428,0.087195,0.125623,-0.010052,0.069627,0.079679,0.022967,0.067756,0.044789,-0.006806,0.003265,0.010071,-0.032451,0.063527,0.095978,-0.007333,0.008894,0.016227,0.066617,0.133558,0.06694,0.010809,0.227351,0.216542,-0.004862,0.004287,0.00915,0.020263,0.081958,0.061695,-0.04601,0.070452,0.116462,-0.010249,0.007314,0.017562,0.106341,0.24602,0.139679,-0.032451,0.063527,0.095978,-0.001767,0.082444,0.084211,-0.010712,0.383105,0.393816,-0.025417,0.06518,0.090597,Semiconductors,Financials,Growth,Defensive
2020-02-10,-0.008213,0.129544,0.137757,-0.007829,0.111228,0.119057,-0.018144,0.03882,0.056964,0.03887,0.061104,0.022234,-0.035591,0.086595,0.122186,-0.010545,0.067278,0.077823,-0.014677,0.028653,0.04333,-0.006373,0.003404,0.009777,-0.030028,0.063049,0.093078,-0.007578,0.009415,0.016993,0.09473,0.160384,0.065654,0.010304,0.235717,0.225413,-0.004928,0.004807,0.009735,0.037403,0.095401,0.057998,-0.044574,0.070027,0.114601,-0.009897,0.007687,0.017585,0.043127,0.193578,0.150451,-0.030028,0.063049,0.093078,-0.00265,0.080529,0.083179,-0.011542,0.389118,0.40066,0.018159,0.100608,0.082449,Semiconductors,Financials,Growth,Defensive
2020-03-10,-0.002513,0.133394,0.135907,-0.008904,0.113312,0.122217,-0.019475,0.045521,0.064996,0.032917,0.05107,0.018153,0.001903,0.114608,0.112705,-0.009416,0.076057,0.085473,-0.012264,0.03029,0.042555,-0.005409,0.003572,0.008981,-0.03026,0.057502,0.087762,-0.009727,0.008855,0.018583,0.058639,0.126571,0.067933,0.012083,0.236322,0.224239,-0.007572,0.002926,0.010498,0.000157,0.05831,0.058153,-0.049472,0.076167,0.125639,-0.009592,0.009726,0.019318,0.043665,0.199654,0.155989,-0.03026,0.057502,0.087762,0.010089,0.09553,0.085441,-0.004699,0.392199,0.396898,0.040112,0.110912,0.0708,Semiconductors,Other,Growth,Defensive
2020-04-08,0.014966,0.151558,0.136593,-0.006628,0.118213,0.124842,-0.018384,0.046993,0.065377,0.049039,0.067055,0.018016,-0.006082,0.102455,0.108537,-0.008607,0.077195,0.085802,-0.011659,0.030469,0.042127,-0.005453,0.004044,0.009497,-0.039567,0.051018,0.090584,-0.009798,0.010093,0.019891,0.054921,0.120856,0.065936,-0.005863,0.217162,0.223025,-0.006887,0.002887,0.009774,0.010638,0.065728,0.05509,-0.047926,0.07745,0.125377,-0.012055,0.010824,0.022879,0.069767,0.234347,0.16458,-0.039567,0.051018,0.090584,0.003221,0.085396,0.082175,-0.022094,0.370027,0.392121,0.038016,0.10521,0.067195,Semiconductors,Other,Growth,Defensive
2020-05-07,0.017568,0.164585,0.147017,-0.008883,0.126931,0.135814,-0.016347,0.043953,0.0603,0.06783,0.085175,0.017345,-0.007124,0.094445,0.10157,0.015161,0.099136,0.083975,-0.008625,0.029592,0.038217,-0.004608,0.004151,0.008759,-0.035987,0.048473,0.08446,-0.008047,0.010175,0.018223,0.017183,0.080562,0.06338,-0.022228,0.20997,0.232198,-0.005893,0.00285,0.008743,0.026198,0.076274,0.050077,-0.042923,0.073762,0.116686,-0.011299,0.011602,0.022901,0.033427,0.210166,0.176739,-0.035987,0.048473,0.08446,0.004996,0.086769,0.081772,-0.038914,0.367306,0.40622,0.064503,0.125648,0.061145,Energy,Other,Value,Defensive
2020-06-05,0.010537,0.153501,0.142964,-0.010228,0.123504,0.133732,-0.016046,0.040788,0.056834,0.071023,0.090402,0.019379,-0.006492,0.100909,0.107401,0.020059,0.102358,0.082298,-5.5e-05,0.04109,0.041145,-0.00504,0.00464,0.009679,-0.034866,0.051287,0.086153,-0.008131,0.010167,0.018298,0.005835,0.073289,0.067454,-0.020495,0.205036,0.225531,-0.006102,0.003029,0.009131,0.023358,0.077474,0.054116,-0.033691,0.078442,0.112133,-0.005102,0.017842,0.022945,0.041439,0.212603,0.171164,-0.034866,0.051287,0.086153,-0.011279,0.073969,0.085248,-0.039292,0.359369,0.398661,0.059432,0.129013,0.069581,Energy,Other,Value,Quality Growth
2020-07-06,0.014812,0.15825,0.143439,-0.014761,0.137788,0.152549,-0.014358,0.039705,0.054062,0.050846,0.066473,0.015626,0.009244,0.105303,0.096059,0.000731,0.07955,0.078819,0.010782,0.047161,0.036378,-0.004402,0.005116,0.009518,-0.030292,0.049753,0.080045,-0.006464,0.011263,0.017726,0.009262,0.075402,0.06614,-0.020227,0.220983,0.24121,-0.005174,0.003254,0.008428,-0.012763,0.038602,0.051364,-0.029311,0.07494,0.104252,-0.003543,0.019117,0.02266,0.045518,0.241356,0.195838,-0.030292,0.049753,0.080045,-0.008415,0.070601,0.079016,-0.036775,0.371292,0.408067,0.075581,0.13434,0.058759,Energy,Other,Value,Quality Growth
2020-08-04,0.014299,0.152031,0.137732,-0.001511,0.150581,0.152092,-0.015001,0.041828,0.056829,0.048002,0.062739,0.014736,-0.000467,0.090788,0.091256,-0.001684,0.074032,0.075716,0.005143,0.040855,0.035712,-0.005262,0.004517,0.009779,-0.033863,0.046961,0.080824,-0.006381,0.011293,0.017674,0.006425,0.075892,0.069467,-0.00388,0.245015,0.248895,-0.005819,0.003468,0.009287,-0.016999,0.034086,0.051084,-0.035299,0.071201,0.1065,-0.005661,0.01648,0.022141,0.067692,0.265336,0.197644,-0.033863,0.046961,0.080824,-0.020687,0.057649,0.078336,-0.025288,0.383217,0.408505,0.070104,0.125071,0.054967,Energy,Other,Value,Defensive
2020-09-02,0.0,0.144862,0.144862,0.0,0.158667,0.158667,0.0,0.055368,0.055368,0.0,0.012079,0.012079,0.0,0.090069,0.090069,0.0,0.070058,0.070058,0.0,0.03599,0.03599,0.0,0.009582,0.009582,0.0,0.073727,0.073727,0.0,0.015758,0.015758,0.0,0.067145,0.067145,0.0,0.258262,0.258262,0.0,0.008433,0.008433,0.0,0.046088,0.046088,0.0,0.101589,0.101589,0.0,0.02168,0.02168,0.0,0.208229,0.208229,0.0,0.073727,0.073727,0.0,0.075733,0.075733,0.0,0.423311,0.423311,0.0,0.049642,0.049642,Communication,Communication,Cyclical,Cyclical
2020-10-01,-0.003837,0.133648,0.137485,-4.8e-05,0.159521,0.159569,-5.2e-05,0.058204,0.058256,-0.003823,0.007044,0.010867,-0.009417,0.082046,0.091463,-8e-06,0.07172,0.071728,-0.003179,0.034438,0.037617,-1.9e-05,0.009253,0.009272,0.00012,0.077136,0.077016,-0.002553,0.013626,0.016179,-0.009387,0.062163,0.07155,0.032215,0.282353,0.250138,-1.2e-05,0.008849,0.008861,-0.000287,0.049884,0.050171,-0.002645,0.103317,0.105963,-0.003906,0.018672,0.022578,0.023106,0.231967,0.208861,0.00012,0.077136,0.077016,-0.003125,0.074759,0.077885,-0.009395,0.398933,0.408328,-0.003868,0.045332,0.049199,Technology,Financials,Growth,Quality Growth
2020-10-30,-0.004435,0.142091,0.146525,0.007687,0.164026,0.156339,-0.000738,0.058867,0.059605,-0.004665,0.006654,0.01132,-0.009909,0.077808,0.087717,-0.001559,0.069502,0.071062,-0.00536,0.033186,0.038546,-0.000514,0.008909,0.009423,-0.000778,0.075619,0.076397,-0.00332,0.012889,0.016209,-0.012438,0.059724,0.072162,0.036316,0.281416,0.2451,-0.000285,0.00931,0.009595,-0.004406,0.048959,0.053365,-0.004447,0.102328,0.106775,-0.004637,0.017767,0.022405,0.034918,0.237147,0.202229,-0.000778,0.075619,0.076397,-0.005364,0.073047,0.078411,-0.010031,0.399887,0.409918,-0.005255,0.045246,0.050501,Technology,Semiconductors,Growth,Quality Growth
2020-11-30,-0.004409,0.137981,0.14239,0.02392,0.180107,0.156187,-0.00107,0.056267,0.057337,0.012189,0.024308,0.012118,-0.011917,0.081355,0.093272,-0.00053,0.069733,0.070263,-0.002722,0.03684,0.039562,0.00013,0.010292,0.010163,-0.00076,0.077715,0.078475,-0.002131,0.012389,0.01452,-0.010399,0.066501,0.0769,-0.002302,0.23781,0.240112,1e-06,0.008701,0.0087,0.015145,0.073627,0.058482,-0.003468,0.097258,0.100726,-0.004105,0.018977,0.023082,0.015733,0.219695,0.203962,-0.00076,0.077715,0.078475,-0.00417,0.074261,0.07843,-0.014267,0.387382,0.401649,-0.004107,0.051086,0.055193,Consumer Disc.,Financials,Growth,Quality Growth
2020-12-29,0.015764,0.152418,0.136653,0.033012,0.190686,0.157674,-0.000993,0.051691,0.052684,0.008774,0.021194,0.01242,-0.029931,0.064516,0.094447,-0.000957,0.069564,0.070521,-0.005825,0.032002,0.037827,-5.7e-05,0.009826,0.009883,-0.012081,0.067691,0.079772,-0.002064,0.011448,0.013512,-0.002268,0.076376,0.078644,-0.003305,0.244175,0.24748,-7e-05,0.008413,0.008482,0.009421,0.070841,0.061421,-0.003648,0.091783,0.095431,-0.004096,0.018402,0.022498,0.055099,0.260203,0.205104,-0.012081,0.067691,0.079772,-0.004398,0.070077,0.074475,-0.029162,0.376357,0.40552,-0.011135,0.044646,0.055781,Consumer Disc.,Financials,Growth,Quality Growth
2021-01-27,0.015689,0.149519,0.13383,0.000177,0.161764,0.161587,-6e-05,0.049191,0.04925,-0.007039,0.006118,0.013157,-0.024214,0.063919,0.088133,-0.001713,0.069965,0.071678,0.03099,0.06717,0.03618,0.000799,0.010001,0.009202,-0.010949,0.072025,0.082974,-0.000799,0.012906,0.013705,-0.005305,0.075217,0.080522,0.002422,0.25342,0.250998,2e-06,0.008785,0.008783,0.011472,0.075675,0.064202,-0.001697,0.091731,0.093427,-0.002698,0.019043,0.02174,0.036709,0.247313,0.210604,-0.010949,0.072025,0.082974,-0.001476,0.069373,0.070849,-0.021502,0.378778,0.40028,-0.009859,0.046064,0.055923,Industrials,Financials,Growth,Quality Growth
2021-02-25,0.016225,0.156644,0.140419,0.000374,0.148958,0.148584,0.000683,0.047804,0.047121,-0.010612,0.005733,0.016345,-0.024417,0.074261,0.098679,0.01766,0.088978,0.071318,0.014691,0.054822,0.040131,-0.000205,0.010046,0.010251,-0.010818,0.079329,0.090147,-0.00235,0.01088,0.01323,-0.015716,0.068683,0.084399,0.014483,0.245647,0.231164,4e-06,0.008215,0.008212,-0.004418,0.066763,0.071181,-0.000527,0.090606,0.091133,0.008333,0.030137,0.021804,0.047555,0.245677,0.198122,-0.010818,0.079329,0.090147,-0.006098,0.06523,0.071328,-0.019891,0.369818,0.389709,-0.014137,0.052439,0.066576,Healthcare,Financials,Growth,Quality Growth
2021-03-26,-0.003227,0.138696,0.141923,0.014876,0.160877,0.146001,0.001195,0.049567,0.048372,-0.010348,0.006273,0.01662,-0.021973,0.077645,0.099618,0.028462,0.100329,0.071867,-0.008434,0.033239,0.041673,-0.000331,0.010507,0.010838,-0.012197,0.078224,0.090421,-0.002148,0.011662,0.01381,-0.014896,0.06643,0.081326,0.029014,0.258475,0.229461,8e-06,0.008078,0.00807,-0.003009,0.066417,0.069426,-0.00083,0.091982,0.092812,0.020538,0.042821,0.022283,0.031493,0.21864,0.187148,-0.012197,0.078224,0.090421,-0.006767,0.071883,0.07865,-0.016188,0.376108,0.392297,-0.01304,0.053925,0.066965,Technology,Financials,Growth,Quality Growth
2021-04-26,-0.005087,0.140455,0.145543,-0.009746,0.142843,0.152589,-7.5e-05,0.045136,0.045212,0.015203,0.030196,0.014994,-0.022394,0.074655,0.097049,0.026146,0.095479,0.069333,-0.008287,0.031056,0.039344,-0.000491,0.010294,0.010785,-0.015305,0.069624,0.084928,-0.003935,0.009765,0.0137,-0.016406,0.065044,0.08145,0.040449,0.277602,0.237153,-7.1e-05,0.00785,0.007921,0.001748,0.068995,0.067247,-0.001289,0.085955,0.087244,0.018374,0.039686,0.021312,0.009267,0.205818,0.196551,-0.015305,0.069624,0.084928,-0.006802,0.069723,0.076525,-0.018406,0.384932,0.403339,0.012412,0.075267,0.062855,Technology,Financials,GARP,Quality Growth
2021-05-25,-0.019414,0.133917,0.153331,-0.018502,0.125087,0.143589,-9.5e-05,0.047657,0.047752,0.016423,0.032548,0.016125,-0.02234,0.077498,0.099838,0.021364,0.094012,0.072648,0.007528,0.047439,0.039912,0.015578,0.026928,0.01135,-0.015692,0.070073,0.085765,-0.004296,0.009911,0.014207,-0.016663,0.0632,0.079864,0.036216,0.264284,0.228068,-0.000107,0.007445,0.007552,0.015533,0.082005,0.066472,-0.001484,0.089127,0.090611,0.018193,0.039773,0.02158,0.011498,0.1995,0.188002,-0.015692,0.070073,0.085765,-0.009861,0.068894,0.078755,-0.031683,0.369988,0.401671,0.013496,0.08064,0.067144,Technology,Financials,GARP,Quality Growth
2021-06-23,-0.018929,0.13635,0.155279,-0.019839,0.128502,0.148341,0.001095,0.046016,0.044921,0.018837,0.035913,0.017076,-0.018237,0.077982,0.096219,-0.005998,0.064204,0.070202,0.025027,0.062562,0.037535,0.027606,0.037933,0.010328,-0.012217,0.06999,0.082207,-0.002313,0.012189,0.014502,-0.012892,0.069144,0.082036,0.017277,0.251283,0.234006,0.000584,0.007931,0.007347,0.042938,0.105802,0.062864,0.002335,0.08799,0.085654,-0.010169,0.011724,0.021893,-0.005492,0.194089,0.199581,-0.012217,0.06999,0.082207,-0.005596,0.069354,0.07495,-0.030275,0.378128,0.408402,0.018475,0.082924,0.064448,Materials,Consumer Disc.,Cyclical,Quality Growth
2021-07-22,-0.017442,0.137665,0.155107,-0.013478,0.13316,0.146638,0.001745,0.046824,0.045078,0.016017,0.030654,0.014637,-0.019085,0.075383,0.094467,-0.009557,0.06188,0.071437,0.026711,0.063463,0.036752,0.025294,0.035299,0.010005,-0.012058,0.068483,0.080542,-0.002055,0.012595,0.01465,-0.012494,0.067298,0.079793,0.016397,0.259958,0.243561,5e-06,0.007338,0.007333,0.049549,0.108979,0.059429,0.00696,0.092512,0.085552,-0.009578,0.011956,0.021533,-0.012099,0.18539,0.197489,-0.012058,0.068483,0.080542,-0.008108,0.066889,0.074997,-0.029034,0.390319,0.419353,0.014368,0.075472,0.061104,Industrials,Financials,Cyclical,Quality Growth
2021-08-20,-0.01388,0.145504,0.159384,-0.01911,0.118763,0.137873,0.001411,0.049127,0.047715,0.028416,0.042027,0.013611,0.000664,0.09317,0.092506,-0.010796,0.064308,0.075105,-0.005544,0.030587,0.036131,0.032225,0.042453,0.010228,-0.019836,0.058356,0.078192,-0.003923,0.011153,0.015075,-0.008645,0.068797,0.077442,0.019015,0.267508,0.248493,2e-06,0.008248,0.008245,0.051324,0.105817,0.054493,0.003575,0.092605,0.08903,-0.008189,0.013384,0.021574,-0.042261,0.15147,0.19373,-0.019836,0.058356,0.078192,-0.005592,0.070757,0.076349,-0.021514,0.404225,0.425739,0.042493,0.103386,0.060893,Materials,Other,Cyclical,Growth
2021-09-20,-0.021569,0.139402,0.160972,-0.026195,0.119638,0.145832,0.001502,0.048048,0.046546,0.029402,0.043467,0.014065,-0.001887,0.088479,0.090366,-0.009426,0.060512,0.069938,-0.005861,0.028324,0.034185,0.031049,0.040977,0.009927,-0.030161,0.049214,0.079375,-0.003794,0.011335,0.01513,-0.016823,0.064117,0.08094,0.033691,0.278518,0.244827,0.020072,0.02797,0.007898,0.047101,0.1034,0.056299,0.024313,0.110131,0.085818,-0.011008,0.010135,0.021143,-0.031336,0.171366,0.202702,-0.030161,0.049214,0.079375,-0.006801,0.067527,0.074328,-0.032166,0.388316,0.420482,0.040058,0.099911,0.059852,Technology,Other,Cyclical,Quality Growth
2021-10-19,-0.000822,0.155516,0.156338,0.000627,0.15061,0.149983,0.001135,0.046104,0.04497,0.032386,0.048427,0.016041,-0.019712,0.07329,0.093003,-0.003224,0.064556,0.067781,-0.007254,0.027485,0.03474,-6.7e-05,0.010185,0.010252,-0.031496,0.049621,0.081118,-0.003632,0.010565,0.014197,-0.017623,0.060261,0.077885,0.030514,0.276592,0.246079,0.019171,0.026787,0.007616,0.013927,0.066722,0.052795,0.022408,0.104964,0.082556,-0.004096,0.015644,0.019739,-0.007021,0.201432,0.208453,-0.031496,0.049621,0.081118,-0.01033,0.064901,0.07523,-0.01248,0.404434,0.416913,0.029088,0.092283,0.063194,Energy,Other,Value,Other
2021-11-17,0.000442,0.152603,0.152161,-0.006804,0.151044,0.157848,0.001968,0.046372,0.044403,0.013274,0.028521,0.015248,-0.015173,0.069381,0.084553,-0.000536,0.067498,0.068034,-0.004388,0.029098,0.033486,1e-05,0.010237,0.010228,-0.027251,0.049546,0.076797,-0.002173,0.011519,0.013691,-0.018461,0.068986,0.087446,0.039157,0.287492,0.248335,0.019934,0.027704,0.00777,0.016154,0.068786,0.052632,0.025561,0.1047,0.079139,-0.002182,0.018113,0.020295,-0.008774,0.215514,0.224288,-0.027251,0.049546,0.076797,-0.007473,0.068457,0.075931,-0.006778,0.404271,0.411049,0.010742,0.070613,0.05987,Technology,Other,Defensive,Other
2021-12-16,0.001755,0.149025,0.14727,-0.017175,0.129874,0.147049,0.002964,0.049548,0.046584,0.026046,0.040665,0.014619,-0.014291,0.070573,0.084864,-0.00728,0.065222,0.072502,-0.002744,0.030452,0.033196,1e-05,0.010389,0.010379,-0.02727,0.049858,0.077128,-0.001733,0.012953,0.014686,-0.018587,0.07022,0.088808,0.058294,0.313045,0.254752,1e-05,0.008175,0.008165,0.015789,0.070541,0.054752,0.008239,0.091466,0.083226,-0.01025,0.011137,0.021386,0.000185,0.207218,0.207033,-0.02727,0.049858,0.077128,-0.007111,0.071312,0.078423,-0.003508,0.41449,0.417999,0.023926,0.083977,0.060052,Technology,Other,Value,Other
2022-01-14,0.002138,0.144994,0.142855,-0.035615,0.113339,0.148954,0.002967,0.048936,0.045969,0.02896,0.046171,0.01721,-0.014988,0.071148,0.086137,-0.011898,0.057732,0.06963,0.007962,0.042929,0.034966,-6e-06,0.010529,0.010535,-0.027808,0.055808,0.083616,-0.001606,0.011907,0.013513,-0.011569,0.077437,0.089005,0.061463,0.311658,0.250194,-1e-06,0.007413,0.007414,0.025402,0.08409,0.058688,-0.001528,0.080391,0.081919,-0.009753,0.010591,0.020344,-0.002895,0.201379,0.204274,-0.027808,0.055808,0.083616,-0.007149,0.067996,0.075145,-0.002676,0.40959,0.412266,0.026406,0.090154,0.063748,Technology,Consumer Disc.,Value,Other
2022-02-14,-0.00491,0.127006,0.131916,-0.004636,0.143079,0.147715,0.002506,0.04972,0.047214,0.000848,0.020898,0.020051,-0.014061,0.076365,0.090426,-0.011219,0.063027,0.074246,0.008889,0.04411,0.035221,9e-06,0.010285,0.010276,-0.0252,0.054133,0.079333,-0.000652,0.012831,0.013482,-0.011357,0.07443,0.085787,0.059778,0.31697,0.257192,5e-06,0.007146,0.007141,0.009978,0.067758,0.05778,-0.00091,0.083213,0.084123,-0.011748,0.010762,0.02251,0.04696,0.245038,0.198078,-0.0252,0.054133,0.079333,-0.005135,0.070819,0.075954,-0.012763,0.400601,0.413364,-0.001182,0.067677,0.068859,Technology,Other,Growth,Other
2022-03-15,-0.003742,0.125122,0.128864,-0.004986,0.139093,0.144079,3.9e-05,0.050941,0.050903,0.001419,0.021714,0.020295,-0.013373,0.073497,0.08687,-0.010684,0.07233,0.083014,0.003646,0.041914,0.038269,1.9e-05,0.010837,0.010819,-0.022743,0.052863,0.075606,-0.000233,0.014296,0.014529,-0.005611,0.080039,0.08565,0.056241,0.309192,0.252951,9e-06,0.00816,0.00815,0.00679,0.062413,0.055623,-0.001976,0.088631,0.090607,-0.011581,0.012329,0.02391,0.045735,0.244945,0.19921,-0.022743,0.052863,0.075606,-0.005154,0.076674,0.081829,-0.01097,0.394809,0.405779,-0.0001,0.067336,0.067436,Technology,Other,Growth,Other
2022-04-13,-0.005558,0.122006,0.127564,-0.01386,0.138897,0.152757,-0.00034,0.051947,0.052287,0.009845,0.031718,0.021873,-0.015039,0.06884,0.083878,-0.011952,0.072108,0.08406,0.010132,0.047238,0.037106,-0.000134,0.011163,0.011297,-0.021842,0.049104,0.070945,-0.000514,0.0146,0.015114,-0.006941,0.072919,0.07986,0.056328,0.311619,0.255291,-0.000128,0.007842,0.007969,0.021351,0.075537,0.054186,-0.002856,0.088541,0.091397,-0.011705,0.012079,0.023784,0.037608,0.244339,0.206731,-0.021842,0.049104,0.070945,-0.005661,0.074283,0.079945,-0.015199,0.392038,0.407236,-0.001696,0.06408,0.065776,Technology,Other,Growth,Other
2022-05-12,-0.010633,0.116273,0.126907,-0.013356,0.118304,0.13166,-1.6e-05,0.055884,0.0559,0.021395,0.046749,0.025354,-0.015071,0.072472,0.087543,-0.012484,0.078938,0.091422,0.029354,0.069561,0.040207,-1.6e-05,0.011392,0.011409,-0.022659,0.051138,0.073796,-0.002041,0.012385,0.014426,-0.020208,0.059717,0.079925,0.045784,0.299606,0.253822,-4.9e-05,0.00758,0.007629,0.040869,0.098108,0.057239,-0.003028,0.097443,0.100471,-0.01282,0.01317,0.02599,0.030631,0.206544,0.175913,-0.022659,0.051138,0.073796,-0.005083,0.078305,0.083387,-0.026554,0.384,0.410554,-0.001357,0.071293,0.07265,Technology,Other,Cyclical,Quality Growth
2022-06-10,-0.010098,0.11543,0.125529,-0.022042,0.110646,0.132689,-0.000202,0.050302,0.050503,0.031851,0.061497,0.029646,-0.015659,0.074299,0.089957,-0.01279,0.077975,0.090764,0.038255,0.077921,0.039667,3e-06,0.012311,0.012308,-0.021073,0.050519,0.071591,0.007777,0.023003,0.015226,-0.019998,0.061314,0.081312,0.023974,0.276217,0.252244,1e-06,0.008565,0.008564,0.056814,0.114781,0.057967,-0.00332,0.093404,0.096724,-0.012549,0.013006,0.025555,0.007255,0.188835,0.18158,-0.021073,0.050519,0.071591,0.005182,0.089214,0.084032,-0.030812,0.376163,0.406974,-0.001497,0.074079,0.075576,Industrials,Consumer Disc.,Cyclical,Quality Growth
2022-07-11,-0.037986,0.089175,0.127161,-0.015946,0.118648,0.134594,0.000457,0.05294,0.052482,0.033068,0.058155,0.025087,-0.014716,0.074358,0.089073,-0.012537,0.083852,0.096389,0.023646,0.060407,0.036761,8e-06,0.01021,0.010202,0.003364,0.071353,0.067989,0.008975,0.024552,0.015577,-0.018903,0.052733,0.071635,0.030336,0.294296,0.26396,0.000233,0.009322,0.009088,0.056657,0.106865,0.050208,-0.002209,0.097622,0.099831,-0.011596,0.013139,0.024736,0.005741,0.18613,0.180388,0.003364,0.071353,0.067989,0.00581,0.090189,0.084378,-0.05732,0.363482,0.420803,-0.000447,0.071219,0.071666,Energy,Communication,Cyclical,Quality Growth
2022-08-09,-0.006318,0.114395,0.120714,-0.029347,0.11973,0.149077,0.000157,0.050094,0.049937,0.034552,0.059139,0.024587,-0.013997,0.073268,0.087264,-0.011044,0.076199,0.087244,-0.004696,0.032387,0.037083,-3e-06,0.010273,0.010276,0.001276,0.06773,0.066454,0.009188,0.024821,0.015633,-0.019344,0.054151,0.073495,0.039578,0.308502,0.268925,-1e-06,0.009311,0.009312,0.029598,0.079163,0.049565,-0.002384,0.09117,0.093554,-0.01159,0.013223,0.024813,0.001281,0.196804,0.195524,0.001276,0.06773,0.066454,0.006154,0.089912,0.083758,-0.023892,0.39394,0.417831,-0.000443,0.068058,0.068501,Technology,Consumer Disc.,Cyclical,Quality Growth
2022-09-07,-0.00673,0.113599,0.120329,-0.056317,0.094959,0.151276,0.000466,0.052634,0.052168,0.038681,0.065563,0.026881,-0.013942,0.07517,0.089112,-0.011519,0.078092,0.089611,-0.004763,0.03393,0.038693,-9e-06,0.010202,0.010211,0.013748,0.080644,0.066895,0.009273,0.024731,0.015458,-0.0164,0.050505,0.066905,0.047458,0.309995,0.262537,5.4e-05,0.009978,0.009924,0.034444,0.083289,0.048845,-0.00187,0.094874,0.096745,-0.01185,0.013419,0.025269,-0.017683,0.174924,0.192608,0.013748,0.080644,0.066895,0.006287,0.091584,0.085297,-0.022944,0.388634,0.411577,-0.000131,0.072632,0.072764,Technology,Consumer Disc.,Cyclical,Quality Growth
2022-10-06,-0.008196,0.109789,0.117985,-0.062979,0.08225,0.145229,-0.000367,0.051569,0.051936,0.053582,0.084643,0.031061,-0.014266,0.072733,0.086999,-0.013801,0.082914,0.096715,-0.005121,0.033679,0.0388,-8.6e-05,0.01065,0.010736,0.012438,0.077664,0.065226,0.020505,0.034871,0.014367,-0.01665,0.051082,0.067732,0.034996,0.29899,0.263994,-5.5e-05,0.009167,0.009222,0.036852,0.088117,0.051265,-0.003101,0.092872,0.095973,-0.01219,0.014505,0.026695,-0.011715,0.177753,0.189468,0.012438,0.077664,0.065226,0.016681,0.102942,0.086261,-0.050877,0.356796,0.407673,0.011911,0.089351,0.07744,Energy,Consumer Disc.,Cyclical,Quality Growth
2022-11-04,-0.007392,0.094875,0.102267,-0.050227,0.077416,0.127643,-0.000439,0.05591,0.056348,0.060032,0.094485,0.034453,-0.015657,0.083697,0.099354,-0.015335,0.089981,0.105317,0.003857,0.049049,0.045192,-5.4e-05,0.01242,0.012474,-0.003102,0.065959,0.069061,0.022244,0.037806,0.015562,-0.017274,0.054126,0.0714,0.023507,0.274808,0.251302,-0.00016,0.009468,0.009627,0.046022,0.10277,0.056748,-0.003401,0.102924,0.106325,-0.012683,0.015244,0.027927,-0.005255,0.169332,0.174587,-0.003102,0.065959,0.069061,0.018114,0.11096,0.092845,-0.057733,0.325645,0.383379,0.018036,0.107166,0.089129,Energy,Consumer Disc.,Cyclical,Quality Growth
2022-12-05,-0.008392,0.10328,0.111673,-0.00886,0.107903,0.116762,-0.001341,0.054952,0.056292,0.054337,0.085148,0.030811,-0.018789,0.079061,0.09785,-0.016915,0.085811,0.102726,0.00571,0.049866,0.044156,-0.001024,0.011668,0.012692,-0.004887,0.066274,0.071161,0.020765,0.036388,0.015623,-0.025488,0.049912,0.0754,0.005459,0.260578,0.255119,-0.000575,0.009159,0.009734,0.039531,0.096342,0.056812,-0.005627,0.099462,0.105089,-0.014206,0.01367,0.027876,0.022988,0.189221,0.166233,-0.004887,0.066274,0.071161,0.015178,0.106932,0.091754,-0.06786,0.329491,0.397352,0.014884,0.098609,0.083724,Energy,Semiconductors,Cyclical,Quality Growth
2023-01-03,-0.007003,0.103281,0.110284,-0.005058,0.101762,0.10682,-0.000294,0.058133,0.058426,0.015992,0.048398,0.032406,-0.016332,0.086327,0.102659,-0.015482,0.092839,0.108321,0.009308,0.056002,0.046694,-0.00013,0.012879,0.013008,-0.004367,0.068745,0.073112,0.023455,0.039957,0.016503,-0.012055,0.062715,0.07477,0.012143,0.258867,0.246724,-0.000177,0.010094,0.010271,0.018075,0.076105,0.05803,-0.003153,0.107686,0.110838,-0.013889,0.015876,0.029765,0.031274,0.185665,0.154391,-0.004367,0.068745,0.073112,0.019673,0.115711,0.096038,-0.061558,0.327583,0.389141,0.013946,0.10263,0.088684,Real Estate,Financials,Growth,Quality Growth
2023-02-01,-0.005853,0.1085,0.114353,-0.002908,0.11816,0.121068,0.001858,0.055143,0.053285,0.024618,0.056244,0.031626,-0.012119,0.088036,0.100155,-0.009529,0.08236,0.091889,0.023656,0.065668,0.042012,1.1e-05,0.012645,0.012634,-0.000712,0.073904,0.074616,-0.000683,0.015876,0.016559,-0.005419,0.080017,0.085436,-0.01353,0.23463,0.24816,0.00061,0.008818,0.008208,0.043362,0.102706,0.059344,0.002495,0.098491,0.095996,-0.011908,0.017062,0.02897,0.004814,0.182242,0.177429,-0.000712,0.073904,0.074616,-0.002483,0.085955,0.088439,-0.060859,0.331538,0.392397,0.025291,0.108101,0.08281,Energy,Technology,Cyclical,Quality Growth
2023-03-02,0.001603,0.1129,0.111296,-0.013222,0.103729,0.11695,0.00107,0.054007,0.052938,0.0266,0.058125,0.031524,-0.013028,0.085726,0.098754,-0.009894,0.080493,0.090387,0.025243,0.068455,0.043212,-0.000235,0.013157,0.013392,0.011124,0.083925,0.0728,-0.001035,0.014638,0.015673,-0.014963,0.073608,0.088571,-0.013768,0.242517,0.256284,0.000504,0.008721,0.008218,0.04526,0.103602,0.058343,0.001049,0.096012,0.094963,-0.012073,0.016887,0.02896,0.009085,0.186906,0.177822,0.011124,0.083925,0.0728,-0.003617,0.082647,0.086264,-0.077314,0.318911,0.396225,0.026486,0.11111,0.084624,Energy,Semiconductors,Cyclical,Quality Growth
2023-03-31,-0.023909,0.093885,0.117794,-0.012226,0.106036,0.118261,0.003649,0.055272,0.051623,0.044219,0.073232,0.029013,-0.01002,0.079213,0.089233,-0.008132,0.078808,0.08694,0.025185,0.063956,0.038771,1.8e-05,0.012434,0.012416,-0.011575,0.058322,0.069898,2.7e-05,0.014957,0.01493,-0.017586,0.074955,0.092541,0.009233,0.279499,0.270266,0.001116,0.009429,0.008312,0.075886,0.131146,0.05526,0.005272,0.097314,0.092042,-0.01012,0.018336,0.028456,-0.01222,0.173352,0.185572,-0.011575,0.058322,0.069898,-0.000311,0.079494,0.079805,-0.080597,0.333448,0.414045,0.033665,0.108588,0.074923,Energy,Communication,Cyclical,Quality Growth
2023-05-01,-0.025398,0.095613,0.121011,-0.009208,0.099996,0.109203,0.001536,0.053904,0.052367,0.045602,0.074354,0.028752,-0.00952,0.082358,0.091878,-0.008693,0.082688,0.091381,0.024003,0.061458,0.037456,2.1e-05,0.012443,0.012422,-0.013501,0.05182,0.065321,3.1e-05,0.01455,0.014519,0.004845,0.096047,0.091202,-0.011011,0.265312,0.276324,0.001294,0.009457,0.008164,0.097107,0.149519,0.052412,0.003077,0.096986,0.093909,-0.009373,0.018277,0.02765,-0.00352,0.174994,0.178514,-0.013501,0.05182,0.065321,0.000147,0.08066,0.080512,-0.109891,0.315615,0.425506,0.035954,0.11213,0.076176,Energy,Communication,Cyclical,Quality Growth
2023-05-30,-0.002653,0.124427,0.12708,-0.011703,0.10564,0.117344,0.000697,0.047708,0.04701,0.037502,0.062064,0.024563,-0.019027,0.064555,0.083583,-0.009894,0.07275,0.082644,0.028278,0.06241,0.034132,-0.000495,0.010466,0.010962,-0.028674,0.038529,0.067204,-0.00356,0.009767,0.013327,0.018252,0.127931,0.109679,-0.009661,0.265584,0.275245,0.00094,0.008168,0.007228,0.101457,0.153691,0.052234,0.001193,0.084046,0.082853,-0.015588,0.012767,0.028355,0.013954,0.218244,0.204289,-0.028674,0.038529,0.067204,-0.006972,0.066647,0.073618,-0.087714,0.336698,0.424412,0.022344,0.089379,0.067034,Energy,Other,Cyclical,Quality Growth
2023-06-28,0.031856,0.155532,0.123677,-0.013268,0.112298,0.125566,0.001531,0.049158,0.047627,0.035879,0.060044,0.024166,-0.016483,0.065392,0.081875,-0.008415,0.073235,0.081649,0.033934,0.069086,0.035152,5.7e-05,0.011409,0.011352,-0.032927,0.033734,0.066661,-0.002489,0.010525,0.013014,0.010749,0.11758,0.106831,-0.041626,0.233784,0.27541,0.001201,0.008223,0.007022,0.058294,0.111301,0.053008,0.003254,0.086422,0.083168,-0.00038,0.027511,0.027891,0.013048,0.22421,0.211162,-0.032927,0.033734,0.066661,-0.004464,0.068066,0.07253,-0.066969,0.354268,0.421237,0.030143,0.094487,0.064343,Energy,Technology,Cyclical,Quality Growth
2023-07-27,0.008472,0.135862,0.12739,-0.013138,0.10923,0.122368,-5.2e-05,0.047352,0.047404,0.026912,0.050693,0.023781,-0.016828,0.06745,0.084278,-0.008593,0.074297,0.08289,0.047053,0.082534,0.035482,7.4e-05,0.0115,0.011426,-0.035133,0.031027,0.066159,-0.002459,0.010481,0.012939,0.013445,0.124342,0.110898,-0.020888,0.247312,0.2682,0.001135,0.007919,0.006784,0.085415,0.139081,0.053666,0.001187,0.083788,0.0826,-0.003251,0.024887,0.028139,0.023402,0.232954,0.209552,-0.035133,0.031027,0.066159,-0.004753,0.069129,0.073882,-0.08779,0.33081,0.4186,0.020922,0.088324,0.067402,Industrials,Other,Cyclical,Quality Growth
2023-08-25,0.003181,0.131122,0.127941,-0.012809,0.112493,0.125302,-0.000243,0.047925,0.048168,0.02107,0.045999,0.024929,-0.016429,0.068202,0.084631,-0.003865,0.082329,0.086193,0.060995,0.097349,0.036354,0.000129,0.011478,0.011349,-0.033996,0.031447,0.065443,-0.002165,0.010592,0.012756,0.033194,0.143183,0.109988,-0.050225,0.210249,0.260474,0.001162,0.007634,0.006472,0.069713,0.121942,0.052229,0.00269,0.083984,0.081294,-0.003145,0.025024,0.028169,0.050915,0.269068,0.218154,-0.033996,0.031447,0.065443,-0.004242,0.069321,0.073563,-0.097641,0.316735,0.414376,0.015706,0.08248,0.066773,Industrials,Technology,Cyclical,Quality Growth
2023-09-25,0.005168,0.136932,0.131764,-0.012391,0.1133,0.125691,1.4e-05,0.049575,0.049561,-0.018562,0.008391,0.026953,-0.014465,0.069902,0.084367,0.017666,0.105621,0.087955,0.06483,0.100535,0.035705,1e-05,0.011291,0.011281,-0.031008,0.03198,0.062988,-0.001366,0.010679,0.012045,0.043855,0.149786,0.105931,-0.055281,0.203981,0.259261,0.00153,0.008027,0.006497,0.07107,0.123762,0.052692,0.002445,0.083015,0.080571,-0.001741,0.026785,0.028526,0.088443,0.303285,0.214842,-0.031008,0.03198,0.062988,-0.003551,0.069776,0.073327,-0.102541,0.31466,0.417202,-0.023116,0.046736,0.069852,Industrials,Technology,Growth,Quality Growth
2023-10-24,0.006041,0.144966,0.138925,-0.011337,0.107337,0.118674,-8.5e-05,0.049428,0.049513,-0.017152,0.008124,0.025276,-0.014074,0.067657,0.081732,0.019878,0.10845,0.088572,0.060963,0.09559,0.034627,-2.4e-05,0.010888,0.010912,-0.033558,0.029436,0.062994,-0.001712,0.009665,0.011377,0.034849,0.143751,0.108901,-0.04181,0.22136,0.26317,-0.001979,0.003347,0.005326,0.078241,0.129644,0.051403,-0.001789,0.076532,0.078321,-0.002494,0.026962,0.029456,0.068133,0.282291,0.214158,-0.033558,0.029436,0.062994,0.016576,0.087861,0.071285,-0.103811,0.322519,0.42633,-0.021298,0.044755,0.066053,Industrials,Technology,Cyclical,Quality Growth
2023-11-22,0.020949,0.153688,0.132739,-0.020816,0.101801,0.122617,0.000547,0.046229,0.045682,-0.004037,0.018767,0.022804,-0.011891,0.070383,0.082274,0.019797,0.102653,0.082856,0.061124,0.094546,0.033423,9e-06,0.011174,0.011165,-0.037602,0.026254,0.063856,-0.001133,0.010934,0.012067,0.004836,0.117801,0.112966,-0.0302,0.242208,0.272408,-0.001583,0.00356,0.005143,0.091716,0.142537,0.050822,-0.001879,0.071549,0.073429,0.012124,0.041332,0.029208,0.030357,0.250322,0.219965,-0.037602,0.026254,0.063856,0.017285,0.08886,0.071575,-0.104367,0.324141,0.428508,-0.007634,0.055004,0.062638,Industrials,Other,Cyclical,Quality Growth
2023-12-21,0.021375,0.152546,0.131171,-0.02003,0.106322,0.126352,0.000885,0.045825,0.04494,-0.001225,0.020411,0.021636,-0.010876,0.073738,0.084614,0.018779,0.098889,0.08011,0.063798,0.098254,0.034456,5e-06,0.011068,0.011063,-0.035475,0.028012,0.063488,-0.002437,0.010344,0.012782,0.02647,0.144477,0.118007,-0.06,0.206229,0.266229,-0.001268,0.003885,0.005153,0.0916,0.144184,0.052584,-0.000974,0.07048,0.071454,0.006662,0.040781,0.034119,0.033786,0.255403,0.221617,-0.035475,0.028012,0.063488,0.012138,0.08431,0.072171,-0.102966,0.317081,0.420047,-0.00477,0.059749,0.064519,Industrials,Technology,Cyclical,Quality Growth
2024-01-19,-0.001853,0.131687,0.133539,-0.016341,0.101851,0.118192,-0.0,0.045207,0.045207,-0.000918,0.019129,0.020047,-0.004931,0.0787,0.083631,0.002202,0.083914,0.081713,0.067657,0.100858,0.033201,0.0,0.010466,0.010466,-0.019679,0.044802,0.064481,-0.001014,0.011062,0.012076,0.030496,0.15949,0.128994,-0.055384,0.208277,0.263661,-0.000235,0.004557,0.004791,0.095316,0.146,0.050684,-0.000958,0.070021,0.070979,-0.018296,0.017251,0.035547,0.047741,0.27395,0.226209,-0.019679,0.044802,0.064481,-0.007372,0.062245,0.069617,-0.096219,0.323735,0.419955,-0.000533,0.061996,0.062529,Industrials,Technology,Cyclical,Quality Growth
2024-02-19,-0.004194,0.130952,0.135146,-0.023828,0.094058,0.117886,-0.001655,0.044012,0.045667,-0.002195,0.018233,0.020428,-0.008368,0.074759,0.083127,-0.006372,0.079074,0.085446,0.066615,0.099095,0.032481,-0.001015,0.009503,0.010518,-0.024768,0.039255,0.064023,-0.002508,0.009191,0.011699,0.021343,0.160105,0.138761,-0.012329,0.237907,0.250236,-0.000726,0.003855,0.004581,0.084428,0.135155,0.050727,-0.009832,0.058569,0.068401,-0.019826,0.015004,0.03483,0.037052,0.280765,0.243714,-0.024768,0.039255,0.064023,-0.014553,0.053278,0.067831,-0.049111,0.358023,0.407133,-0.00339,0.059951,0.06334,Industrials,Other,Cyclical,Quality Growth
2024-03-19,-0.005302,0.130824,0.136126,-0.02634,0.086641,0.11298,-0.002303,0.043455,0.045758,-0.002513,0.018815,0.021329,-0.009494,0.074182,0.083675,-0.012022,0.069387,0.081409,0.083183,0.116066,0.032883,-0.001235,0.009798,0.011032,-0.033248,0.032394,0.065642,-0.002918,0.008286,0.011204,0.030901,0.182169,0.151269,-0.01789,0.224058,0.241948,-0.000817,0.003926,0.004744,0.102374,0.153599,0.051225,-0.014511,0.053315,0.067826,-0.019661,0.013635,0.033296,0.041836,0.293083,0.251247,-0.033248,0.032394,0.065642,-0.019652,0.045668,0.06532,-0.052735,0.347845,0.400579,-0.004403,0.060462,0.064865,Industrials,Other,Cyclical,Quality Growth
2024-04-17,0.0,0.143145,0.143145,0.0,0.113615,0.113615,0.0,0.045687,0.045687,0.0,0.022652,0.022652,0.0,0.081753,0.081753,0.0,0.079328,0.079328,0.0,0.033549,0.033549,0.0,0.011219,0.011219,0.0,0.065363,0.065363,0.0,0.009817,0.009817,0.0,0.150259,0.150259,0.0,0.238558,0.238558,0.0,0.005053,0.005053,0.0,0.054591,0.054591,0.0,0.067036,0.067036,0.0,0.034576,0.034576,0.0,0.247476,0.247476,0.0,0.065363,0.065363,0.0,0.062453,0.062453,0.0,0.403929,0.403929,0.0,0.064576,0.064576,Communication,Communication,Cyclical,Cyclical
2024-05-16,0.000431,0.141186,0.140755,-0.010249,0.100622,0.110871,-4.7e-05,0.046573,0.046619,-0.002245,0.020867,0.023112,-0.000139,0.081422,0.081562,-0.00023,0.078033,0.078263,-0.002669,0.030322,0.03299,-8.1e-05,0.010297,0.010377,-0.00267,0.062413,0.065083,-0.000141,0.009896,0.010037,0.037664,0.192184,0.154521,-0.019578,0.220528,0.240106,-4.6e-05,0.005658,0.005705,0.036367,0.089778,0.053411,-0.00022,0.067571,0.067791,-9.1e-05,0.035058,0.035149,-0.009329,0.237951,0.24728,-0.00267,0.062413,0.065083,-0.000324,0.061506,0.06183,-0.021417,0.381467,0.402884,-0.002317,0.064257,0.066574,Semiconductors,Technology,Cyclical,Quality Growth
2024-06-14,-0.00022,0.136852,0.137072,-0.014664,0.089166,0.10383,-0.000331,0.044994,0.045325,-0.002167,0.018044,0.020211,-0.000689,0.072827,0.073517,-0.000715,0.075478,0.076193,-0.002886,0.026628,0.029514,-0.000186,0.009457,0.009643,-0.002729,0.062764,0.065494,-0.000276,0.009096,0.009372,0.076409,0.260228,0.183819,-0.051389,0.189436,0.240825,-0.000157,0.00503,0.005186,0.058322,0.109395,0.051073,-0.00061,0.062187,0.062797,-0.000496,0.038473,0.038969,0.002389,0.269082,0.266693,-0.002729,0.062764,0.065494,-0.000752,0.055999,0.056751,-0.053622,0.344889,0.398511,-0.002502,0.05721,0.059712,Semiconductors,Technology,Cyclical,Quality Growth
2024-07-15,-1.3e-05,0.134591,0.134604,-0.022959,0.087776,0.110734,-1.9e-05,0.043792,0.043811,-0.002107,0.018275,0.020382,-8.9e-05,0.072993,0.073082,-3.1e-05,0.076302,0.076332,0.014407,0.043589,0.029182,-0.003523,0.005792,0.009316,-0.013469,0.053381,0.06685,-0.000273,0.009282,0.009554,0.091708,0.266965,0.175257,-0.063498,0.182574,0.246072,-0.000134,0.004689,0.004824,0.07012,0.120907,0.050788,-0.000265,0.060707,0.060972,-0.000113,0.037267,0.03738,0.014619,0.282888,0.268269,-0.013469,0.053381,0.06685,-0.003805,0.052928,0.056733,-0.065131,0.33358,0.398711,-0.001956,0.058342,0.060298,Semiconductors,Technology,Cyclical,Quality Growth
2024-08-13,2.2e-05,0.136362,0.136341,-0.02014,0.085127,0.105267,1.4e-05,0.046645,0.04663,-0.001981,0.019962,0.021943,-0.000162,0.07611,0.076272,-0.000223,0.084463,0.084686,0.00751,0.037942,0.030432,-0.005763,0.003911,0.009674,-0.004519,0.059952,0.064471,-0.000404,0.010125,0.010529,0.091935,0.256927,0.164993,-0.066122,0.176993,0.243115,-0.000168,0.005481,0.005649,0.067717,0.114494,0.046777,-0.000373,0.067006,0.067379,6.1e-05,0.038149,0.038088,0.015123,0.273956,0.258833,-0.004519,0.059952,0.064471,-0.008578,0.053504,0.062082,-0.067552,0.330244,0.397796,-0.001879,0.062695,0.064575,Semiconductors,Technology,Cyclical,Quality Growth
2024-09-11,3.5e-05,0.127686,0.127651,-0.021178,0.091089,0.112267,3.1e-05,0.049957,0.049926,5.1e-05,0.020155,0.020105,7.2e-05,0.077938,0.077866,0.001928,0.087145,0.085217,0.019017,0.050059,0.031042,-0.004803,0.004944,0.009747,-0.022943,0.042896,0.065839,0.000403,0.011419,0.011015,0.090378,0.251161,0.160783,-0.063,0.179604,0.242604,1e-05,0.005948,0.005938,0.074457,0.118038,0.043581,0.001348,0.072885,0.071536,0.001378,0.03936,0.037982,0.017182,0.281724,0.264542,-0.022943,0.042896,0.065839,-0.006728,0.056899,0.063626,-0.064979,0.32565,0.390629,0.000285,0.06255,0.062265,Semiconductors,Technology,Cyclical,Quality Growth
2024-10-10,0.002065,0.135017,0.132953,-0.019366,0.090807,0.110174,0.000702,0.047866,0.047164,-0.000216,0.021037,0.021253,0.002907,0.078481,0.075575,0.002558,0.082518,0.07996,0.019372,0.051614,0.032242,-0.0042,0.005521,0.009721,-0.021828,0.046399,0.068227,0.001588,0.011354,0.009767,0.064943,0.238018,0.173075,-0.049269,0.185146,0.234415,0.000746,0.006221,0.005475,0.071826,0.116576,0.04475,0.011513,0.079055,0.067542,0.001813,0.042107,0.040294,-0.000168,0.270882,0.27105,-0.021828,0.046399,0.068227,-0.002355,0.059735,0.06209,-0.061346,0.322134,0.38348,0.000544,0.063111,0.062567,Semiconductors,Technology,Cyclical,Quality Growth
2024-11-08,0.001378,0.136223,0.134845,-0.026237,0.094292,0.120528,0.000637,0.047592,0.046955,-6.6e-05,0.019653,0.019719,0.000785,0.079661,0.078876,0.000962,0.075243,0.074281,0.014724,0.046441,0.031717,-0.00387,0.005094,0.008964,-0.014329,0.05661,0.070939,0.001508,0.010715,0.009207,0.065921,0.23884,0.172919,-0.042114,0.183965,0.226079,0.0007,0.005671,0.004971,0.078993,0.121452,0.042459,0.002078,0.06652,0.064442,0.001645,0.040019,0.038374,-0.006402,0.278538,0.284939,-0.014329,0.05661,0.070939,-0.003388,0.05633,0.059718,-0.05863,0.316958,0.375588,3.2e-05,0.063574,0.063541,Semiconductors,Technology,Cyclical,Quality Growth
2024-12-09,0.003956,0.138331,0.134375,-0.02995,0.101597,0.131548,2.8e-05,0.049115,0.049087,2.8e-05,0.018307,0.018279,0.001998,0.080357,0.078359,0.003717,0.072388,0.068671,-0.001416,0.029825,0.031241,-0.002953,0.005473,0.008426,-0.013707,0.055212,0.068919,0.003575,0.012839,0.009264,0.070859,0.229823,0.158965,-0.037519,0.200615,0.238134,0.001386,0.006117,0.004731,0.080792,0.120799,0.040007,0.002862,0.067677,0.064815,0.003029,0.039618,0.03659,-0.024857,0.262303,0.28716,-0.013707,0.055212,0.068919,0.00088,0.05865,0.05777,-0.049799,0.334019,0.383818,0.000802,0.061722,0.06092,Semiconductors,Technology,Cyclical,Quality Growth
2025-01-07,0.000959,0.142913,0.141955,-0.030938,0.098859,0.129798,1.8e-05,0.047049,0.047031,1.8e-05,0.017786,0.017768,0.001718,0.079569,0.077851,0.00261,0.069093,0.066483,0.003968,0.034105,0.030137,-0.002639,0.005205,0.007844,-0.006624,0.062273,0.068897,0.002922,0.011431,0.008509,0.065197,0.233917,0.168721,-0.037214,0.193306,0.23052,7e-06,0.004493,0.004486,0.084994,0.125026,0.040032,0.001557,0.063705,0.062147,0.001578,0.044893,0.043314,-0.022361,0.263526,0.285887,-0.006624,0.062273,0.068897,0.000288,0.054334,0.054046,-0.059611,0.325443,0.385054,0.000178,0.0608,0.060622,Semiconductors,Technology,Cyclical,Quality Growth
2025-02-05,0.000674,0.148249,0.147575,-0.029601,0.102073,0.131674,-0.000108,0.051197,0.051304,-4.1e-05,0.017806,0.017847,0.000101,0.084673,0.084572,0.000844,0.070883,0.070039,0.003526,0.033276,0.02975,-0.002859,0.005336,0.008195,-0.00497,0.063878,0.068849,0.00165,0.010517,0.008866,0.061202,0.215253,0.154051,-0.030409,0.192528,0.222937,-9e-06,0.004331,0.00434,0.085684,0.125185,0.039502,-6.8e-05,0.065028,0.065097,-9e-05,0.043904,0.043994,-0.0228,0.25688,0.27968,-0.00497,0.063878,0.068849,-0.001471,0.054943,0.056414,-0.056368,0.325775,0.382143,8.3e-05,0.064406,0.064323,Semiconductors,Technology,Cyclical,Quality Growth
2025-03-06,-0.00089,0.144332,0.145222,-0.023961,0.094288,0.118248,-0.000824,0.052939,0.053763,-0.000312,0.018148,0.01846,-0.000986,0.085367,0.086353,-0.000869,0.076898,0.077767,0.010821,0.041052,0.03023,-0.003516,0.005566,0.009082,-0.001174,0.064696,0.065871,-0.000382,0.009402,0.009784,0.061753,0.206799,0.145046,-0.039493,0.195918,0.235411,-0.000168,0.004595,0.004763,0.09234,0.132131,0.039792,-0.001344,0.069441,0.070785,-0.000805,0.039556,0.040361,-0.019944,0.243212,0.263156,-0.001174,0.064696,0.065871,-0.004635,0.05345,0.058085,-0.063792,0.33204,0.395832,-0.000645,0.065474,0.066119,Semiconductors,Technology,Cyclical,Quality Growth
2025-04-04,2.6e-05,0.141983,0.141957,-0.02298,0.097308,0.120288,0.000201,0.055885,0.055683,0.001063,0.021486,0.020423,0.009638,0.09673,0.087091,0.00129,0.081694,0.080404,0.000726,0.031469,0.030742,-0.002814,0.006699,0.009513,-0.021739,0.042676,0.064415,0.000257,0.010607,0.01035,0.064325,0.206883,0.142558,-0.030271,0.20104,0.231312,0.000278,0.00554,0.005262,0.089593,0.129629,0.040037,0.001339,0.07686,0.075521,0.000359,0.039855,0.039496,-0.020759,0.240624,0.261384,-0.021739,0.042676,0.064415,0.006925,0.070099,0.063174,-0.056653,0.331835,0.388488,0.000936,0.068422,0.067485,Semiconductors,Technology,Cyclical,Quality Growth
2025-05-05,-0.003884,0.139871,0.143755,-0.024271,0.092297,0.116568,-0.005992,0.048398,0.05439,0.000233,0.018465,0.018233,0.008514,0.096702,0.088188,0.000145,0.071523,0.071378,0.007053,0.038206,0.031153,-0.002963,0.006004,0.008967,-0.023599,0.042571,0.066169,-0.00018,0.009613,0.009793,0.069019,0.222405,0.153386,-0.024074,0.209369,0.233443,0.0,0.004576,0.004576,0.097232,0.13819,0.040958,0.002013,0.073211,0.071197,-0.00023,0.04318,0.04341,-0.027638,0.243015,0.270653,-0.023599,0.042571,0.066169,0.005747,0.059875,0.054128,-0.053276,0.334137,0.387413,-0.000249,0.065822,0.066071,Semiconductors,Consumer Disc.,Cyclical,Quality Growth
2025-06-03,-0.003992,0.136535,0.140527,-0.028534,0.092927,0.121461,-0.010268,0.041583,0.051851,-3.8e-05,0.017187,0.017225,0.007084,0.092854,0.08577,0.01398,0.07452,0.06054,0.006234,0.037594,0.03136,-0.002959,0.005786,0.008745,-0.025052,0.043029,0.06808,-0.000298,0.008793,0.009091,0.062034,0.23682,0.174786,-0.018168,0.207833,0.226,-2.3e-05,0.004541,0.004564,0.096762,0.139086,0.042324,-0.002722,0.064283,0.067005,0.004637,0.05267,0.048033,-0.035103,0.250974,0.286077,-0.025052,0.043029,0.06808,0.01365,0.062432,0.048783,-0.051465,0.325407,0.376872,-0.000706,0.062119,0.062826,Semiconductors,Consumer Disc.,Cyclical,Quality Growth
2025-07-02,-0.004626,0.136462,0.141089,-0.02688,0.089061,0.115942,-0.014396,0.032563,0.046958,-0.000764,0.016499,0.017263,0.001289,0.085601,0.084313,0.036362,0.094795,0.058432,0.003767,0.035104,0.031337,-0.003203,0.005358,0.008561,-0.03449,0.041922,0.076413,-0.000782,0.00762,0.008402,0.062487,0.245683,0.183196,-0.018522,0.20514,0.223662,-0.000242,0.004191,0.004432,0.101974,0.14708,0.045106,-0.008474,0.053591,0.062065,0.016407,0.063531,0.047124,-0.037488,0.248112,0.2856,-0.03449,0.041922,0.076413,0.022688,0.070216,0.047527,-0.055185,0.31681,0.371996,-0.005431,0.058738,0.064169,Semiconductors,Other,Cyclical,Quality Growth
2025-07-31,-0.00304,0.13974,0.14278,-0.02745,0.087783,0.115234,-0.013343,0.030691,0.044034,-0.000293,0.016332,0.016625,0.000857,0.082099,0.081242,0.02693,0.080568,0.053638,0.007815,0.039425,0.03161,-0.002662,0.005128,0.00779,-0.037878,0.038012,0.07589,-0.000303,0.007525,0.007828,0.051687,0.247327,0.19564,-0.002237,0.221299,0.223537,-8.2e-05,0.004071,0.004153,0.115292,0.160894,0.045602,-0.007649,0.051621,0.05927,-0.001497,0.046999,0.048496,-0.048543,0.243965,0.292508,-0.037878,0.038012,0.07589,0.032175,0.07579,0.043615,-0.045655,0.326992,0.372647,-0.006245,0.055727,0.061971,Semiconductors,Other,Cyclical,Growth
2025-08-29,-0.004166,0.142629,0.146795,-0.031184,0.085207,0.116391,-0.013686,0.030064,0.04375,0.002814,0.019511,0.016697,-0.012022,0.069709,0.081731,0.031642,0.087865,0.056222,0.039605,0.069571,0.029966,-0.002921,0.005161,0.008082,-0.037422,0.035216,0.072638,-0.000605,0.007264,0.007869,0.037456,0.227706,0.19025,-0.009333,0.216111,0.225444,-0.000179,0.003984,0.004163,0.118199,0.162281,0.044082,0.008885,0.068974,0.060089,-0.002411,0.046524,0.048936,-0.055935,0.231337,0.287272,-0.037422,0.035216,0.072638,0.034203,0.080367,0.046164,-0.052804,0.325203,0.378008,-0.012715,0.050096,0.062811,Industrials,Other,Cyclical,Growth
2025-09-29,-0.003989,0.143745,0.147734,-0.040678,0.077068,0.117745,-0.013737,0.02814,0.041878,0.00247,0.018253,0.015783,-0.016144,0.060895,0.077039,0.033002,0.087037,0.054035,0.06461,0.093977,0.029367,-0.002706,0.004592,0.007299,-0.04483,0.035339,0.080169,-0.000539,0.006742,0.007281,0.04341,0.237067,0.193657,-0.020683,0.203191,0.223874,-0.000186,0.003954,0.004139,0.112862,0.161111,0.048249,0.009159,0.067123,0.057964,-0.000409,0.049062,0.049471,-0.04355,0.240837,0.284387,-0.04483,0.035339,0.080169,0.045727,0.089714,0.043987,-0.062945,0.31151,0.374455,-0.016014,0.045304,0.061318,Industrials,Other,Cyclical,Quality Growth
2025-10-28,-0.003418,0.141727,0.145146,-0.040821,0.072965,0.113785,-0.013055,0.02635,0.039405,0.002128,0.016945,0.014817,-0.006666,0.065386,0.072051,0.032055,0.087313,0.055258,0.081714,0.110309,0.028596,-0.002222,0.004406,0.006627,-0.044892,0.035525,0.080417,-0.00027,0.006806,0.007076,0.020735,0.230467,0.209733,-0.023141,0.199624,0.222764,-0.002147,0.002177,0.004325,0.089428,0.142336,0.052908,0.015382,0.070477,0.055095,-0.000213,0.051375,0.051588,-0.028215,0.261993,0.290208,-0.044892,0.035525,0.080417,0.049215,0.090145,0.040929,-0.06561,0.305925,0.371535,-0.015095,0.042224,0.05732,Industrials,Other,Cyclical,Quality Growth
2025-11-26,-0.005862,0.149534,0.155396,-0.039705,0.072768,0.112473,0.004939,0.045901,0.040962,0.002782,0.017609,0.014827,-0.005511,0.066023,0.071534,0.030144,0.094192,0.064049,0.078652,0.107511,0.028858,-0.001839,0.004512,0.006351,-0.03113,0.04355,0.07468,0.000416,0.007507,0.007091,-0.011014,0.191642,0.202655,-0.019887,0.19673,0.216617,-0.001986,0.002521,0.004508,0.057563,0.113001,0.055438,0.031866,0.09024,0.058374,-9.6e-05,0.055349,0.055445,-0.03056,0.25158,0.28214,-0.03113,0.04355,0.07468,0.051743,0.090858,0.039115,-0.065146,0.311692,0.376838,-0.01424,0.043729,0.057969,Industrials,Consumer Disc.,Cyclical,Quality Growth
2025-12-25,-0.007825,0.144506,0.15233,-0.037824,0.07811,0.115934,0.014819,0.054913,0.040094,0.002057,0.0168,0.014743,-0.009105,0.066285,0.07539,0.03098,0.093295,0.062315,0.059183,0.088213,0.029031,-0.002134,0.004646,0.00678,-0.014627,0.060104,0.074731,0.000153,0.007082,0.006929,-0.014291,0.18874,0.203031,-0.019476,0.195054,0.21453,-0.001909,0.002253,0.004162,0.039247,0.099065,0.059818,0.042807,0.100252,0.057445,-0.000352,0.048468,0.04882,-0.036427,0.252637,0.289064,-0.014627,0.060104,0.074731,0.053278,0.09225,0.038972,-0.065565,0.305252,0.370817,-0.018361,0.041972,0.060333,Industrials,Consumer Disc.,Quality,Quality Growth
2026-01-23,-0.004002,0.149817,0.15382,-0.035273,0.080292,0.115565,0.014524,0.057341,0.042816,0.001937,0.018494,0.016557,-0.006567,0.063517,0.070084,0.032761,0.095152,0.06239,0.020184,0.051417,0.031233,-0.002402,0.00499,0.007392,0.020937,0.099016,0.078079,0.00013,0.007138,0.007007,-0.018936,0.19369,0.212625,-0.021255,0.176789,0.198043,-0.002039,0.002349,0.004387,0.028422,0.101272,0.07285,0.012393,0.072875,0.060482,0.002097,0.046925,0.044828,-0.036012,0.248671,0.284683,0.020937,0.099016,0.078079,0.05071,0.092026,0.041316,-0.061292,0.297767,0.359059,-0.017254,0.041448,0.058702,Healthcare,Consumer Disc.,Quality,Quality Growth
2026-02-23,0.001944,0.150132,0.148187,-0.034567,0.07305,0.107617,0.017002,0.062473,0.045471,0.00312,0.021421,0.018301,-0.002226,0.06477,0.066996,0.024201,0.086779,0.062578,0.017488,0.054727,0.037239,-0.002762,0.005385,0.008147,0.017879,0.09822,0.080341,0.000453,0.008318,0.007865,-0.022226,0.201884,0.22411,-0.018357,0.169907,0.188263,-0.00195,0.002935,0.004885,0.03066,0.119444,0.088784,0.015117,0.081277,0.06616,0.001493,0.048648,0.047155,-0.034841,0.237567,0.272408,0.017879,0.09822,0.080341,0.045185,0.085248,0.040064,-0.059649,0.284868,0.344517,-0.015845,0.044727,0.060572,Healthcare,Consumer Disc.,Quality,Quality Growth
2026-03-24,-0.000341,0.146053,0.146394,-0.035782,0.073829,0.109611,0.011889,0.057131,0.045242,-0.009208,0.012214,0.021422,-0.004245,0.063813,0.068058,0.021727,0.080978,0.059251,0.01309,0.050819,0.037729,-0.003427,0.004475,0.007902,-0.005109,0.075282,0.080391,-0.002308,0.005469,0.007777,-0.018779,0.201634,0.220413,0.034857,0.225697,0.19084,-0.002364,0.002605,0.00497,0.035594,0.12632,0.090727,0.008442,0.073574,0.065132,-0.0001,0.047235,0.047335,-0.041209,0.231718,0.272927,-0.005109,0.075282,0.080391,0.039711,0.078566,0.038856,-0.00781,0.334225,0.342035,-0.029518,0.033079,0.062597,Technology,Consumer Disc.,Quality,Growth
2026-04-20,-0.00111,0.149085,0.150194,-0.033648,0.077042,0.11069,0.010013,0.052276,0.042263,0.001975,0.01913,0.017154,-0.004032,0.06106,0.065092,-0.007531,0.047068,0.054599,0.015987,0.052837,0.03685,-0.004894,0.002902,0.007795,-0.006375,0.075223,0.081599,-0.002196,0.005602,0.007797,0.004481,0.238306,0.233825,0.029443,0.217074,0.187631,-0.002113,0.002396,0.004509,0.064344,0.156334,0.09199,0.007063,0.066756,0.059694,-0.001292,0.050174,0.051466,-0.034615,0.241983,0.276598,-0.006375,0.075223,0.081599,0.006489,0.044418,0.037929,-0.008836,0.335078,0.343915,-0.026778,0.030032,0.05681,Technology,Consumer Disc.,Cyclical,Growth
