date,sector_Communication,port_sector_Communication,bm_sector_Communication,sector_Consumer Disc.,port_sector_Consumer Disc.,bm_sector_Consumer Disc.,sector_Consumer Staples,port_sector_Consumer Staples,bm_sector_Consumer Staples,sector_Energy,port_sector_Energy,bm_sector_Energy,sector_Financials,port_sector_Financials,bm_sector_Financials,sector_Healthcare,port_sector_Healthcare,bm_sector_Healthcare,sector_Industrials,port_sector_Industrials,bm_sector_Industrials,sector_Materials,port_sector_Materials,bm_sector_Materials,sector_Real Estate,port_sector_Real Estate,bm_sector_Real Estate,sector_Semiconductors,port_sector_Semiconductors,bm_sector_Semiconductors,sector_Technology,port_sector_Technology,bm_sector_Technology,sector_Utilities,port_sector_Utilities,bm_sector_Utilities,style_Cyclical,port_style_Cyclical,bm_style_Cyclical,style_Defensive,port_style_Defensive,bm_style_Defensive,style_GARP,port_style_GARP,bm_style_GARP,style_Growth,port_style_Growth,bm_style_Growth,style_Quality,port_style_Quality,bm_style_Quality,style_Quality Growth,port_style_Quality Growth,bm_style_Quality Growth,style_Value,port_style_Value,bm_style_Value,dominant_ow_sector,dominant_uw_sector,dominant_ow_style,dominant_uw_style
2016-06-27,0.0,0.164359,0.164359,0.0,0.11916,0.11916,0.0,0.098544,0.098544,0.0,0.073215,0.073215,0.0,0.124309,0.124309,0.0,0.071325,0.071325,0.0,0.070053,0.070053,0.0,0.008405,0.008405,0.0,0.018943,0.018943,0.0,0.055664,0.055664,0.0,0.184546,0.184546,0.0,0.011478,0.011478,0.0,0.062518,0.062518,0.0,0.1399,0.1399,0.0,0.024404,0.024404,0.0,0.119921,0.119921,0.0,0.111682,0.111682,0.0,0.397143,0.397143,0.0,0.144432,0.144432,Communication,Communication,Cyclical,Cyclical
2016-06-30,0.000111,0.164359,0.164248,-0.009007,0.109156,0.118163,0.00121,0.098544,0.097334,-0.000948,0.073215,0.074164,-0.002499,0.121843,0.124342,-0.011072,0.060412,0.071484,5.7e-05,0.070053,0.069996,-0.000179,0.008405,0.008583,-2.8e-05,0.018943,0.018971,0.071994,0.128385,0.056391,-0.049892,0.135207,0.185099,0.000252,0.011478,0.011225,0.07477,0.137394,0.062624,-0.008633,0.129896,0.138528,-0.000544,0.024404,0.024949,-0.004066,0.115849,0.119915,-0.002357,0.109217,0.111574,-0.047213,0.347928,0.395141,-0.011956,0.135312,0.147268,Semiconductors,Technology,Cyclical,Quality Growth
2016-07-30,-0.010052,0.161014,0.171066,-0.041545,0.076767,0.118312,-0.016765,0.076621,0.093387,0.006303,0.073218,0.066915,0.070878,0.195673,0.124795,-0.011308,0.060472,0.07178,-0.009029,0.05898,0.06801,-0.001442,0.00745,0.008892,-0.004605,0.013897,0.018502,0.069902,0.128432,0.05853,-0.053343,0.135996,0.189339,0.001007,0.011479,0.010472,0.07253,0.136457,0.063927,-0.024148,0.107248,0.131396,-0.001542,0.024409,0.025951,-0.038937,0.081514,0.120451,-0.012868,0.098284,0.111152,0.008953,0.416717,0.407764,-0.003989,0.135371,0.13936,Financials,Technology,Cyclical,Growth
2016-08-31,-0.010683,0.161019,0.171701,-0.039269,0.076884,0.116153,-0.03904,0.053283,0.092323,-0.031999,0.033315,0.065314,0.067467,0.195733,0.128266,-0.007667,0.060476,0.068144,-0.015561,0.052524,0.068084,-0.001073,0.007452,0.008524,-0.004286,0.013871,0.018157,0.134824,0.197295,0.06247,-0.054371,0.136669,0.19104,0.001656,0.01148,0.009824,0.144067,0.21017,0.066103,-0.044528,0.083912,0.12844,-0.006747,0.019494,0.026241,-0.038121,0.081729,0.119849,-0.017297,0.091811,0.109108,0.006366,0.417413,0.411047,-0.04374,0.095472,0.139212,Semiconductors,Technology,Cyclical,Defensive
2016-09-30,-0.010334,0.161019,0.171353,0.030609,0.148914,0.118305,-0.038364,0.053117,0.091481,-0.032149,0.032158,0.064307,0.054899,0.181411,0.126512,-0.007749,0.060477,0.068225,-0.01953,0.048141,0.067671,-0.003957,0.00449,0.008447,-0.003903,0.013871,0.017774,0.119795,0.182359,0.062564,-0.091033,0.102563,0.193596,0.001717,0.01148,0.009763,0.124297,0.190848,0.066552,-0.043842,0.083746,0.127588,-0.006516,0.019282,0.025799,0.029046,0.15278,0.123734,-0.017904,0.088895,0.106799,-0.038959,0.375111,0.414069,-0.046122,0.089338,0.13546,Semiconductors,Technology,Cyclical,Value
2016-10-31,-0.040968,0.136532,0.1775,0.033701,0.147341,0.11364,-0.036421,0.053117,0.089538,-0.030897,0.030896,0.061793,0.051365,0.181927,0.130562,0.068371,0.132769,0.064398,-0.029421,0.035879,0.0653,-0.003925,0.00449,0.008415,-0.00419,0.013871,0.018061,0.084719,0.147131,0.062412,-0.093503,0.104568,0.19807,0.00117,0.01148,0.010311,0.085703,0.151586,0.065883,-0.050747,0.075866,0.126613,0.066297,0.091574,0.025277,0.029265,0.151393,0.122128,-0.014682,0.088364,0.103045,-0.069442,0.353141,0.422584,-0.046394,0.088076,0.13447,Semiconductors,Technology,Cyclical,Quality Growth
2016-11-30,-0.030686,0.136528,0.167213,0.035804,0.147343,0.111539,-0.034177,0.053116,0.087293,0.038119,0.102498,0.064378,0.046229,0.181928,0.135699,-0.009437,0.057873,0.067311,-0.03321,0.037134,0.070344,-0.004768,0.004801,0.009569,-0.002666,0.013864,0.01653,0.082511,0.14885,0.066339,-0.089714,0.104586,0.1943,0.001994,0.011479,0.009484,0.082683,0.153175,0.070492,-0.047265,0.076309,0.123574,-0.009727,0.016677,0.026404,0.034406,0.152453,0.118047,-0.020864,0.08856,0.109424,-0.051863,0.353143,0.405006,0.01263,0.159683,0.147053,Semiconductors,Technology,Cyclical,Quality Growth
2016-12-31,-0.028022,0.136528,0.164549,-0.02849,0.082478,0.110968,-0.032882,0.053119,0.086001,0.037793,0.102837,0.065044,0.044027,0.181937,0.13791,-0.01972,0.04779,0.06751,-0.031318,0.037231,0.068549,-0.003903,0.004804,0.008707,-0.002945,0.013863,0.016808,0.155576,0.223037,0.067461,-0.091897,0.104899,0.196796,0.001781,0.011478,0.009697,0.084444,0.153186,0.068742,-0.044621,0.07631,0.120931,0.062763,0.089293,0.02653,-0.040108,0.079063,0.119171,-0.019931,0.088659,0.108589,-0.051066,0.35346,0.404526,0.008518,0.160028,0.15151,Semiconductors,Technology,Cyclical,Quality Growth
2017-01-31,-0.034613,0.136528,0.171141,-0.036997,0.07766,0.114657,-0.028807,0.053119,0.081926,-0.02608,0.032628,0.058708,0.047564,0.181938,0.134374,-0.018133,0.047819,0.065952,-0.030487,0.037238,0.067725,-0.004587,0.00486,0.009447,-0.002181,0.013863,0.016044,0.224846,0.297972,0.073126,-0.092307,0.104898,0.197204,0.001783,0.011478,0.009695,0.08025,0.154556,0.074305,-0.039423,0.07631,0.115733,0.061693,0.089293,0.0276,0.022315,0.147895,0.12558,-0.017944,0.088665,0.106609,-0.0566,0.353462,0.410062,-0.050292,0.089819,0.140111,Semiconductors,Technology,Cyclical,Quality Growth
2017-02-28,-0.035765,0.134616,0.170381,-0.037574,0.076888,0.114462,-0.030221,0.053119,0.08334,-0.022339,0.032624,0.054962,0.034422,0.171447,0.137025,-0.017385,0.048113,0.065497,-0.029664,0.037251,0.066916,-0.003535,0.00486,0.008395,-0.002484,0.013863,0.016347,0.236337,0.30697,0.070633,-0.093613,0.108771,0.202384,0.001821,0.011478,0.009657,0.154474,0.225069,0.070594,-0.041834,0.075538,0.117373,-0.000265,0.027465,0.027731,0.024074,0.148502,0.124428,-0.01763,0.088685,0.106314,-0.060255,0.355416,0.415671,-0.058564,0.079324,0.137888,Semiconductors,Technology,Cyclical,Quality Growth
2017-03-31,-0.07487,0.095925,0.170794,-0.039269,0.076635,0.115904,-0.034878,0.045651,0.080529,-0.021579,0.032624,0.054203,0.033728,0.165752,0.132025,-0.032551,0.032821,0.065372,-0.028292,0.036712,0.065004,-0.0041,0.0041,0.0082,-0.003205,0.013896,0.017101,0.304086,0.379644,0.075558,-0.101275,0.104763,0.206038,0.002206,0.011479,0.009273,0.224162,0.297376,0.073215,-0.039428,0.075373,0.114801,-0.000673,0.027466,0.028139,0.013734,0.1422,0.128466,-0.029304,0.074596,0.1039,-0.107295,0.310749,0.418044,-0.061195,0.072241,0.133437,Semiconductors,Technology,Cyclical,Quality Growth
2017-04-29,-0.08641,0.091264,0.177674,-0.043228,0.075596,0.118824,-0.033333,0.045714,0.079047,-0.020695,0.032626,0.053321,-0.011447,0.116564,0.128011,-0.032062,0.033112,0.065173,-0.029659,0.035856,0.065515,-0.003967,0.004115,0.008082,-0.008328,0.008948,0.017276,0.36638,0.44139,0.07501,-0.099392,0.103336,0.202727,0.00214,0.01148,0.00934,0.296187,0.370093,0.073905,-0.043644,0.06982,0.113464,-0.011456,0.016299,0.027755,0.010021,0.13873,0.128709,-0.030739,0.075099,0.105838,-0.161894,0.259221,0.421115,-0.058475,0.070738,0.129213,Semiconductors,Technology,Cyclical,Quality Growth
2017-05-31,-0.086672,0.093,0.179672,-0.043907,0.077523,0.12143,-0.032936,0.045722,0.078657,-0.018483,0.032627,0.05111,-0.008196,0.115789,0.123985,-0.030661,0.033706,0.064368,-0.029045,0.035885,0.06493,0.066633,0.074512,0.00788,-0.008424,0.009012,0.017436,0.291348,0.367359,0.076011,-0.101543,0.103383,0.204926,0.001886,0.011482,0.009596,0.294964,0.366275,0.071311,-0.04422,0.070251,0.114471,-0.012178,0.016939,0.029117,0.005676,0.140528,0.134852,-0.028433,0.074995,0.103428,-0.164679,0.260979,0.425658,-0.05113,0.070033,0.121163,Semiconductors,Technology,Cyclical,Quality Growth
2017-06-30,-0.080513,0.092999,0.173512,-0.043285,0.078019,0.121304,-0.03042,0.045721,0.076141,0.052218,0.103886,0.051668,-0.013236,0.116862,0.130098,-0.034109,0.034782,0.068891,-0.029588,0.035876,0.065463,0.066488,0.074552,0.008064,-0.008701,0.009058,0.017759,0.214451,0.293374,0.078923,-0.095202,0.10339,0.198592,0.001898,0.011482,0.009584,0.289871,0.364424,0.074553,-0.043294,0.070376,0.11367,-0.011726,0.017102,0.028828,-0.065184,0.068837,0.134021,-0.030724,0.075524,0.106249,-0.152425,0.261017,0.413443,0.013483,0.142719,0.129237,Semiconductors,Technology,Cyclical,Quality Growth
2017-07-31,-0.083863,0.0958,0.179663,-0.039742,0.078022,0.117765,0.040085,0.116847,0.076762,0.054418,0.103889,0.04947,-0.012238,0.116973,0.129212,-0.03224,0.034807,0.067047,-0.028284,0.035871,0.064155,0.0663,0.074554,0.008254,-0.008801,0.009111,0.017912,0.139228,0.219179,0.079951,-0.096654,0.103463,0.200117,0.001791,0.011483,0.009692,0.214757,0.28937,0.074612,-0.044212,0.070457,0.114669,-0.011441,0.017371,0.028812,-0.064873,0.070003,0.134876,-0.027407,0.07557,0.102976,-0.085196,0.334505,0.419702,0.018372,0.142725,0.124352,Semiconductors,Technology,Cyclical,Quality Growth
2017-08-31,-0.08277,0.095781,0.178551,-0.038512,0.077783,0.116296,0.042175,0.116848,0.074673,0.129518,0.175886,0.046367,-0.010559,0.117321,0.127881,-0.033375,0.035085,0.06846,-0.027361,0.036093,0.063454,-0.004009,0.004194,0.008203,-0.00921,0.009485,0.018695,0.136905,0.215153,0.078247,-0.104469,0.104886,0.209355,0.001667,0.011483,0.009816,0.142893,0.214753,0.07186,-0.042985,0.071015,0.114001,-0.011738,0.017382,0.029121,-0.063767,0.070313,0.13408,-0.026644,0.07588,0.102524,-0.092336,0.336042,0.428378,0.094578,0.214615,0.120036,Semiconductors,Technology,Cyclical,Quality Growth
2017-09-30,-0.081787,0.095782,0.177569,-0.03718,0.077786,0.114966,0.043154,0.116851,0.073697,0.126788,0.175886,0.049097,-0.01379,0.117774,0.131564,0.038435,0.108651,0.070216,-0.029306,0.036335,0.065641,-0.004059,0.004208,0.008267,-0.008059,0.009485,0.017545,0.057881,0.140875,0.082994,-0.094131,0.104883,0.199014,0.002055,0.011484,0.009429,0.063304,0.140593,0.077289,-0.039921,0.071022,0.110943,0.062328,0.089491,0.027163,-0.061699,0.070504,0.132203,-0.029601,0.075899,0.1055,-0.082701,0.336492,0.419193,0.088291,0.215998,0.127708,Energy,Technology,Value,Quality Growth
2017-10-31,-0.080889,0.095782,0.176671,-0.040728,0.077787,0.118514,0.045856,0.11685,0.070994,0.128884,0.175884,0.047,-0.011333,0.117775,0.129107,0.113288,0.180708,0.06742,-0.02659,0.036382,0.062972,-0.0038,0.004208,0.008008,-0.007657,0.009485,0.017142,-0.018489,0.067395,0.085884,-0.100615,0.106261,0.206876,0.002073,0.011484,0.009412,-0.012299,0.066343,0.078643,-0.037095,0.071023,0.108117,0.135615,0.161489,0.025874,-0.065651,0.071382,0.137033,-0.026325,0.075899,0.102224,-0.086394,0.337868,0.424262,0.092149,0.215996,0.123847,Energy,Technology,GARP,Quality Growth
2017-11-30,-0.076061,0.095717,0.171778,-0.059713,0.06219,0.121903,0.041224,0.116855,0.075631,0.129904,0.175887,0.045983,-0.058812,0.070241,0.129054,0.111661,0.181407,0.069746,-0.030618,0.034599,0.065218,-0.003878,0.004226,0.008104,-0.008458,0.008461,0.016919,0.058224,0.139892,0.081668,-0.098783,0.105832,0.204615,-0.004689,0.004693,0.009381,0.062116,0.137353,0.075237,-0.047768,0.06371,0.111478,0.135879,0.161506,0.025627,-0.065922,0.072211,0.138133,-0.048234,0.059296,0.10753,-0.127715,0.290766,0.418481,0.091642,0.215157,0.123515,Energy,Technology,GARP,Quality Growth
2017-12-30,-0.08061,0.092301,0.172911,-0.059873,0.062397,0.122271,0.039716,0.115929,0.076213,0.065685,0.111761,0.046076,-0.064956,0.065684,0.130641,0.112774,0.180826,0.068051,-0.031689,0.035323,0.067012,-0.004664,0.004337,0.009001,-0.008088,0.00844,0.016529,0.131969,0.212171,0.080202,-0.095737,0.106136,0.201874,-0.004526,0.004694,0.009219,0.132955,0.210812,0.077857,-0.048862,0.062763,0.111624,0.136612,0.161507,0.024895,-0.064738,0.071034,0.135772,-0.053849,0.054353,0.108202,-0.129003,0.28811,0.417113,0.026886,0.151421,0.124536,Semiconductors,Technology,GARP,Quality Growth
2018-01-31,-0.085925,0.092828,0.178753,-0.064256,0.067648,0.131904,0.043705,0.115962,0.072258,-0.003263,0.041484,0.044747,-0.066146,0.065917,0.132064,0.113204,0.181613,0.068409,-0.03025,0.034727,0.064976,-0.00438,0.004312,0.008692,-0.007242,0.008441,0.015684,0.197007,0.27477,0.077763,-0.088448,0.107603,0.196051,-0.004004,0.004694,0.008699,0.199438,0.272161,0.072723,-0.043366,0.062798,0.106164,0.13872,0.161505,0.022785,-0.073173,0.079406,0.152579,-0.052339,0.05373,0.106069,-0.125939,0.28898,0.41492,-0.043339,0.08142,0.124759,Semiconductors,Technology,Cyclical,Quality Growth
2018-02-28,-0.082551,0.092922,0.175473,-0.064497,0.070731,0.135227,-0.021605,0.044123,0.065728,0.001515,0.041476,0.039961,-0.067575,0.067322,0.134897,0.182383,0.250645,0.068262,-0.02991,0.034361,0.06427,-0.004049,0.004317,0.008366,-0.006793,0.008249,0.015042,0.195393,0.272879,0.077487,-0.098422,0.108279,0.206702,-0.003889,0.004696,0.008585,0.199248,0.271286,0.072038,-0.036191,0.062519,0.09871,0.206392,0.228859,0.022468,-0.076574,0.083422,0.159996,-0.049327,0.053711,0.103038,-0.204187,0.217795,0.421982,-0.03936,0.082408,0.121768,Semiconductors,Technology,GARP,Quality Growth
2018-03-31,-0.079654,0.089928,0.169581,-0.066967,0.066861,0.133828,-0.034053,0.033862,0.067915,-0.020471,0.020426,0.040897,-0.06769,0.067678,0.135368,0.181108,0.246467,0.065359,-0.032639,0.032389,0.065029,-0.004184,0.004133,0.008316,-0.008191,0.008159,0.01635,0.240469,0.322527,0.082058,-0.102885,0.102851,0.205735,-0.004843,0.004719,0.009563,0.170519,0.247615,0.077096,-0.051418,0.051207,0.102625,0.202295,0.22543,0.023135,-0.007718,0.152192,0.159909,-0.052074,0.051912,0.103987,-0.202361,0.212519,0.41488,-0.059242,0.059125,0.118368,Semiconductors,Technology,GARP,Quality Growth
2018-04-30,-0.080734,0.089614,0.170348,-0.070597,0.070657,0.141255,-0.03071,0.034089,0.064799,-0.021024,0.020964,0.041988,-0.066233,0.067524,0.133757,0.199995,0.267423,0.067427,0.01817,0.080099,0.061929,-0.003872,0.004187,0.008059,-0.007623,0.008178,0.015801,0.16731,0.249378,0.082067,-0.099951,0.103164,0.203116,-0.004732,0.004723,0.009455,0.21884,0.295153,0.076313,-0.046786,0.051563,0.098349,0.22312,0.244944,0.021824,-0.08364,0.083437,0.167077,-0.05267,0.052742,0.105412,-0.20071,0.212877,0.413587,-0.058154,0.059285,0.117439,Healthcare,Technology,GARP,Quality Growth
2018-05-31,-0.088702,0.088721,0.177424,-0.06912,0.069168,0.138289,-0.030145,0.030177,0.060322,-0.021128,0.021122,0.04225,-0.064881,0.064922,0.129803,0.188479,0.254853,0.066374,-0.030752,0.030614,0.061366,-0.004072,0.004061,0.008133,-0.007475,0.007507,0.014982,0.237186,0.319436,0.08225,-0.104815,0.104832,0.209647,-0.004575,0.004587,0.009162,0.240915,0.315722,0.074807,-0.045819,0.045883,0.091701,0.210887,0.232354,0.021467,-0.084606,0.084569,0.169175,-0.05173,0.05176,0.10349,-0.212853,0.212891,0.425744,-0.056793,0.056822,0.113615,Semiconductors,Technology,Cyclical,Quality Growth
2018-06-30,-0.091018,0.091118,0.182136,-0.071503,0.071981,0.143484,-0.031477,0.031538,0.063015,-0.021328,0.02138,0.042708,-0.063169,0.06536,0.128529,0.115136,0.180465,0.06533,-0.027721,0.030641,0.058362,-0.004136,0.004076,0.008211,-0.007961,0.007627,0.015588,0.310518,0.386105,0.075587,-0.102751,0.10512,0.207872,-0.004588,0.004589,0.009178,0.315378,0.38292,0.067542,-0.046053,0.04705,0.093103,0.135636,0.158086,0.02245,-0.087936,0.087699,0.175635,-0.051348,0.05239,0.103738,-0.212388,0.214775,0.427163,-0.05329,0.057081,0.11037,Semiconductors,Technology,Cyclical,Quality Growth
2018-07-31,-0.087817,0.087943,0.17576,-0.072085,0.072183,0.144267,-0.032083,0.031871,0.063955,-0.020499,0.020522,0.041021,-0.065638,0.065597,0.131235,0.050674,0.117357,0.066683,-0.030163,0.030391,0.060555,-0.00414,0.004053,0.008193,-0.007834,0.007649,0.015483,0.379268,0.452579,0.073312,-0.105201,0.105354,0.210554,-0.004481,0.004501,0.008982,0.382579,0.448722,0.066143,-0.047137,0.046944,0.09408,0.074192,0.095371,0.021179,-0.088051,0.087606,0.175657,-0.052115,0.051973,0.104088,-0.213548,0.213457,0.427006,-0.055921,0.055927,0.111848,Semiconductors,Technology,Cyclical,Quality Growth
2018-08-31,-0.084509,0.084529,0.169038,-0.074488,0.074529,0.149017,-0.031715,0.031765,0.06348,-0.019096,0.019109,0.038205,-0.063048,0.064543,0.12759,0.042585,0.109635,0.06705,-0.027455,0.029175,0.05663,-0.003253,0.003813,0.007066,-0.007691,0.007726,0.015417,0.385221,0.458663,0.073442,-0.112251,0.112207,0.224457,-0.004301,0.004307,0.008608,0.391177,0.454169,0.062993,-0.04533,0.046138,0.091468,0.065673,0.086539,0.020866,-0.092801,0.092858,0.185659,-0.049639,0.050678,0.100318,-0.216817,0.216857,0.433674,-0.052261,0.05276,0.105022,Semiconductors,Technology,Cyclical,Quality Growth
2018-09-29,-0.082171,0.082187,0.164359,-0.071553,0.077467,0.14902,-0.031008,0.031782,0.06279,-0.020305,0.020233,0.040538,-0.062709,0.064852,0.127561,0.042743,0.109638,0.066895,-0.030167,0.030103,0.060269,-0.003301,0.003823,0.007123,-0.007522,0.007728,0.01525,0.383019,0.455143,0.072124,-0.112785,0.112806,0.225591,-0.004241,0.00424,0.008481,0.388756,0.450032,0.061277,-0.045297,0.04629,0.091587,0.065117,0.087126,0.022009,-0.090217,0.096058,0.186275,-0.050514,0.051552,0.102067,-0.215483,0.215376,0.430859,-0.052362,0.053565,0.105927,Semiconductors,Technology,Cyclical,Quality Growth
2018-10-31,-0.080263,0.080369,0.160632,-0.06752,0.069536,0.137056,-0.03578,0.035789,0.071569,-0.020524,0.020553,0.041078,-0.063366,0.064859,0.128225,0.044004,0.11176,0.067757,-0.026968,0.029637,0.056604,-0.005902,0.006677,0.012579,-0.0081,0.008228,0.016328,0.385712,0.451355,0.065643,-0.116496,0.116436,0.232932,-0.004797,0.0048,0.009597,0.388924,0.447076,0.058152,-0.051591,0.051606,0.103198,0.006991,0.028784,0.021793,-0.082066,0.085624,0.16769,-0.050978,0.055165,0.106142,-0.217702,0.218145,0.435847,0.006423,0.113601,0.107178,Semiconductors,Technology,Cyclical,Quality Growth
2018-11-30,-0.015838,0.142791,0.158629,-0.071684,0.073123,0.144807,-0.035934,0.036785,0.072719,-0.020693,0.020593,0.041286,-0.064058,0.065701,0.129759,-0.009921,0.06489,0.074811,-0.029463,0.030464,0.059927,-0.005622,0.006678,0.012301,-0.008533,0.008671,0.017204,0.373923,0.438118,0.064195,-0.107097,0.107088,0.214185,-0.005081,0.005097,0.010178,0.376341,0.436998,0.060657,-0.052749,0.053807,0.106556,-0.011471,0.011476,0.022947,-0.024705,0.147776,0.172482,-0.053891,0.056353,0.110244,-0.206901,0.210421,0.417321,-0.026623,0.083169,0.109793,Semiconductors,Technology,Cyclical,Quality Growth
2018-12-31,-0.01846,0.144206,0.162666,-0.071748,0.071892,0.143641,-0.037765,0.037651,0.075416,-0.019479,0.01941,0.038888,-0.062519,0.066391,0.12891,-0.038033,0.038237,0.07627,0.039848,0.099532,0.059684,-0.006022,0.006894,0.012917,-0.008617,0.008766,0.017383,0.332181,0.394311,0.062129,-0.103953,0.107512,0.211466,-0.005433,0.005197,0.010631,0.333561,0.392626,0.059066,0.013435,0.123962,0.110527,-0.012635,0.012696,0.02533,-0.022954,0.147334,0.170288,-0.054324,0.055953,0.110277,-0.205794,0.212359,0.418154,-0.051288,0.055069,0.106358,Semiconductors,Technology,Cyclical,Quality Growth
2019-01-31,-0.026234,0.146942,0.173176,-0.071967,0.074657,0.146625,-0.035087,0.037651,0.072738,-0.01926,0.019475,0.038735,-0.058946,0.066345,0.125291,-0.034295,0.038404,0.072699,0.039673,0.100061,0.060389,-0.005643,0.006895,0.012538,-0.009025,0.009015,0.01804,0.253851,0.320176,0.066325,-0.028135,0.175181,0.203316,-0.004932,0.005198,0.010129,0.255658,0.31833,0.062672,0.017358,0.124122,0.106764,-0.012567,0.012866,0.025432,-0.027115,0.150536,0.177651,-0.054417,0.056639,0.111056,-0.13068,0.282975,0.413655,-0.048236,0.054533,0.102769,Semiconductors,Consumer Disc.,Cyclical,Quality Growth
2019-02-28,-0.072211,0.097345,0.169555,-0.066012,0.07465,0.140662,-0.035613,0.037646,0.073259,-0.020373,0.020443,0.040816,-0.06128,0.066971,0.128251,-0.03218,0.036356,0.068537,0.038904,0.100093,0.061189,-0.006562,0.006602,0.013164,-0.009213,0.009206,0.018419,0.305498,0.370198,0.064699,-0.035732,0.175288,0.211019,-0.005228,0.005202,0.01043,0.234916,0.295723,0.060808,0.016092,0.124122,0.10803,-0.012684,0.012593,0.025277,-0.000211,0.174189,0.1744,-0.051866,0.056779,0.108645,-0.136847,0.283186,0.420032,-0.049401,0.053407,0.102808,Semiconductors,Communication,Cyclical,Quality Growth
2019-03-30,-0.072022,0.096512,0.168534,-0.069924,0.073249,0.143173,-0.034589,0.037734,0.072322,-0.019796,0.020439,0.040235,-0.062051,0.063228,0.125279,-0.03137,0.035897,0.067267,0.040354,0.099066,0.058712,-0.006477,0.006461,0.012938,-0.009611,0.009584,0.019195,0.238415,0.30368,0.065265,0.032243,0.248985,0.216742,-0.005174,0.005164,0.010338,0.170342,0.228379,0.058038,0.017719,0.123936,0.106217,-0.012386,0.012515,0.024901,-0.00418,0.173411,0.177592,-0.050705,0.055409,0.106113,-0.072137,0.356231,0.428368,-0.048653,0.050119,0.098772,Semiconductors,Communication,Cyclical,Quality Growth
2019-04-30,-0.073067,0.097751,0.170819,-0.071287,0.074039,0.145326,-0.033565,0.03774,0.071304,-0.017489,0.020444,0.037932,-0.064271,0.065134,0.129406,-0.023386,0.035907,0.059293,0.040208,0.099171,0.058963,-0.006113,0.006378,0.012491,-0.008982,0.009579,0.01856,0.165453,0.228904,0.063452,0.097245,0.319787,0.222542,-0.004745,0.005166,0.009911,0.182803,0.238587,0.055785,0.018962,0.123948,0.104986,-0.011432,0.012623,0.024055,-0.018542,0.157195,0.175736,-0.048473,0.055509,0.103982,-0.076139,0.360464,0.436602,-0.047179,0.051675,0.098854,Semiconductors,Communication,Cyclical,Quality Growth
2019-05-31,-0.072688,0.098003,0.170691,-0.07096,0.074541,0.145501,-0.037226,0.037907,0.075133,-0.015846,0.020403,0.036249,-0.065146,0.067049,0.132196,-0.026485,0.035807,0.062291,0.039795,0.099265,0.05947,-0.006303,0.006567,0.01287,-0.010574,0.01021,0.020784,0.096849,0.154352,0.057504,0.174081,0.390493,0.216412,-0.005496,0.005404,0.0109,0.180782,0.233386,0.052605,0.012169,0.125066,0.112896,-0.009568,0.012872,0.02244,-0.015502,0.157402,0.172904,-0.05184,0.055986,0.107826,-0.070952,0.363714,0.434666,-0.045089,0.051574,0.096663,Technology,Communication,Cyclical,Quality Growth
2019-06-29,-0.065588,0.09817,0.163758,3e-06,0.1459,0.145896,-0.037692,0.038147,0.075839,-0.016283,0.020403,0.036686,-0.064832,0.067308,0.13214,-0.022343,0.035806,0.058148,0.039373,0.098992,0.059619,-0.00674,0.006763,0.013504,-0.009998,0.009839,0.019836,0.020367,0.082273,0.061907,0.168999,0.391136,0.222137,-0.005266,0.005264,0.010529,0.161315,0.217095,0.05578,0.012898,0.124531,0.111634,-0.009906,0.012872,0.022778,-0.000138,0.172228,0.172366,-0.050247,0.056763,0.10701,-0.070047,0.364937,0.434983,-0.043875,0.051575,0.09545,Technology,Communication,Cyclical,Quality Growth
2019-07-31,-0.070762,0.098179,0.168942,0.002888,0.146076,0.143188,-0.037856,0.039102,0.076958,-0.014417,0.020405,0.034822,-0.065924,0.067378,0.133303,-0.020762,0.035369,0.056131,0.040626,0.099009,0.058383,-0.006234,0.00636,0.012595,0.063315,0.083085,0.01977,0.022086,0.082697,0.060611,0.092206,0.317074,0.224868,-0.005165,0.005264,0.010429,0.089473,0.143362,0.053889,0.013283,0.125416,0.112132,-0.009919,0.01288,0.022799,0.078695,0.245165,0.16647,-0.049659,0.056618,0.106277,-0.079899,0.365075,0.444974,-0.041974,0.051484,0.093458,Technology,Communication,Cyclical,Quality Growth
2019-08-31,-0.067075,0.098178,0.165253,0.004977,0.147256,0.14228,-0.040344,0.040352,0.080695,-0.012129,0.020404,0.032534,-0.064387,0.06877,0.133157,-0.022676,0.03265,0.055326,0.021237,0.077772,0.056535,-0.006149,0.006163,0.012312,0.062054,0.083749,0.021695,0.040595,0.100528,0.059932,0.089493,0.31858,0.229087,-0.005595,0.005598,0.011193,0.109145,0.160936,0.051791,-0.012226,0.105926,0.118152,-0.010662,0.011846,0.022507,0.078975,0.244004,0.165028,-0.04755,0.058001,0.105552,-0.080714,0.367804,0.448518,-0.036969,0.051484,0.088452,Technology,Communication,Cyclical,Quality Growth
2019-09-30,-0.064946,0.097017,0.161963,0.00842,0.147276,0.138856,-0.04056,0.041086,0.081646,-0.012874,0.020282,0.033157,-0.062538,0.068529,0.131067,-0.022635,0.031959,0.054594,0.017577,0.074895,0.057318,-0.006301,0.006186,0.012487,0.062467,0.083755,0.021288,-0.031063,0.030954,0.062017,0.158437,0.392057,0.23362,-0.005985,0.006003,0.011988,0.036427,0.091514,0.055087,-0.014562,0.104801,0.119363,-0.010795,0.011027,0.021822,0.157885,0.317615,0.15973,-0.045677,0.058045,0.103723,-0.080959,0.366636,0.447595,-0.042318,0.050362,0.092681,Technology,Communication,Growth,Quality Growth
2019-10-31,-0.079254,0.084045,0.163299,0.011795,0.147947,0.136151,-0.037395,0.041085,0.07848,-0.010288,0.020277,0.030565,-0.061989,0.068987,0.130976,-0.02514,0.032006,0.057146,0.091961,0.147769,0.055808,-0.006114,0.006193,0.012307,0.063305,0.083742,0.020436,-0.032845,0.03188,0.064724,0.091762,0.330067,0.238305,-0.0058,0.006003,0.011802,0.035811,0.09169,0.055878,-0.007943,0.10479,0.112733,-0.011277,0.011065,0.022342,0.217465,0.378941,0.161476,-0.046644,0.058046,0.10469,-0.14726,0.304627,0.451887,-0.040154,0.050841,0.090995,Industrials,Communication,Growth,Quality Growth
2019-11-30,-0.08032,0.083835,0.164155,0.017024,0.1479,0.130876,-0.034705,0.041083,0.075788,-0.0094,0.020276,0.029676,-0.06225,0.068984,0.131233,-0.027509,0.032744,0.060254,0.092035,0.147827,0.055791,-0.006223,0.006215,0.012438,0.136538,0.156342,0.019803,-0.031503,0.032824,0.064327,0.011478,0.255968,0.24449,-0.005166,0.006002,0.011168,-0.025581,0.028231,0.053812,0.069016,0.177384,0.108368,-0.01111,0.011673,0.022783,0.218591,0.379897,0.161306,-0.046202,0.058046,0.104248,-0.165255,0.293501,0.458757,-0.039459,0.051267,0.090726,Real Estate,Communication,Growth,Quality Growth
2019-12-31,-0.077359,0.083831,0.16119,0.019111,0.148523,0.129412,-0.031999,0.04108,0.073079,-0.014472,0.014704,0.029176,-0.060991,0.069227,0.130218,-0.027722,0.032844,0.060566,0.166007,0.220151,0.054145,-0.006162,0.006361,0.012523,0.124114,0.143791,0.019677,-0.034182,0.034145,0.068327,-0.051235,0.199341,0.250576,-0.00511,0.006001,0.011111,0.044736,0.101734,0.056998,0.059173,0.165011,0.105837,-0.010531,0.011438,0.021969,0.218845,0.381149,0.162304,-0.044037,0.057858,0.101895,-0.223647,0.236869,0.460515,-0.04454,0.045942,0.090482,Industrials,Communication,Growth,Quality Growth
2020-01-31,-0.077451,0.085092,0.162543,0.01114,0.15033,0.13919,0.039773,0.109727,0.069955,-0.010627,0.014704,0.025331,-0.062105,0.067028,0.129133,-0.022907,0.033037,0.055944,0.1409,0.192918,0.052019,-0.005052,0.006361,0.011413,0.124349,0.1438,0.019451,-0.031321,0.034033,0.065354,-0.100751,0.156969,0.257721,-0.005947,0.006001,0.011948,0.048556,0.101624,0.053068,0.101774,0.206423,0.104649,-0.009182,0.011439,0.020621,0.16577,0.337891,0.17212,-0.040702,0.057554,0.098256,-0.229692,0.239504,0.469196,-0.036525,0.045565,0.08209,Industrials,Technology,Growth,Quality Growth
2020-02-29,-0.08067,0.086208,0.166878,0.010032,0.151004,0.140972,0.110036,0.179327,0.069291,-0.007836,0.014704,0.02254,-0.056461,0.066827,0.123288,-0.025533,0.033088,0.058621,0.068532,0.120121,0.051589,-0.005259,0.006176,0.011435,0.122004,0.142828,0.020824,-0.033321,0.035535,0.068857,-0.095462,0.158171,0.253633,-0.006062,0.006011,0.012073,0.047155,0.10158,0.054425,0.101695,0.205066,0.103371,-0.011004,0.011959,0.022963,0.088577,0.267926,0.179349,-0.040743,0.057748,0.098492,-0.154214,0.310299,0.464513,-0.031465,0.045421,0.076886,Real Estate,Technology,Defensive,Quality Growth
2020-03-31,-0.072982,0.087082,0.160064,-0.067779,0.079569,0.147348,0.103128,0.179329,0.076201,-0.003219,0.014705,0.017924,-0.045483,0.066873,0.112356,-0.02835,0.034464,0.062814,0.070083,0.11968,0.049596,-0.004605,0.006176,0.010781,0.117691,0.140011,0.02232,-0.031736,0.036056,0.067792,-0.03039,0.229951,0.260341,-0.00636,0.006104,0.012463,0.048546,0.100862,0.052316,0.096438,0.205159,0.108721,-0.01088,0.012468,0.023348,0.070688,0.264612,0.193925,-0.038472,0.057837,0.096309,-0.146691,0.313638,0.460328,-0.019629,0.045425,0.065054,Real Estate,Communication,Defensive,Quality Growth
2020-04-30,-0.080298,0.085507,0.165804,-0.076125,0.085766,0.16189,0.108251,0.179329,0.071078,-0.009309,0.009924,0.019233,-0.047223,0.06163,0.108853,-0.027218,0.034186,0.061403,0.014042,0.060407,0.046366,-0.00404,0.006062,0.010103,0.118658,0.139992,0.021334,-0.029986,0.03444,0.064427,0.037587,0.296654,0.259067,-0.004338,0.006104,0.010442,-0.006727,0.041009,0.047736,0.103308,0.20516,0.101852,-0.012621,0.012869,0.02549,0.132039,0.337574,0.205535,-0.03764,0.057826,0.095466,-0.154589,0.305872,0.460461,-0.02377,0.039691,0.06346,Real Estate,Communication,Growth,Quality Growth
2020-05-30,-0.084745,0.08481,0.169556,-0.07835,0.07822,0.15657,0.111144,0.179332,0.068188,-0.008337,0.009569,0.017906,-0.055355,0.055349,0.110704,-0.031599,0.032574,0.064173,-0.021993,0.023459,0.045452,-0.005245,0.005268,0.010512,0.105213,0.126819,0.021606,-0.02983,0.035602,0.065431,0.1046,0.363494,0.258893,-0.005504,0.005506,0.011009,-0.019197,0.026497,0.045694,0.071367,0.170431,0.099064,-0.013368,0.013285,0.026653,0.203812,0.404835,0.201024,-0.048779,0.048779,0.097558,-0.162181,0.303298,0.465479,-0.031654,0.032875,0.064529,Consumer Staples,Communication,Growth,Quality Growth
2020-06-30,-0.078333,0.083732,0.162066,-0.082681,0.082699,0.16538,0.115188,0.179332,0.064144,-0.007214,0.009572,0.016786,-0.051785,0.051793,0.103579,-0.029813,0.031911,0.061724,-0.020994,0.021964,0.042958,-0.005409,0.005283,0.010692,0.041802,0.062439,0.020637,-0.032904,0.033231,0.066135,0.156442,0.432538,0.276097,-0.004298,0.005506,0.009804,-0.023206,0.022986,0.046192,0.031303,0.123619,0.092316,-0.013335,0.013355,0.02669,0.24081,0.452535,0.211726,-0.045112,0.04744,0.092553,-0.161138,0.308403,0.469542,-0.029321,0.031662,0.060982,Technology,Consumer Disc.,Growth,Quality Growth
2020-07-31,-0.076631,0.084448,0.16108,-0.088285,0.08829,0.176575,0.114733,0.179332,0.0646,-0.005162,0.009572,0.014734,-0.04738,0.050529,0.097909,-0.025258,0.032246,0.057504,-0.019636,0.021932,0.041568,-0.005772,0.005645,0.011417,0.041945,0.062476,0.020532,-0.033343,0.034432,0.067775,0.088389,0.364061,0.275672,0.0564,0.067036,0.010636,-0.022786,0.023029,0.045815,0.092557,0.185019,0.092462,-0.012051,0.013109,0.02516,0.162574,0.387076,0.224503,-0.043432,0.04756,0.090992,-0.151843,0.313312,0.465155,-0.025019,0.030895,0.055913,Consumer Staples,Consumer Disc.,Growth,Quality Growth
2020-08-31,-0.075342,0.085391,0.160733,-0.091425,0.09251,0.183935,0.117684,0.179334,0.061651,-0.00627,0.006322,0.012592,-0.046477,0.049182,0.095659,-0.022179,0.030364,0.052543,-0.018672,0.021811,0.040483,-0.004951,0.005698,0.010649,0.044237,0.062057,0.01782,0.030635,0.095966,0.065332,0.015181,0.304327,0.289146,0.057579,0.067036,0.009457,0.042944,0.083309,0.040364,0.098349,0.185023,0.086674,-0.011484,0.01273,0.024215,0.090057,0.326795,0.236739,-0.038717,0.046931,0.085648,-0.156784,0.319126,0.47591,-0.024365,0.026086,0.050451,Consumer Staples,Consumer Disc.,Defensive,Quality Growth
2020-09-30,-0.069893,0.085189,0.155082,-0.087966,0.091613,0.179579,0.113142,0.179339,0.066197,-0.005728,0.005818,0.011546,-0.047671,0.04927,0.096941,-0.025518,0.028597,0.054115,-0.022079,0.021617,0.043696,-0.005127,0.005759,0.010886,0.035904,0.054362,0.018459,0.024548,0.09663,0.072082,0.095386,0.376798,0.281412,-0.004997,0.005008,0.010006,0.037606,0.083539,0.045933,0.030133,0.12261,0.092477,-0.012844,0.012812,0.025656,0.157751,0.390862,0.233111,-0.044363,0.04535,0.089713,-0.144129,0.319193,0.463322,-0.024155,0.025633,0.049788,Consumer Staples,Consumer Disc.,Growth,Quality Growth
2020-10-31,-0.081408,0.085061,0.166469,-0.08601,0.091608,0.177618,0.111623,0.179342,0.067718,-0.005689,0.005712,0.011401,-0.044598,0.04832,0.092918,-0.026455,0.026844,0.053299,-0.021515,0.022278,0.043792,-0.004754,0.005951,0.010705,0.036001,0.054416,0.018415,-0.035791,0.036133,0.071924,0.164027,0.438866,0.274839,-0.005432,0.00547,0.010901,-0.024237,0.024112,0.048348,0.029192,0.123065,0.093873,-0.012639,0.012815,0.025454,0.233557,0.461545,0.227989,-0.043307,0.045777,0.089084,-0.157452,0.307163,0.464616,-0.025114,0.025523,0.050637,Technology,Consumer Disc.,Growth,Quality Growth
2020-11-30,-0.081225,0.081289,0.162514,-0.082827,0.095434,0.178261,0.154568,0.220009,0.065441,-0.006045,0.006044,0.012089,-0.048887,0.04978,0.098666,-0.026615,0.027347,0.053962,-0.022577,0.022576,0.045153,-0.005437,0.006162,0.011599,-0.007034,0.009539,0.016573,-0.03784,0.037995,0.075835,0.168877,0.438854,0.269978,-0.004959,0.004971,0.009929,-0.025977,0.02612,0.052097,0.010013,0.098743,0.08873,-0.012758,0.013586,0.026344,0.189372,0.420059,0.230687,-0.043219,0.046296,0.089515,-0.089872,0.367549,0.457421,-0.027559,0.027647,0.055206,Technology,Consumer Disc.,Growth,Quality Growth
2020-12-31,-0.073647,0.081669,0.155316,-0.081345,0.098837,0.180182,0.15972,0.220006,0.060286,-0.006216,0.006201,0.012417,-0.050292,0.051514,0.101805,-0.027169,0.027309,0.054478,-0.021257,0.02259,0.043847,-0.005343,0.006189,0.011532,0.055779,0.071432,0.015652,-0.039029,0.040945,0.079974,0.093734,0.368338,0.274604,-0.004937,0.00497,0.009907,-0.028882,0.028856,0.057738,0.077858,0.160637,0.082779,-0.012791,0.013232,0.026022,0.118056,0.350504,0.232448,-0.039673,0.046258,0.08593,-0.086266,0.372459,0.458725,-0.028303,0.028055,0.056358,Consumer Staples,Consumer Disc.,Growth,Quality Growth
2021-01-30,-0.074323,0.08167,0.155993,-0.083332,0.101685,0.185016,0.162713,0.220005,0.057292,-0.006802,0.006746,0.013548,-0.041191,0.051979,0.093171,-0.026883,0.028347,0.05523,-0.020457,0.022239,0.042696,-0.004829,0.006212,0.011041,0.055289,0.07144,0.016151,-0.039544,0.040426,0.07997,0.084571,0.364023,0.279452,-0.005212,0.005229,0.010441,0.039675,0.098057,0.058383,0.080095,0.160343,0.080248,-0.01248,0.013451,0.025932,0.040126,0.280606,0.24048,-0.037311,0.046258,0.083569,-0.081246,0.37246,0.453706,-0.028858,0.028825,0.057683,Consumer Staples,Consumer Disc.,Defensive,Quality Growth
2021-02-27,-0.078434,0.085881,0.164315,-0.075799,0.098286,0.174085,0.199995,0.254008,0.054013,-0.0082,0.0081,0.0163,-0.049126,0.054474,0.1036,-0.026599,0.028632,0.055231,-0.022674,0.023547,0.046221,-0.005074,0.00662,0.011694,0.056315,0.071439,0.015124,-0.041339,0.042232,0.083571,0.055211,0.321551,0.26634,-0.004275,0.005229,0.009505,0.037194,0.10063,0.063436,0.054824,0.131252,0.076428,-0.011945,0.013741,0.025686,0.006129,0.235323,0.229194,-0.036918,0.046259,0.083177,-0.016212,0.439805,0.456017,-0.033072,0.032989,0.066062,Consumer Staples,Communication,Defensive,Quality
2021-03-31,-0.08254,0.085881,0.168421,-0.077006,0.096371,0.173377,0.12635,0.182454,0.056104,-0.0082,0.00818,0.01638,-0.048743,0.054344,0.103087,-0.026551,0.028783,0.055334,0.049509,0.097767,0.048258,-0.005874,0.00662,0.012495,0.055516,0.07144,0.015924,-0.037663,0.04138,0.079043,0.059506,0.321551,0.262045,-0.004304,0.005229,0.009533,0.039021,0.100585,0.061564,0.051084,0.130897,0.079812,-0.011796,0.01366,0.025457,0.087239,0.307632,0.220393,-0.044362,0.046088,0.090449,-0.088153,0.368128,0.456281,-0.033033,0.033011,0.066044,Consumer Staples,Communication,Growth,Quality Growth
2021-04-30,-0.014774,0.160251,0.175025,-0.081375,0.096372,0.177747,0.129247,0.182454,0.053207,-0.00757,0.008181,0.015751,-0.048036,0.054362,0.102397,-0.025466,0.028785,0.054251,0.05208,0.097554,0.045474,-0.005652,0.006627,0.01228,0.05543,0.071453,0.016023,-0.035273,0.041493,0.076766,-0.0147,0.247238,0.261938,-0.003912,0.005229,0.009141,0.04204,0.100122,0.058083,0.054687,0.130898,0.076211,0.06045,0.084637,0.024187,0.017255,0.241907,0.224652,-0.043277,0.045926,0.089202,-0.101076,0.363502,0.464578,-0.03008,0.033007,0.063087,Consumer Staples,Consumer Disc.,GARP,Quality Growth
2021-05-31,-0.016818,0.161614,0.178432,-0.070824,0.096129,0.166953,0.127831,0.18246,0.054628,-0.008146,0.008214,0.01636,-0.049693,0.054574,0.104267,-0.028221,0.02863,0.05685,-0.017776,0.029086,0.046862,-0.006429,0.006904,0.013333,0.054963,0.0715,0.016537,-0.037361,0.042131,0.079492,0.055989,0.313527,0.257538,-0.003516,0.005231,0.008746,0.112058,0.17117,0.059112,0.05356,0.130907,0.077347,0.058433,0.084179,0.025746,-0.048576,0.169264,0.21784,-0.045668,0.046208,0.091876,-0.096398,0.364875,0.461273,-0.033409,0.033398,0.066806,Consumer Staples,Consumer Disc.,Cyclical,Quality Growth
2021-06-30,-0.016417,0.161157,0.177574,-0.079612,0.088773,0.168385,0.130202,0.182463,0.052261,-0.008489,0.008287,0.016776,-0.045981,0.053522,0.099504,0.043932,0.099963,0.056031,-0.015033,0.028163,0.043196,-0.005592,0.006272,0.011863,-0.008268,0.00831,0.016578,-0.038106,0.043948,0.082054,0.046474,0.313911,0.267436,-0.003111,0.005231,0.008342,0.115732,0.170468,0.054737,-0.005888,0.0678,0.073687,0.130348,0.155638,0.02529,-0.062305,0.165083,0.227388,-0.042718,0.043685,0.086403,-0.105222,0.363853,0.469075,-0.029947,0.033473,0.063421,Consumer Staples,Consumer Disc.,GARP,Quality Growth
2021-07-31,-0.017855,0.163835,0.18169,-0.07494,0.088785,0.163725,0.058675,0.11169,0.053015,-0.007486,0.007513,0.014998,-0.04736,0.051541,0.098901,0.043331,0.100264,0.056933,0.053626,0.095905,0.04228,-0.005801,0.006332,0.012133,-0.008562,0.008385,0.016947,-0.034585,0.043433,0.078018,0.044365,0.317085,0.272721,-0.003408,0.005233,0.008641,0.118593,0.169604,0.051012,-0.006412,0.067841,0.074252,0.13074,0.155623,0.024884,0.012732,0.233403,0.220672,-0.04281,0.043911,0.086721,-0.183167,0.299225,0.482392,-0.029676,0.030392,0.060068,Consumer Staples,Consumer Disc.,GARP,Quality Growth
2021-08-31,-0.020004,0.166169,0.186173,-0.08192,0.081928,0.163847,0.003524,0.055786,0.052262,-0.00686,0.006883,0.013743,-0.041666,0.051649,0.093316,0.043327,0.10038,0.057053,0.054592,0.095476,0.040884,-0.005372,0.006332,0.011704,-0.008496,0.008402,0.016898,0.036027,0.114392,0.078365,0.030564,0.307367,0.276804,-0.003716,0.005234,0.00895,0.191546,0.239627,0.048081,-0.005253,0.06729,0.072543,0.131226,0.155508,0.024281,-0.010688,0.217646,0.228335,-0.041044,0.043327,0.084372,-0.236472,0.246757,0.483229,-0.029314,0.029845,0.059158,Industrials,Consumer Disc.,Cyclical,Quality Growth
2021-09-30,-0.018526,0.162982,0.181508,-0.085166,0.084922,0.170088,0.002765,0.055888,0.053123,-0.007898,0.007797,0.015695,-0.044026,0.052491,0.096518,0.044787,0.099993,0.055206,0.055793,0.09525,0.039457,-0.005094,0.006307,0.011401,-0.0082,0.008258,0.016458,0.106384,0.184302,0.077918,-0.037224,0.236574,0.273799,-0.003593,0.005237,0.00883,0.221822,0.26919,0.047367,-0.005988,0.06731,0.073297,0.131291,0.155584,0.024293,-0.04264,0.191207,0.233847,-0.04074,0.043289,0.084029,-0.233299,0.241621,0.474921,-0.030447,0.031799,0.062246,Semiconductors,Consumer Disc.,Cyclical,Quality Growth
2021-10-30,-0.014392,0.160031,0.174423,-0.086753,0.092322,0.179076,0.004421,0.055957,0.051536,-0.007912,0.007822,0.015735,-0.037638,0.05191,0.089549,0.043939,0.100636,0.056697,0.056673,0.09525,0.038577,-0.005757,0.005761,0.011518,-0.008346,0.008157,0.016503,0.166072,0.245033,0.078961,-0.10674,0.17188,0.27862,-0.003566,0.00524,0.008806,0.217259,0.260619,0.04336,-0.003054,0.067085,0.070139,0.132984,0.155644,0.02266,-0.048212,0.199854,0.248065,-0.04286,0.044655,0.087514,-0.226556,0.241005,0.467561,-0.029562,0.031138,0.0607,Semiconductors,Technology,Cyclical,Quality Growth
2021-11-30,-0.009962,0.156293,0.166255,-0.091364,0.091413,0.182777,0.005737,0.056506,0.050769,-0.007266,0.00723,0.014496,-0.031777,0.050085,0.081862,0.045721,0.099776,0.054055,0.027881,0.064729,0.036848,-0.005507,0.005744,0.011251,-0.008049,0.007866,0.015915,0.221921,0.312971,0.09105,-0.142929,0.142975,0.285904,-0.004407,0.004411,0.008818,0.246433,0.290052,0.043619,-0.002704,0.064959,0.067662,0.133353,0.155739,0.022386,-0.084297,0.173201,0.257498,-0.041179,0.044382,0.085561,-0.22436,0.242698,0.467058,-0.027246,0.028969,0.056215,Semiconductors,Technology,Cyclical,Quality Growth
2021-12-31,-0.008718,0.156103,0.164821,-0.07893,0.091782,0.170711,0.003692,0.056577,0.052885,-0.007143,0.007215,0.014357,-0.036441,0.048185,0.084627,-0.029106,0.030024,0.05913,0.026727,0.064085,0.037358,-0.006158,0.005861,0.01202,-0.008489,0.008522,0.017011,0.225311,0.314121,0.08881,-0.076008,0.213026,0.289034,-0.004736,0.004499,0.009236,0.244127,0.290075,0.045948,-0.00549,0.065696,0.071186,0.06105,0.085629,0.024579,0.004734,0.24107,0.236337,-0.043958,0.045271,0.089228,-0.232696,0.243304,0.476,-0.027768,0.028954,0.056722,Semiconductors,Consumer Disc.,Cyclical,Quality Growth
2022-01-31,-0.005722,0.156189,0.16191,-0.072723,0.091344,0.164066,-0.003493,0.050373,0.053866,-0.009494,0.009424,0.018919,-0.044154,0.045352,0.089506,-0.028954,0.029907,0.05886,0.024668,0.064711,0.040043,-0.005857,0.005864,0.011721,-0.00807,0.008098,0.016167,0.169519,0.251676,0.082157,-0.011934,0.282563,0.294498,-0.003787,0.004499,0.008286,0.182408,0.228937,0.046529,-0.012492,0.059952,0.072445,0.061468,0.085387,0.023919,0.086464,0.305859,0.219395,-0.043538,0.044731,0.088268,-0.243489,0.243551,0.48704,-0.030821,0.031583,0.062405,Semiconductors,Consumer Disc.,Cyclical,Quality Growth
2022-02-28,0.003449,0.153941,0.150492,-0.075187,0.091344,0.166531,-0.027439,0.027369,0.054808,-0.010235,0.010248,0.020482,-0.044397,0.045442,0.089839,-0.031024,0.031582,0.062606,0.046377,0.086933,0.040557,-0.005876,0.006295,0.012171,-0.007501,0.008108,0.015608,0.165016,0.253661,0.088645,-0.009082,0.280576,0.289659,-0.004102,0.0045,0.008602,0.247781,0.296024,0.048243,-0.036137,0.036977,0.073114,0.055699,0.081548,0.025849,0.035027,0.264008,0.228981,-0.042114,0.045825,0.087939,-0.227651,0.242995,0.470645,-0.032605,0.032623,0.065228,Semiconductors,Consumer Disc.,Cyclical,Quality Growth
2022-03-31,0.006352,0.153949,0.147598,-0.084324,0.089422,0.173746,-0.026719,0.028149,0.054868,-0.01023,0.010249,0.020479,-0.040595,0.044897,0.085491,-0.032385,0.032686,0.06507,0.118019,0.159403,0.041385,-0.006168,0.006302,0.01247,-0.008103,0.008105,0.016208,0.096378,0.1826,0.086222,-0.007883,0.279735,0.287617,-0.004344,0.004502,0.008846,0.252066,0.298371,0.046305,-0.035065,0.037206,0.07227,0.055442,0.081684,0.026242,0.02281,0.261818,0.239008,-0.041078,0.046047,0.087125,-0.22379,0.241935,0.465725,-0.030386,0.03294,0.063325,Industrials,Consumer Disc.,Cyclical,Quality Growth
2022-04-30,-0.003265,0.135046,0.13831,-0.070712,0.090051,0.160764,-0.031132,0.031802,0.062934,-0.011848,0.011995,0.023844,-0.042863,0.047474,0.090338,-0.034307,0.036526,0.070833,0.172328,0.216177,0.04385,-0.006262,0.006776,0.013039,-0.00866,0.009299,0.017959,0.049987,0.127963,0.077976,-0.009343,0.282385,0.291728,-0.003922,0.004505,0.008426,0.251357,0.299514,0.048157,-0.040072,0.041772,0.081844,0.035768,0.063135,0.027366,0.053089,0.263483,0.210394,-0.045165,0.049763,0.094928,-0.22282,0.247276,0.470096,-0.032157,0.035057,0.067215,Industrials,Consumer Disc.,Cyclical,Quality Growth
2022-05-31,0.023769,0.164729,0.14096,-0.064711,0.09031,0.155021,-0.024685,0.031938,0.056623,-0.013325,0.013839,0.027163,-0.045975,0.048611,0.094587,-0.03524,0.037686,0.072926,0.141231,0.185275,0.044044,-0.006435,0.007148,0.013583,-0.007395,0.0097,0.017095,0.040653,0.123366,0.082713,-0.00342,0.282667,0.286087,-0.004467,0.00473,0.009197,0.219071,0.268579,0.049508,-0.036363,0.042691,0.079054,-0.002278,0.027063,0.029341,0.118228,0.325461,0.207233,-0.044146,0.050312,0.094458,-0.217898,0.24801,0.465908,-0.036612,0.037885,0.074498,Industrials,Consumer Disc.,Cyclical,Quality Growth
2022-06-30,0.074163,0.216768,0.142605,-0.068697,0.082144,0.150841,-0.027978,0.031912,0.05989,-0.012644,0.013891,0.026535,-0.044112,0.048213,0.092325,-0.038543,0.041993,0.080536,0.115092,0.158667,0.043574,-0.005657,0.0069,0.012557,-0.00778,0.010262,0.018042,0.050264,0.122477,0.072213,-0.029245,0.261403,0.290648,-0.004863,0.00537,0.010233,0.197747,0.241505,0.043758,-0.038972,0.044848,0.083821,-0.013524,0.015378,0.028902,0.157613,0.358338,0.200725,-0.046662,0.051299,0.09796,-0.221147,0.24959,0.470738,-0.035055,0.039042,0.074097,Industrials,Consumer Disc.,Cyclical,Quality Growth
2022-07-30,0.078074,0.212061,0.133987,-0.082506,0.086602,0.169108,-0.024352,0.031919,0.056271,0.055305,0.082166,0.026861,-0.044306,0.044888,0.089194,-0.032728,0.040799,0.073526,0.068581,0.110537,0.041956,-0.005297,0.006512,0.011809,-0.007929,0.009585,0.017514,0.034822,0.108762,0.073939,-0.035045,0.260799,0.295844,-0.00462,0.00537,0.00999,0.136846,0.179587,0.042741,-0.033918,0.043827,0.077745,-0.012613,0.015042,0.027655,0.140843,0.362342,0.221498,-0.044508,0.050009,0.094517,-0.222235,0.243945,0.46618,0.035584,0.105248,0.069664,Communication,Consumer Disc.,Growth,Quality Growth
2022-08-31,0.002738,0.138329,0.135591,-0.080744,0.086615,0.167359,-0.026613,0.032067,0.05868,0.05439,0.082224,0.027834,-0.044295,0.045065,0.08936,-0.032335,0.04046,0.072795,0.066864,0.110678,0.043814,-0.005087,0.006512,0.0116,-0.007771,0.009558,0.017329,0.039244,0.10876,0.069516,0.03885,0.334362,0.295512,-0.00524,0.00537,0.010611,0.136406,0.179585,0.043179,-0.037133,0.043841,0.080974,-0.012904,0.015376,0.02828,0.146286,0.359863,0.213577,-0.045028,0.05033,0.095357,-0.2219,0.245132,0.467032,0.034272,0.105874,0.071602,Industrials,Consumer Disc.,Growth,Quality Growth
2022-09-30,0.077784,0.210734,0.13295,-0.084557,0.086832,0.171388,-0.029173,0.031564,0.060737,0.05378,0.082313,0.028533,-0.043458,0.044505,0.087963,-0.039133,0.042455,0.081588,0.066732,0.110569,0.043837,-0.005612,0.006558,0.01217,-0.006568,0.009561,0.016129,0.044147,0.107744,0.063597,-0.028484,0.261779,0.290263,-0.005459,0.005387,0.010845,0.137892,0.179561,0.04167,-0.03968,0.043383,0.083063,-0.014137,0.015653,0.02979,0.071085,0.288054,0.216969,-0.047315,0.050185,0.0975,-0.139694,0.317179,0.456873,0.03185,0.105985,0.074135,Communication,Consumer Disc.,Cyclical,Quality Growth
2022-10-31,0.032176,0.152453,0.120277,-0.06421,0.088166,0.152376,-0.030108,0.032219,0.062327,0.048743,0.082371,0.033628,-0.048091,0.049459,0.097549,-0.042711,0.044044,0.086755,0.062829,0.111656,0.048827,-0.005985,0.006929,0.012914,-0.007412,0.009566,0.016978,0.042328,0.107746,0.065419,0.017559,0.310276,0.292717,-0.005117,0.005117,0.010233,0.196676,0.242213,0.045537,-0.041519,0.04466,0.086179,-0.014437,0.016517,0.030954,0.012898,0.214083,0.201185,-0.050317,0.052794,0.103112,-0.127492,0.321489,0.448981,0.024191,0.108243,0.084052,Industrials,Consumer Disc.,Cyclical,Quality Growth
2022-11-30,0.099014,0.224512,0.125498,-0.058798,0.078428,0.137226,-0.032735,0.032077,0.064811,0.01566,0.048015,0.032355,-0.050869,0.050194,0.101063,-0.042844,0.042652,0.085495,0.061937,0.112006,0.050069,-0.00725,0.007124,0.014374,-0.008306,0.009615,0.017921,0.031755,0.106235,0.07448,-0.00198,0.28388,0.28586,-0.005582,0.005263,0.010845,0.194018,0.242431,0.048413,-0.043832,0.044151,0.087983,-0.015372,0.016425,0.031797,0.058901,0.25022,0.191319,-0.052684,0.051904,0.104588,-0.130046,0.32025,0.450296,-0.010985,0.074619,0.085604,Communication,Consumer Disc.,Cyclical,Quality Growth
2022-12-31,0.100438,0.224516,0.124078,0.016943,0.140646,0.123703,-0.032719,0.033605,0.066324,0.013485,0.048017,0.034531,-0.052724,0.05285,0.105574,-0.045723,0.045684,0.091407,0.060508,0.113957,0.053449,-0.007542,0.007561,0.015103,-0.008973,0.009691,0.018664,0.031158,0.105353,0.074196,-0.069022,0.212278,0.2813,-0.005829,0.005842,0.011671,0.192328,0.242362,0.050034,-0.046238,0.046973,0.093211,-0.016902,0.017269,0.034171,0.063429,0.238549,0.17512,-0.055091,0.055298,0.110388,-0.122931,0.323404,0.446335,-0.014597,0.076145,0.090741,Communication,Technology,Cyclical,Quality Growth
2023-01-31,0.022442,0.15317,0.130728,0.073527,0.211143,0.137616,-0.027918,0.033608,0.061526,0.014638,0.048017,0.033378,-0.051815,0.052629,0.104443,-0.034044,0.045178,0.079223,0.064405,0.113185,0.04878,-0.007424,0.007251,0.014675,-0.009243,0.009807,0.01905,0.026986,0.108526,0.08154,-0.067799,0.211644,0.279443,-0.003755,0.005842,0.009598,0.190489,0.241097,0.050608,-0.036525,0.04698,0.083506,-0.015932,0.017257,0.033189,0.044881,0.241019,0.196138,-0.048063,0.05443,0.102493,-0.125352,0.323605,0.448957,-0.009497,0.075612,0.085109,Consumer Disc.,Technology,Cyclical,Quality Growth
2023-02-28,0.012954,0.139005,0.126052,0.143631,0.281889,0.138258,-0.026794,0.033613,0.060407,0.016215,0.04802,0.031805,-0.04903,0.053175,0.102204,-0.03177,0.045193,0.076964,0.06468,0.113264,0.048584,-0.007469,0.007562,0.015031,-0.008056,0.009805,0.017861,0.024456,0.111763,0.087308,-0.135417,0.150866,0.286283,-0.003398,0.005844,0.009243,0.131813,0.180272,0.048459,-0.035196,0.04699,0.082186,-0.015747,0.017269,0.033015,0.11266,0.314605,0.201945,-0.043573,0.054774,0.098347,-0.140781,0.309933,0.450715,-0.009177,0.076156,0.085333,Consumer Disc.,Technology,Cyclical,Quality Growth
2023-03-31,-0.060313,0.073332,0.133645,0.163659,0.297834,0.134175,-0.024957,0.033613,0.05857,0.070616,0.099933,0.029317,-0.0431,0.049603,0.092703,-0.029087,0.045199,0.074286,0.069161,0.113149,0.043989,-0.006858,0.007229,0.014087,-0.0075,0.009439,0.01694,0.022436,0.114382,0.091946,-0.15047,0.150441,0.300911,-0.003587,0.005844,0.009431,0.134598,0.18027,0.045671,-0.03369,0.046383,0.080074,-0.015011,0.017274,0.032285,0.12767,0.334297,0.206627,-0.036434,0.05411,0.090544,-0.22651,0.241821,0.468331,0.049376,0.125844,0.076468,Consumer Disc.,Technology,Cyclical,Quality Growth
2023-04-29,-0.061681,0.07463,0.136311,0.158727,0.284348,0.125621,-0.029553,0.029557,0.059111,0.138483,0.169114,0.030631,-0.046036,0.048116,0.094152,-0.036191,0.040479,0.07667,0.040464,0.082399,0.041935,-0.007014,0.006919,0.013932,-0.007347,0.009312,0.016659,0.006766,0.095624,0.088857,-0.153287,0.153659,0.306946,-0.00333,0.005844,0.009175,0.088908,0.132555,0.043647,-0.037984,0.042468,0.080452,-0.013708,0.017169,0.030878,0.120978,0.318961,0.197984,-0.042223,0.048449,0.090673,-0.233146,0.245692,0.478839,0.117176,0.194704,0.077528,Consumer Disc.,Technology,Growth,Quality Growth
2023-05-31,-0.069898,0.074135,0.144033,0.153683,0.286261,0.132578,-0.026738,0.026745,0.053482,0.144175,0.169114,0.024939,-0.042353,0.043247,0.085601,-0.032455,0.039687,0.072143,-0.017199,0.020975,0.038173,-0.006206,0.006211,0.012417,0.040575,0.055836,0.015262,0.011799,0.118753,0.106954,-0.151393,0.154734,0.306127,-0.00399,0.004302,0.008292,0.044401,0.086933,0.042531,0.012804,0.08461,0.071805,-0.015886,0.016593,0.032479,0.104334,0.328959,0.224625,-0.037112,0.046069,0.083182,-0.235462,0.243062,0.478523,0.126921,0.193775,0.066854,Consumer Disc.,Technology,Value,Quality Growth
2023-06-30,-0.063433,0.074165,0.137597,0.121466,0.262816,0.14135,-0.02667,0.026754,0.053424,0.144452,0.169114,0.024662,-0.043135,0.042758,0.085893,0.000951,0.070596,0.069644,-0.018493,0.02113,0.039624,-0.006516,0.006289,0.012805,0.040951,0.055613,0.014662,-0.037032,0.07019,0.107222,-0.108968,0.196282,0.30525,-0.003572,0.004295,0.007868,0.035407,0.078072,0.042665,0.013567,0.084619,0.071052,-0.015245,0.016379,0.031623,0.072877,0.307184,0.234307,-0.035699,0.04594,0.081638,-0.22959,0.24392,0.47351,0.158683,0.223887,0.065204,Energy,Technology,Value,Quality Growth
2023-07-31,-0.072146,0.072721,0.144867,0.122146,0.262838,0.140693,-0.026617,0.026617,0.053234,0.109633,0.133433,0.0238,-0.042631,0.043103,0.085734,0.000692,0.069878,0.069186,-0.019208,0.02035,0.039558,-0.006455,0.006477,0.012932,0.030376,0.044727,0.014351,-0.055465,0.055504,0.11097,-0.037087,0.260055,0.297142,-0.003238,0.004296,0.007534,0.089113,0.132476,0.043363,0.004442,0.073677,0.069236,-0.014814,0.016387,0.031202,0.072237,0.307875,0.235638,-0.037748,0.044647,0.082395,-0.235418,0.235883,0.471301,0.122189,0.189055,0.066866,Consumer Disc.,Communication,Value,Quality Growth
2023-08-31,-0.072397,0.073008,0.145406,0.122191,0.26453,0.142339,-0.026641,0.0269,0.05354,0.088341,0.113157,0.024816,-0.041544,0.043898,0.085442,-0.000689,0.072395,0.073084,0.045432,0.085509,0.040077,-0.0063,0.006307,0.012607,0.030571,0.044673,0.014102,-0.056463,0.057085,0.113548,-0.079871,0.208243,0.288114,-0.00263,0.004296,0.006926,0.038442,0.080517,0.042076,0.005352,0.07396,0.068608,-0.015578,0.016743,0.032321,0.068503,0.313665,0.245162,0.028794,0.109046,0.080252,-0.22867,0.237292,0.465962,0.103158,0.168778,0.06562,Consumer Disc.,Technology,Value,Quality Growth
2023-09-30,-0.074405,0.07446,0.148865,0.120053,0.260246,0.140193,-0.027574,0.027663,0.055237,0.103454,0.130988,0.027534,-0.042776,0.043384,0.08616,-0.004741,0.072478,0.077219,0.037713,0.077509,0.039796,-0.006357,0.006323,0.012679,0.031108,0.044637,0.013528,-0.053728,0.055321,0.109048,-0.080796,0.202693,0.283489,-0.001953,0.004299,0.006252,-0.02135,0.021555,0.042905,0.006223,0.074262,0.068039,-0.015424,0.016762,0.032186,0.124821,0.363636,0.238814,0.016352,0.098136,0.081784,-0.226476,0.239398,0.465873,0.115854,0.186252,0.070399,Consumer Disc.,Technology,Growth,Quality Growth
2023-10-31,-0.073117,0.073054,0.146171,0.12666,0.26238,0.13572,-0.028273,0.028314,0.056588,0.142812,0.167863,0.025051,-0.041622,0.042934,0.084555,-0.039065,0.039878,0.078944,0.027484,0.066688,0.039204,-0.006478,0.006264,0.012742,0.031183,0.044648,0.013465,-0.052677,0.053381,0.106058,-0.083693,0.211379,0.295072,-0.003215,0.003217,0.006432,-0.020295,0.020944,0.041239,0.003159,0.073938,0.070779,-0.016383,0.016233,0.032616,0.1416,0.374743,0.233143,0.006063,0.088461,0.082398,-0.236323,0.237188,0.473511,0.122179,0.188493,0.066314,Energy,Technology,Growth,Quality Growth
2023-11-30,-0.071515,0.07164,0.143155,0.123663,0.261856,0.138194,-0.023542,0.028153,0.051695,0.199983,0.222525,0.022542,-0.042666,0.042911,0.085577,-0.036232,0.039229,0.075461,-0.005278,0.032329,0.037607,-0.006315,0.006277,0.012591,-0.006727,0.007278,0.014006,-0.056714,0.056322,0.113035,-0.07173,0.228541,0.300271,-0.002927,0.002939,0.005866,-0.020251,0.021352,0.041603,-0.028736,0.036277,0.065013,-0.017053,0.017544,0.034597,0.149584,0.390813,0.24123,-0.027596,0.0538,0.081396,-0.236085,0.23701,0.473095,0.180138,0.243204,0.063066,Energy,Technology,Value,Quality Growth
2023-12-30,-0.073117,0.073165,0.146282,0.053208,0.19261,0.139402,-0.022074,0.028659,0.050733,0.199988,0.221051,0.021063,-0.042804,0.044043,0.086847,-0.03437,0.038595,0.072965,-0.006446,0.032649,0.039094,-0.005999,0.006423,0.012422,-0.007157,0.007284,0.014441,-0.060185,0.060209,0.120395,0.001885,0.292372,0.290488,-0.002928,0.00294,0.005868,-0.021615,0.02238,0.043995,-0.026778,0.036281,0.063059,-0.019126,0.019241,0.038367,0.146444,0.38885,0.242406,-0.026883,0.05454,0.081423,-0.230942,0.235988,0.46693,0.1789,0.242721,0.06382,Energy,Communication,Value,Quality Growth
2024-01-31,-0.074444,0.074424,0.148868,0.058857,0.18777,0.128913,-0.025265,0.027112,0.052377,0.200011,0.221044,0.021032,-0.043787,0.043686,0.087472,-0.035132,0.040073,0.075206,-0.017405,0.02034,0.037745,-0.005387,0.006423,0.01181,-0.006199,0.007285,0.013484,-0.066056,0.066237,0.132293,0.0174,0.302665,0.285265,-0.002593,0.002941,0.005534,-0.019876,0.021009,0.040884,-0.028705,0.033822,0.062527,-0.019853,0.019695,0.039548,0.151491,0.401898,0.250407,-0.036088,0.042277,0.078365,-0.225448,0.238692,0.46414,0.178479,0.242607,0.064129,Energy,Communication,Value,Quality Growth
2024-02-29,-0.071564,0.078053,0.149617,-0.012984,0.120715,0.133699,-0.024126,0.02711,0.051236,0.199986,0.219641,0.019655,-0.042042,0.04282,0.084862,0.024952,0.100063,0.075111,-0.016104,0.020384,0.036488,-0.0056,0.00618,0.011779,-0.006317,0.006893,0.01321,-0.073964,0.074428,0.148392,0.029686,0.30077,0.271085,-0.001924,0.002942,0.004866,-0.018457,0.020943,0.0394,-0.026068,0.033396,0.059464,-0.01976,0.01956,0.03932,0.068922,0.344318,0.275396,0.025948,0.100712,0.074764,-0.20929,0.240102,0.449392,0.178704,0.240969,0.062265,Energy,Semiconductors,Value,Quality Growth
2024-03-30,-0.075909,0.076163,0.152072,-0.00768,0.120519,0.1282,-0.023726,0.026901,0.050628,0.198442,0.219647,0.021205,-0.042487,0.042583,0.08507,0.093003,0.168007,0.075004,-0.017111,0.020597,0.037708,-0.006159,0.006208,0.012366,-0.005822,0.006658,0.01248,-0.080032,0.079695,0.159727,-0.029787,0.230259,0.260046,-0.002732,0.002763,0.005495,-0.021923,0.021915,0.043838,-0.026376,0.033155,0.05953,-0.019232,0.019585,0.038817,-0.000268,0.278105,0.278373,0.094988,0.168393,0.073405,-0.203483,0.23717,0.440653,0.176294,0.241677,0.065383,Energy,Semiconductors,Value,Quality Growth
2024-04-30,-0.077605,0.07845,0.156055,-0.008413,0.120628,0.129041,-0.025088,0.027051,0.052139,0.125186,0.147325,0.022138,-0.041642,0.042551,0.084192,0.162341,0.237404,0.075063,-0.01704,0.020877,0.037917,-0.006279,0.006227,0.012506,-0.0043,0.006465,0.010765,-0.077348,0.079864,0.157212,-0.026716,0.230287,0.257003,-0.003096,0.002872,0.005968,-0.020815,0.02215,0.042965,-0.027731,0.033367,0.061098,-0.019619,0.019692,0.039311,0.000957,0.278771,0.277814,0.166561,0.237067,0.070506,-0.203253,0.239667,0.44292,0.103901,0.169286,0.065385,Healthcare,Communication,Quality,Quality Growth
2024-05-31,-0.077518,0.078836,0.156354,-0.00165,0.118405,0.120055,-0.024536,0.027937,0.052472,0.051449,0.07454,0.023091,-0.037951,0.0426,0.080551,0.16466,0.237404,0.072744,0.050615,0.086644,0.036029,-0.005469,0.006241,0.011711,-0.004572,0.006465,0.011037,-0.082686,0.087251,0.169937,-0.028972,0.230293,0.259264,-0.003371,0.003384,0.006755,0.047369,0.087916,0.040547,-0.026182,0.034344,0.060527,-0.018454,0.019694,0.038148,-0.000299,0.283999,0.284298,0.170215,0.237069,0.066855,-0.204243,0.24043,0.444673,0.031595,0.096547,0.064952,Healthcare,Semiconductors,Quality,Quality Growth
2024-06-29,-0.07755,0.077602,0.155152,-0.003828,0.117952,0.12178,-0.023015,0.027382,0.050397,-0.000918,0.020478,0.021396,-0.036882,0.037739,0.074622,0.16418,0.237454,0.073274,0.121826,0.154994,0.033168,-0.005389,0.005406,0.010795,-0.004197,0.006153,0.01035,-0.089964,0.089716,0.17968,-0.042053,0.221738,0.263791,-0.00221,0.003385,0.005595,0.116014,0.156115,0.040101,-0.024069,0.032295,0.056364,-0.020445,0.020683,0.041128,-0.006751,0.286729,0.293479,0.171791,0.235793,0.064002,-0.216707,0.227034,0.443742,-0.019832,0.041351,0.061184,Healthcare,Semiconductors,Quality,Quality Growth
2024-07-31,-0.073656,0.074195,0.147851,-0.06178,0.064147,0.125927,-0.022674,0.02764,0.050314,-0.008392,0.013885,0.022277,-0.039306,0.03964,0.078946,0.163745,0.237465,0.07372,0.119573,0.154019,0.034446,-0.005553,0.005386,0.01094,-0.005118,0.006436,0.011554,-0.015791,0.157008,0.172799,-0.048003,0.217131,0.265134,-0.003046,0.003049,0.006095,0.187159,0.226348,0.039189,-0.027014,0.031684,0.058697,-0.02111,0.020802,0.041912,-0.056847,0.229692,0.28654,0.166236,0.236133,0.069897,-0.21897,0.219487,0.438457,-0.029453,0.035855,0.065308,Healthcare,Communication,Cyclical,Quality Growth
2024-08-31,-0.071186,0.076392,0.147578,-0.056251,0.063022,0.119274,-0.025039,0.029043,0.054082,-0.007676,0.013885,0.021561,-0.04002,0.040416,0.080436,0.158425,0.238809,0.080384,0.119197,0.154096,0.034899,-0.005499,0.005626,0.011125,-0.005151,0.006478,0.011628,0.055615,0.225513,0.169898,-0.119189,0.143643,0.262832,-0.003227,0.003077,0.006304,0.258135,0.294899,0.036764,-0.029283,0.033065,0.062348,-0.021428,0.021258,0.042686,-0.130066,0.156014,0.28608,0.165945,0.236419,0.070474,-0.213974,0.22217,0.436144,-0.029329,0.036175,0.065504,Healthcare,Technology,Cyclical,Quality Growth
2024-09-30,-0.075012,0.074983,0.149995,-0.062548,0.064045,0.126593,-0.024737,0.029021,0.053758,-0.009736,0.011093,0.02083,-0.036892,0.040329,0.077221,0.161962,0.236945,0.074983,0.064866,0.100827,0.035962,-0.005594,0.005514,0.011108,-0.005865,0.005738,0.011603,0.127057,0.295523,0.168467,-0.130194,0.132842,0.263036,-0.003305,0.003139,0.006444,0.274458,0.310747,0.03629,-0.029527,0.033398,0.062925,-0.021347,0.021774,0.043121,-0.142518,0.146424,0.288942,0.165693,0.235455,0.069762,-0.218109,0.218813,0.436922,-0.028651,0.033389,0.06204,Healthcare,Technology,Cyclical,Quality Growth
2024-10-31,-0.076723,0.076823,0.153547,-0.061627,0.063575,0.125203,-0.024364,0.029126,0.053489,-0.009831,0.011108,0.020939,-0.039033,0.040662,0.079695,0.163725,0.236058,0.072333,-0.003473,0.032101,0.035574,-0.004989,0.005518,0.010507,-0.005205,0.005777,0.010982,0.190869,0.367878,0.177009,-0.126415,0.128232,0.254647,-0.002933,0.003141,0.006074,0.274053,0.309539,0.035485,-0.027978,0.033503,0.061481,-0.020465,0.022175,0.042641,-0.147792,0.150413,0.298205,0.168056,0.235486,0.06743,-0.215311,0.21548,0.430791,-0.030563,0.033404,0.063967,Semiconductors,Technology,Cyclical,Quality Growth
2024-11-30,-0.070404,0.077588,0.147991,-0.068352,0.070429,0.138781,0.00568,0.062017,0.056337,-0.008931,0.01114,0.020071,-0.041555,0.040972,0.082527,0.199988,0.267584,0.067597,-0.004526,0.032299,0.036826,-0.004476,0.005512,0.009988,-0.004877,0.005826,0.010702,0.125148,0.294163,0.169014,-0.125124,0.129332,0.254456,-0.002571,0.003138,0.005709,0.20315,0.236913,0.033763,0.00388,0.066091,0.062211,-0.017471,0.022268,0.03974,-0.153702,0.156821,0.310523,0.167181,0.235486,0.068305,-0.20619,0.215986,0.422176,0.003153,0.066435,0.063282,Healthcare,Technology,Cyclical,Quality Growth
2024-12-31,-0.07554,0.078731,0.154271,-0.070995,0.074852,0.145847,0.008945,0.062017,0.053072,-0.006956,0.011147,0.018103,-0.038649,0.041078,0.079727,0.199998,0.26173,0.061732,-0.001026,0.032334,0.03336,-0.003316,0.005512,0.008828,-0.003801,0.005826,0.009627,0.119686,0.292276,0.17259,-0.126362,0.131359,0.257721,-0.001984,0.003138,0.005123,0.203186,0.233747,0.030562,0.00783,0.06609,0.05826,-0.024211,0.02517,0.049381,-0.153581,0.15831,0.311891,0.174656,0.235592,0.060936,-0.211168,0.218863,0.430031,0.003288,0.062227,0.058939,Healthcare,Technology,Cyclical,Quality Growth
2025-01-31,-0.083947,0.084726,0.168673,-0.073727,0.077178,0.150905,0.007248,0.06235,0.055102,0.056917,0.074673,0.017757,-0.042212,0.042616,0.084827,0.198249,0.262212,0.063963,-0.001435,0.032558,0.033992,-0.003911,0.005107,0.009018,-0.004093,0.00574,0.009834,0.06157,0.218132,0.156562,-0.11277,0.13157,0.24434,-0.001889,0.003138,0.005028,0.127645,0.159408,0.031763,0.00741,0.066423,0.059013,-0.021978,0.025074,0.047051,-0.143295,0.161793,0.305088,0.17201,0.235627,0.063617,-0.206642,0.225209,0.431851,0.06485,0.126467,0.061617,Healthcare,Technology,Quality,Quality Growth
2025-02-28,-0.079748,0.079651,0.159399,-0.067297,0.067304,0.134601,-0.002638,0.05625,0.058888,0.055812,0.074703,0.018891,-0.044396,0.044381,0.088777,0.166546,0.235757,0.069211,-0.015181,0.017973,0.033154,-0.004878,0.004808,0.009686,-0.005377,0.005297,0.010674,0.1248,0.286287,0.161487,-0.125088,0.125039,0.250127,-0.002554,0.00255,0.005104,0.11481,0.146758,0.031948,-0.003773,0.058697,0.06247,-0.020964,0.025683,0.046647,-0.076882,0.222868,0.29975,0.169833,0.232577,0.062745,-0.21565,0.215562,0.431211,0.032626,0.097854,0.065229,Healthcare,Technology,Quality,Quality Growth
2025-03-31,-0.077376,0.078464,0.15584,-0.065993,0.066007,0.132,-0.002913,0.055573,0.058487,0.015348,0.037153,0.021805,-0.045485,0.045427,0.090913,0.199999,0.272172,0.072173,-0.015989,0.018216,0.034205,-0.00526,0.005285,0.010546,-0.005509,0.005521,0.01103,0.132383,0.286811,0.154428,-0.126411,0.126564,0.252974,-0.002794,0.002806,0.0056,0.113746,0.147475,0.033729,-0.005355,0.059117,0.064472,0.050322,0.09491,0.044588,-0.069048,0.221245,0.290293,0.133185,0.200584,0.067398,-0.214639,0.215742,0.430381,-0.008211,0.060928,0.069139,Healthcare,Technology,Quality,Quality Growth
2025-04-30,-0.075873,0.080088,0.155961,-0.064389,0.067362,0.131752,-0.003803,0.057267,0.061071,0.017781,0.03718,0.019398,-0.043981,0.045427,0.089408,0.199999,0.269497,0.069498,-0.015756,0.0187,0.034456,-0.004868,0.005285,0.010153,-0.005363,0.005579,0.010942,0.122722,0.280243,0.157522,-0.12402,0.130565,0.254585,-0.002447,0.002806,0.005254,0.179164,0.212384,0.03322,-0.006007,0.0605,0.066507,0.047212,0.09491,0.047698,-0.142905,0.155723,0.298628,0.135913,0.197233,0.06132,-0.208508,0.21884,0.427348,-0.004868,0.060411,0.065279,Healthcare,Technology,Cyclical,Quality Growth
2025-05-31,-0.078264,0.080767,0.159031,-0.067304,0.069706,0.13701,-0.000937,0.057267,0.058205,0.019765,0.037175,0.01741,0.019015,0.106984,0.087969,0.196142,0.250923,0.054781,-0.015924,0.019067,0.034991,-0.004461,0.005255,0.009716,-0.004678,0.005573,0.010251,0.050851,0.229691,0.178839,-0.11164,0.135027,0.246667,-0.002565,0.002565,0.005131,0.121802,0.156561,0.034759,-0.002243,0.06026,0.062503,0.044379,0.096108,0.051729,-0.149124,0.162628,0.311751,0.185371,0.240215,0.054844,-0.198951,0.223822,0.422773,-0.001234,0.060406,0.06164,Healthcare,Technology,Quality,Quality Growth
2025-06-30,-0.077672,0.083161,0.160833,-0.060709,0.069708,0.130417,0.004356,0.057269,0.052913,0.01995,0.037177,0.017227,0.085581,0.171057,0.085476,0.123842,0.177029,0.053187,-0.015842,0.019189,0.035031,-0.004143,0.005261,0.009405,-0.003762,0.005576,0.009338,0.038656,0.235909,0.197254,-0.108076,0.136096,0.244172,-0.00218,0.002567,0.004747,0.118811,0.156646,0.037835,0.003206,0.060265,0.057059,0.043633,0.097572,0.053938,-0.151441,0.167678,0.319119,0.177424,0.230031,0.052607,-0.190037,0.227036,0.417074,-0.001595,0.060773,0.062368,Healthcare,Technology,Quality,Quality Growth
2025-07-31,-0.077197,0.083272,0.160469,-0.062707,0.066803,0.12951,0.007781,0.05727,0.04949,0.020161,0.037178,0.017017,0.088216,0.171154,0.082937,0.129404,0.177031,0.047627,-0.015661,0.019865,0.035526,-0.003534,0.005221,0.008755,-0.00322,0.005578,0.008798,-0.03834,0.171423,0.209762,-0.042802,0.202638,0.245441,-0.0021,0.002568,0.004668,0.047451,0.086279,0.038827,0.00631,0.060268,0.053957,0.043565,0.098069,0.054504,-0.089256,0.235429,0.324685,0.181088,0.230106,0.049018,-0.188676,0.229052,0.417729,-0.000482,0.060797,0.061279,Healthcare,Communication,Quality,Quality Growth
2025-08-30,-0.077751,0.086791,0.164542,-0.06257,0.067892,0.130462,0.008235,0.057274,0.049039,0.020184,0.037181,0.016997,0.087887,0.171218,0.083331,0.120636,0.170235,0.049599,-0.01432,0.019269,0.033589,-0.00383,0.005229,0.009059,-0.003582,0.005239,0.00882,-0.09891,0.104473,0.203384,0.026354,0.272866,0.246512,-0.002333,0.002334,0.004667,-0.017953,0.019327,0.03728,0.006107,0.06004,0.053933,0.036403,0.091255,0.054852,-0.011273,0.306348,0.31762,0.178074,0.229818,0.051744,-0.190048,0.232398,0.422447,-0.001311,0.060813,0.062124,Healthcare,Semiconductors,Quality,Quality Growth
2025-09-30,-0.075437,0.089965,0.165402,-0.059015,0.072936,0.131951,0.009979,0.057278,0.047299,-0.007731,0.008087,0.015818,0.092598,0.171239,0.078641,0.075329,0.124769,0.049439,-0.014038,0.01948,0.033518,-0.003213,0.005079,0.008292,-0.002974,0.005211,0.008185,-0.103203,0.107046,0.210249,0.089998,0.336585,0.246587,-0.002293,0.002326,0.004619,-0.019445,0.020999,0.040444,0.007736,0.06004,0.052304,0.036319,0.092389,0.05607,0.05509,0.374926,0.319836,0.134884,0.18432,0.049436,-0.185142,0.235588,0.42073,-0.029442,0.031739,0.061181,Financials,Semiconductors,Quality,Quality Growth
2025-10-31,-0.07561,0.086299,0.16191,-0.060188,0.072941,0.13313,0.013223,0.05728,0.044057,-0.007217,0.007822,0.015038,0.098025,0.171244,0.073219,0.008008,0.057882,0.049873,-0.012842,0.020437,0.033279,-0.002115,0.005083,0.007198,-0.002817,0.005213,0.00803,-0.113764,0.113679,0.227442,0.157733,0.399776,0.242043,-0.002438,0.002344,0.004782,-0.022613,0.024885,0.047498,0.011036,0.060062,0.049026,-0.026342,0.03145,0.057792,0.108046,0.440374,0.332328,0.135095,0.179848,0.044752,-0.179732,0.231905,0.411637,-0.025491,0.031477,0.056967,Technology,Semiconductors,Quality,Quality Growth
2025-11-29,-0.084838,0.090769,0.175607,-0.059609,0.068162,0.127771,0.005935,0.052266,0.046331,-0.007292,0.007858,0.01515,0.094885,0.168257,0.073372,-0.02852,0.028342,0.056862,-0.013917,0.018787,0.032704,-0.003615,0.003576,0.007191,-0.003228,0.004745,0.007973,-0.106525,0.106375,0.2129,0.209389,0.448428,0.239038,-0.002665,0.002436,0.005101,-0.022534,0.024395,0.04693,0.004992,0.05665,0.051659,-0.03157,0.03141,0.06298,0.180048,0.491599,0.311551,0.104048,0.148133,0.044085,-0.207551,0.217175,0.424726,-0.027433,0.030637,0.05807,Technology,Semiconductors,Growth,Quality Growth
2025-12-31,-0.082793,0.089987,0.17278,-0.059251,0.068845,0.128097,0.006849,0.052317,0.045468,-0.007344,0.008212,0.015556,0.026324,0.102411,0.076087,-0.02833,0.028328,0.056658,-0.014312,0.018269,0.032581,-0.003818,0.003886,0.007704,-0.003096,0.004795,0.007891,-0.108254,0.108879,0.217133,0.27639,0.5117,0.23531,-0.002365,0.002369,0.004735,-0.025354,0.027836,0.05319,0.005553,0.056577,0.051024,-0.027525,0.027673,0.055198,0.241542,0.56031,0.318768,0.037444,0.08162,0.044176,-0.203347,0.214711,0.418058,-0.028313,0.031273,0.059586,Technology,Semiconductors,Growth,Quality Growth
2026-01-31,-0.089766,0.090284,0.18005,-0.008007,0.124793,0.1328,0.005165,0.053035,0.047871,-0.008612,0.009256,0.017867,0.005786,0.077459,0.071674,-0.025437,0.02721,0.052648,-0.017431,0.019311,0.036741,-0.004177,0.004171,0.008348,-0.003183,0.004848,0.008031,-0.113932,0.113916,0.227848,0.262143,0.473169,0.211027,-0.002549,0.002547,0.005096,-0.033252,0.034009,0.067261,0.003465,0.057457,0.053992,-0.025743,0.026294,0.052037,0.255903,0.572682,0.316779,0.012777,0.057335,0.044558,-0.18568,0.219785,0.405465,-0.027471,0.032438,0.059909,Technology,Semiconductors,Growth,Quality Growth
2026-02-28,-0.081193,0.091212,0.172405,0.062419,0.187301,0.124882,0.002077,0.054952,0.052874,-0.009482,0.010022,0.019503,0.007123,0.077468,0.070345,-0.027121,0.027827,0.054949,-0.021592,0.021165,0.042757,-0.004835,0.004655,0.00949,-0.00393,0.005196,0.009126,-0.110713,0.117962,0.228675,0.190162,0.399593,0.209431,-0.002915,0.002648,0.005563,-0.041077,0.040945,0.082023,-0.000593,0.058825,0.059418,-0.02594,0.026362,0.052302,0.259195,0.561702,0.302507,0.01183,0.05844,0.04661,-0.17488,0.220466,0.395346,-0.028535,0.033258,0.061793,Technology,Semiconductors,Growth,Quality Growth
2026-03-07,-0.079862,0.091565,0.171427,0.134139,0.260937,0.126798,0.003085,0.054961,0.051876,-0.009794,0.010058,0.019852,0.007367,0.077472,0.070104,-0.025981,0.027898,0.053878,-0.01968,0.021235,0.040915,-0.004343,0.004657,0.008999,-0.003743,0.005192,0.008935,-0.107462,0.118828,0.226291,0.109088,0.324506,0.215418,-0.002814,0.002693,0.005507,-0.03164,0.040954,0.072593,0.000545,0.058876,0.058331,-0.027555,0.027309,0.054864,0.251859,0.560547,0.308688,0.013075,0.05849,0.045415,-0.177947,0.220472,0.398419,-0.028338,0.033351,0.061689,Consumer Disc.,Semiconductors,Growth,Quality Growth
